source_row,forecast_time,target_time,actual,FINAL,BG_BGparams,HS_HSparams
16992,2021-06-27 00:15:00,2021-06-27 00:30:00,23.0,23.2563888888889,23.290999999999993,22.863636363636363
16993,2021-06-27 00:30:00,2021-06-27 00:45:00,23.0,23.268333333333327,23.309055555555553,22.554545454545455
16994,2021-06-27 00:45:00,2021-06-27 01:00:00,23.0,23.160333333333327,23.15072222222222,22.581818181818182
16995,2021-06-27 01:00:00,2021-06-27 01:15:00,23.0,23.02192857142858,23.21244444444444,22.936363636363637
16996,2021-06-27 01:15:00,2021-06-27 01:30:00,23.0,23.17794444444445,23.13661111111111,22.845454545454544
16997,2021-06-27 01:30:00,2021-06-27 01:45:00,23.0,23.064277777777786,23.210944444444447,23.25
16998,2021-06-27 01:45:00,2021-06-27 02:00:00,23.0,23.21827777777779,23.301999999999996,22.977272727272727
16999,2021-06-27 02:00:00,2021-06-27 02:15:00,23.0,23.01808730158731,23.316666666666656,22.777272727272727
17000,2021-06-27 02:15:00,2021-06-27 02:30:00,23.0,23.180277777777775,23.179611111111114,22.6
17001,2021-06-27 02:30:00,2021-06-27 02:45:00,24.0,23.382777777777772,23.676166666666663,22.75
17002,2021-06-27 02:45:00,2021-06-27 03:00:00,24.0,24.602055555555566,24.371388888888895,25.613636363636363
17003,2021-06-27 03:00:00,2021-06-27 03:15:00,27.0,24.174722222222215,24.47022222222223,25.022727272727273
17004,2021-06-27 03:15:00,2021-06-27 03:30:00,24.0,24.617611111111106,24.18727777777778,24.14090909090909
17005,2021-06-27 03:30:00,2021-06-27 03:45:00,23.0,23.032111111111124,23.052777777777784,22.87727272727273
17006,2021-06-27 03:45:00,2021-06-27 04:00:00,24.0,22.806111111111115,22.977666666666664,22.95
17007,2021-06-27 04:00:00,2021-06-27 04:15:00,22.0,23.662388888888888,23.706777777777795,23.9
17008,2021-06-27 04:15:00,2021-06-27 04:30:00,22.0,22.23583333333332,22.26655555555555,22.154545454545456
17009,2021-06-27 04:30:00,2021-06-27 04:45:00,23.0,22.259535353535355,22.27925925925926,22.55909090909091
17010,2021-06-27 04:45:00,2021-06-27 05:00:00,23.0,23.104888888888876,22.735444444444443,23.954545454545453
17011,2021-06-27 05:00:00,2021-06-27 05:15:00,22.0,22.89283333333332,22.924111111111106,23.20909090909091
17012,2021-06-27 05:15:00,2021-06-27 05:30:00,23.0,22.456253968253975,22.63488888888889,22.21818181818182
17013,2021-06-27 05:30:00,2021-06-27 05:45:00,23.0,23.509436507936503,23.39333333333334,23.472727272727273
17014,2021-06-27 05:45:00,2021-06-27 06:00:00,24.0,24.841444444444434,24.695944444444446,24.65909090909091
17015,2021-06-27 06:00:00,2021-06-27 06:15:00,27.0,25.292499999999986,25.49477777777778,25.60909090909091
17016,2021-06-27 06:15:00,2021-06-27 06:30:00,24.0,24.3196111111111,23.687611111111117,23.936363636363637
17017,2021-06-27 06:30:00,2021-06-27 06:45:00,23.0,22.73872222222222,22.73255555555556,22.822727272727274
17018,2021-06-27 06:45:00,2021-06-27 07:00:00,24.0,22.767166666666665,22.951666666666668,23.068181818181817
17019,2021-06-27 07:00:00,2021-06-27 07:15:00,23.0,24.882333333333342,23.877444444444457,23.945454545454545
17020,2021-06-27 07:15:00,2021-06-27 07:30:00,23.0,23.28277777777778,23.242944444444447,23.186363636363637
17021,2021-06-27 07:30:00,2021-06-27 07:45:00,23.0,23.165527777777772,23.04094444444444,23.26818181818182
17022,2021-06-27 07:45:00,2021-06-27 08:00:00,23.0,23.4685,22.921999999999997,23.754545454545454
17023,2021-06-27 08:00:00,2021-06-27 08:15:00,23.0,24.113722222222215,23.315166666666663,23.345454545454544
17024,2021-06-27 08:15:00,2021-06-27 08:30:00,23.0,23.278444444444457,23.131277777777775,23.254545454545454
17025,2021-06-27 08:30:00,2021-06-27 08:45:00,23.0,23.640722222222223,23.697666666666663,23.545454545454547
17026,2021-06-27 08:45:00,2021-06-27 09:00:00,26.0,24.250746031746033,24.07022222222222,23.886363636363637
17027,2021-06-27 09:00:00,2021-06-27 09:15:00,28.0,29.16546825396826,30.420944444444448,26.71818181818182
17028,2021-06-27 09:15:00,2021-06-27 09:30:00,26.0,24.60943650793651,23.871722222222214,25.936363636363637
17029,2021-06-27 09:30:00,2021-06-27 09:45:00,24.0,23.637690476190496,23.357222222222216,22.986363636363638
17030,2021-06-27 09:45:00,2021-06-27 10:00:00,24.0,23.171166666666664,23.388499999999997,22.722727272727273
17031,2021-06-27 10:00:00,2021-06-27 10:15:00,24.0,23.6848888888889,24.589277777777777,23.34090909090909
17032,2021-06-27 10:15:00,2021-06-27 10:30:00,24.0,23.60611111111112,23.877000000000002,23.827272727272728
17033,2021-06-27 10:30:00,2021-06-27 10:45:00,24.0,24.006388888888896,23.89833333333334,23.904545454545456
17034,2021-06-27 10:45:00,2021-06-27 11:00:00,24.0,24.126166666666673,24.126,24.240909090909092
17035,2021-06-27 11:00:00,2021-06-27 11:15:00,24.0,23.858111111111125,24.190944444444455,23.886363636363637
17036,2021-06-27 11:15:00,2021-06-27 11:30:00,24.0,23.759055555555562,23.918166666666664,23.895454545454545
17037,2021-06-27 11:30:00,2021-06-27 11:45:00,24.0,24.78483333333333,24.89966666666667,24.14090909090909
17038,2021-06-27 11:45:00,2021-06-27 12:00:00,24.0,25.148833333333332,25.41494444444445,24.46818181818182
17039,2021-06-27 12:00:00,2021-06-27 12:15:00,27.0,24.304611111111107,24.66788888888888,23.9
17040,2021-06-27 12:15:00,2021-06-27 12:30:00,31.0,23.862920634920638,23.97605555555555,23.51818181818182
17041,2021-06-27 12:30:00,2021-06-27 12:45:00,23.0,42.32451587301588,46.10405555555558,42.304545454545455
17042,2021-06-27 12:45:00,2021-06-27 13:00:00,24.0,24.79394841269842,25.249944444444445,24.45
17043,2021-06-27 13:00:00,2021-06-27 13:15:00,24.0,24.80522222222223,26.056944444444444,23.777272727272727
17044,2021-06-27 13:15:00,2021-06-27 13:30:00,24.0,24.473888888888897,25.125500000000002,23.077272727272728
17045,2021-06-27 13:30:00,2021-06-27 13:45:00,24.0,24.026722222222226,24.035222222222224,24.181818181818183
17046,2021-06-27 13:45:00,2021-06-27 14:00:00,24.0,24.14616666666667,24.233944444444443,24.181818181818183
17047,2021-06-27 14:00:00,2021-06-27 14:15:00,24.0,24.407444444444447,24.639444444444447,24.022727272727273
17048,2021-06-27 14:15:00,2021-06-27 14:30:00,24.0,24.092666666666673,24.06927777777778,23.795454545454547
17049,2021-06-27 14:30:00,2021-06-27 14:45:00,24.0,24.141833333333334,24.339277777777777,23.854545454545455
17050,2021-06-27 14:45:00,2021-06-27 15:00:00,24.0,24.676444444444446,24.92,24.063636363636363
17051,2021-06-27 15:00:00,2021-06-27 15:15:00,24.0,24.58383333333333,25.023999999999994,24.78181818181818
17052,2021-06-27 15:15:00,2021-06-27 15:30:00,29.0,25.39244444444444,25.795277777777784,23.84090909090909
17053,2021-06-27 15:30:00,2021-06-27 15:45:00,28.0,28.06888095238095,28.86916666666666,28.995454545454546
17054,2021-06-27 15:45:00,2021-06-27 16:00:00,24.0,24.21722222222222,24.61872222222222,25.54090909090909
17055,2021-06-27 16:00:00,2021-06-27 16:15:00,24.0,24.391666666666662,24.30627777777777,22.990909090909092
17056,2021-06-27 16:15:00,2021-06-27 16:30:00,24.0,23.982444444444443,24.188222222222223,23.104545454545455
17057,2021-06-27 16:30:00,2021-06-27 16:45:00,24.0,23.703555555555564,23.80561111111111,23.336363636363636
17058,2021-06-27 16:45:00,2021-06-27 17:00:00,24.0,24.058722222222226,24.051888888888886,23.922727272727272
17059,2021-06-27 17:00:00,2021-06-27 17:15:00,24.0,24.492055555555567,24.61988888888889,23.95909090909091
17060,2021-06-27 17:15:00,2021-06-27 17:30:00,24.0,24.199555555555552,24.07666666666667,23.581818181818182
17061,2021-06-27 17:30:00,2021-06-27 17:45:00,24.0,23.604611111111115,23.67466666666667,23.686363636363637
17062,2021-06-27 17:45:00,2021-06-27 18:00:00,24.0,24.05061111111112,24.053833333333333,23.754545454545454
17063,2021-06-27 18:00:00,2021-06-27 18:15:00,24.0,24.59989682539683,25.03355555555555,23.70909090909091
17064,2021-06-27 18:15:00,2021-06-27 18:30:00,24.0,25.518999999999995,25.691277777777785,23.28181818181818
17065,2021-06-27 18:30:00,2021-06-27 18:45:00,26.0,25.368055555555554,25.47183333333334,23.45
17066,2021-06-27 18:45:00,2021-06-27 19:00:00,28.0,25.904849206349216,27.04177777777779,25.7
17067,2021-06-27 19:00:00,2021-06-27 19:15:00,25.0,24.569444444444454,25.12833333333333,24.077272727272728
17068,2021-06-27 19:15:00,2021-06-27 19:30:00,25.0,23.53677777777779,23.276722222222226,23.172727272727272
17069,2021-06-27 19:30:00,2021-06-27 19:45:00,24.0,23.85740476190477,24.102944444444443,23.76818181818182
17070,2021-06-27 19:45:00,2021-06-27 20:00:00,23.0,23.44155555555556,23.595888888888894,22.963636363636365
17071,2021-06-27 20:00:00,2021-06-27 20:15:00,24.0,23.3058888888889,24.246888888888893,23.072727272727274
17072,2021-06-27 20:15:00,2021-06-27 20:30:00,24.0,23.730388888888893,23.90422222222222,24.154545454545456
17073,2021-06-27 20:30:00,2021-06-27 20:45:00,24.0,23.845777777777787,23.86055555555556,24.081818181818182
17074,2021-06-27 20:45:00,2021-06-27 21:00:00,24.0,23.846055555555566,23.81672222222223,24.927272727272726
17075,2021-06-27 21:00:00,2021-06-27 21:15:00,24.0,23.666388888888896,24.429222222222226,23.94090909090909
17076,2021-06-27 21:15:00,2021-06-27 21:30:00,24.0,24.531666666666666,24.59500000000001,23.836363636363636
17077,2021-06-27 21:30:00,2021-06-27 21:45:00,24.0,25.007833333333327,25.20572222222223,23.73181818181818
17078,2021-06-27 21:45:00,2021-06-27 22:00:00,24.0,25.09527777777778,25.246388888888895,23.786363636363635
17079,2021-06-27 22:00:00,2021-06-27 22:15:00,29.0,23.960333333333335,24.60216666666667,23.686363636363637
17080,2021-06-27 22:15:00,2021-06-27 22:30:00,27.0,27.95346825396827,29.19683333333333,27.318181818181817
17081,2021-06-27 22:30:00,2021-06-27 22:45:00,24.0,23.900384920634938,24.261,26.927272727272726
17082,2021-06-27 22:45:00,2021-06-27 23:00:00,24.0,23.62816666666666,23.74077777777778,23.259090909090908
17083,2021-06-27 23:00:00,2021-06-27 23:15:00,24.0,23.81877777777778,24.961111111111105,23.286363636363635
17084,2021-06-27 23:15:00,2021-06-27 23:30:00,24.0,24.39022222222223,24.38394444444444,23.30909090909091
17085,2021-06-27 23:30:00,2021-06-27 23:45:00,24.0,24.598611111111115,24.407833333333333,23.79090909090909
17086,2021-06-27 23:45:00,2021-06-28 00:00:00,24.0,26.12416666666667,24.203333333333337,24.645454545454545
17087,2021-06-28 00:00:00,2021-06-28 00:15:00,24.0,27.672666666666675,26.293388888888888,24.395454545454545
17088,2021-06-28 00:15:00,2021-06-28 00:30:00,23.0,24.18044444444445,24.226666666666667,24.004545454545454
17089,2021-06-28 00:30:00,2021-06-28 00:45:00,24.0,23.41767460317461,24.006444444444433,23.363636363636363
17090,2021-06-28 00:45:00,2021-06-28 01:00:00,24.0,25.2638888888889,25.63500000000001,24.245454545454546
17091,2021-06-28 01:00:00,2021-06-28 01:15:00,23.0,24.403611111111115,24.871222222222215,24.695454545454545
17092,2021-06-28 01:15:00,2021-06-28 01:30:00,26.0,23.710833333333344,24.107666666666667,23.404545454545456
17093,2021-06-28 01:30:00,2021-06-28 01:45:00,28.0,27.03977777777778,27.502611111111115,27.2
17094,2021-06-28 01:45:00,2021-06-28 02:00:00,25.0,25.503896825396833,25.420055555555567,25.21818181818182
17095,2021-06-28 02:00:00,2021-06-28 02:15:00,23.0,24.072666666666663,25.246555555555553,22.94090909090909
17096,2021-06-28 02:15:00,2021-06-28 02:30:00,24.0,23.022833333333327,23.346888888888884,22.818181818181817
17097,2021-06-28 02:30:00,2021-06-28 02:45:00,24.0,23.96605555555556,23.95405555555556,24.15909090909091
17098,2021-06-28 02:45:00,2021-06-28 03:00:00,25.0,24.05916666666668,24.196944444444437,24.35909090909091
17099,2021-06-28 03:00:00,2021-06-28 03:15:00,23.0,24.970769841269856,25.269888888888893,24.786363636363635
17100,2021-06-28 03:15:00,2021-06-28 03:30:00,24.0,23.18861111111111,23.41233333333333,22.986363636363638
17101,2021-06-28 03:30:00,2021-06-28 03:45:00,24.0,23.988777777777795,24.236777777777778,24.177272727272726
17102,2021-06-28 03:45:00,2021-06-28 04:00:00,23.0,23.618777777777794,23.712888888888894,24.35
17103,2021-06-28 04:00:00,2021-06-28 04:15:00,24.0,23.31811111111112,23.868444444444435,22.913636363636364
17104,2021-06-28 04:15:00,2021-06-28 04:30:00,24.0,24.37516666666667,24.455666666666676,24.35
17105,2021-06-28 04:30:00,2021-06-28 04:45:00,26.0,25.02333333333334,25.21461111111112,24.30909090909091
17106,2021-06-28 04:45:00,2021-06-28 05:00:00,28.0,26.925769841269858,27.64705555555556,26.177272727272726
17107,2021-06-28 05:00:00,2021-06-28 05:15:00,24.0,25.85561111111113,24.620666666666665,23.89090909090909
17108,2021-06-28 05:15:00,2021-06-28 05:30:00,23.0,23.357587301587316,23.418777777777784,22.813636363636363
17109,2021-06-28 05:30:00,2021-06-28 05:45:00,24.0,23.139499999999988,23.484611111111104,22.727272727272727
17110,2021-06-28 05:45:00,2021-06-28 06:00:00,23.0,23.954166666666666,23.750333333333334,24.254545454545454
17111,2021-06-28 06:00:00,2021-06-28 06:15:00,23.0,23.535000000000007,23.45566666666666,23.94090909090909
17112,2021-06-28 06:15:00,2021-06-28 06:30:00,23.0,23.047166666666648,23.013666666666662,24.077272727272728
17113,2021-06-28 06:30:00,2021-06-28 06:45:00,23.0,23.106666666666662,23.110388888888885,23.76818181818182
17114,2021-06-28 06:45:00,2021-06-28 07:00:00,23.0,23.259583333333328,23.25383333333334,24.59090909090909
17115,2021-06-28 07:00:00,2021-06-28 07:15:00,28.0,24.696611111111096,24.534722222222218,26.45
17116,2021-06-28 07:15:00,2021-06-28 07:30:00,42.0,35.17973015873018,35.08011111111113,36.64090909090909
17117,2021-06-28 07:30:00,2021-06-28 07:45:00,66.0,66.17983333333332,66.45172222222223,67.44545454545455
17118,2021-06-28 07:45:00,2021-06-28 08:00:00,92.0,99.16127777777774,99.0582777777778,94.43636363636364
17119,2021-06-28 08:00:00,2021-06-28 08:15:00,144.0,147.44616666666664,146.83338888888872,146.60454545454544
17120,2021-06-28 08:15:00,2021-06-28 08:30:00,167.0,162.9467222222222,164.17805555555552,167.42727272727274
17121,2021-06-28 08:30:00,2021-06-28 08:45:00,190.0,184.79444444444437,186.31199999999987,185.81363636363636
17122,2021-06-28 08:45:00,2021-06-28 09:00:00,198.0,200.89522222222217,198.38200000000003,197.14545454545456
17123,2021-06-28 09:00:00,2021-06-28 09:15:00,185.0,185.08794444444442,184.52211111111112,184.66363636363636
17124,2021-06-28 09:15:00,2021-06-28 09:30:00,182.0,181.3877777777776,181.40066666666652,180.78181818181818
17125,2021-06-28 09:30:00,2021-06-28 09:45:00,174.0,174.2417777777777,173.68661111111106,175.5
17126,2021-06-28 09:45:00,2021-06-28 10:00:00,172.0,173.00183333333345,172.1886666666667,172.9
17127,2021-06-28 10:00:00,2021-06-28 10:15:00,135.0,137.11466666666672,135.7292222222223,151.04090909090908
17128,2021-06-28 10:15:00,2021-06-28 10:30:00,184.0,179.50233333333338,181.58927777777788,180.54090909090908
17129,2021-06-28 10:30:00,2021-06-28 10:45:00,182.0,181.25016666666673,181.54366666666664,181.23181818181817
17130,2021-06-28 10:45:00,2021-06-28 11:00:00,168.0,169.49105555555565,168.3501666666668,172.71363636363637
17131,2021-06-28 11:00:00,2021-06-28 11:15:00,176.0,173.98038888888885,174.58538888888873,173.3590909090909
17132,2021-06-28 11:15:00,2021-06-28 11:30:00,178.0,180.08272222222215,178.17105555555545,177.65454545454546
17133,2021-06-28 11:30:00,2021-06-28 11:45:00,193.0,187.3248333333334,190.3823333333334,187.42727272727274
17134,2021-06-28 11:45:00,2021-06-28 12:00:00,184.0,185.22266666666684,184.52911111111126,184.28181818181818
17135,2021-06-28 12:00:00,2021-06-28 12:15:00,131.0,131.65783333333317,131.41716666666636,129.83636363636364
17136,2021-06-28 12:15:00,2021-06-28 12:30:00,112.0,111.04077777777783,112.08744444444446,110.59545454545454
17137,2021-06-28 12:30:00,2021-06-28 12:45:00,107.0,106.83472222222213,107.31527777777758,106.13181818181818
17138,2021-06-28 12:45:00,2021-06-28 13:00:00,135.0,134.622,135.28777777777782,135.04545454545453
17139,2021-06-28 13:00:00,2021-06-28 13:15:00,169.0,170.83838888888857,169.80066666666656,170.31363636363636
17140,2021-06-28 13:15:00,2021-06-28 13:30:00,189.0,186.4398888888887,187.97666666666655,183.45
17141,2021-06-28 13:30:00,2021-06-28 13:45:00,191.0,190.64994444444454,190.9902222222222,190.47727272727272
17142,2021-06-28 13:45:00,2021-06-28 14:00:00,191.0,191.18177777777765,191.2995555555556,190.26818181818183
17143,2021-06-28 14:00:00,2021-06-28 14:15:00,183.0,181.5882222222219,182.7913888888886,183.28181818181818
17144,2021-06-28 14:15:00,2021-06-28 14:30:00,171.0,171.33688888888886,170.85366666666667,173.21818181818182
17145,2021-06-28 14:30:00,2021-06-28 14:45:00,178.0,177.1367222222222,177.66066666666674,178.46818181818182
17146,2021-06-28 14:45:00,2021-06-28 15:00:00,189.0,185.8655,188.24566666666664,184.53181818181818
17147,2021-06-28 15:00:00,2021-06-28 15:15:00,155.0,152.51055555555527,153.62755555555543,155.94545454545454
17148,2021-06-28 15:15:00,2021-06-28 15:30:00,188.0,183.5963888888889,186.61455555555557,184.3909090909091
17149,2021-06-28 15:30:00,2021-06-28 15:45:00,194.0,193.68938888888897,194.00850000000005,192.5772727272727
17150,2021-06-28 15:45:00,2021-06-28 16:00:00,189.0,188.6307777777779,189.05933333333343,188.61363636363637
17151,2021-06-28 16:00:00,2021-06-28 16:15:00,172.0,172.7536666666669,172.65322222222233,172.52272727272728
17152,2021-06-28 16:15:00,2021-06-28 16:30:00,163.0,164.22416666666663,163.37011111111116,163.6590909090909
17153,2021-06-28 16:30:00,2021-06-28 16:45:00,164.0,164.5880555555556,164.1112222222223,163.08636363636364
17154,2021-06-28 16:45:00,2021-06-28 17:00:00,172.0,170.86183333333318,171.80988888888876,168.78181818181818
17155,2021-06-28 17:00:00,2021-06-28 17:15:00,132.0,130.95572222222222,130.98311111111113,129.39545454545456
17156,2021-06-28 17:15:00,2021-06-28 17:30:00,123.0,122.13888888888897,122.79955555555556,122.10909090909091
17157,2021-06-28 17:30:00,2021-06-28 17:45:00,166.0,160.33694444444475,163.73311111111127,161.75
17158,2021-06-28 17:45:00,2021-06-28 18:00:00,179.0,178.26166666666677,178.84477777777775,177.1
17159,2021-06-28 18:00:00,2021-06-28 18:15:00,183.0,181.81550000000064,181.32611111111171,181.61363636363637
17160,2021-06-28 18:15:00,2021-06-28 18:30:00,185.0,182.68627777777738,183.92211111111075,183.82272727272726
17161,2021-06-28 18:30:00,2021-06-28 18:45:00,168.0,168.7742301587298,168.145722222222,168.18636363636364
17162,2021-06-28 18:45:00,2021-06-28 19:00:00,171.0,168.67527777777784,170.53383333333335,168.72272727272727
17163,2021-06-28 19:00:00,2021-06-28 19:15:00,158.0,158.90138888888885,157.49133333333327,158.3181818181818
17164,2021-06-28 19:15:00,2021-06-28 19:30:00,169.0,166.75049999999996,168.06405555555563,166.7590909090909
17165,2021-06-28 19:30:00,2021-06-28 19:45:00,163.0,162.15905555555563,162.87116666666668,163.2590909090909
17166,2021-06-28 19:45:00,2021-06-28 20:00:00,121.0,126.87961111111082,123.18027777777749,122.5409090909091
17167,2021-06-28 20:00:00,2021-06-28 20:15:00,110.0,110.1830000000001,110.29977777777795,110.27727272727273
17168,2021-06-28 20:15:00,2021-06-28 20:30:00,113.0,114.27833333333334,113.57105555555553,113.55454545454545
17169,2021-06-28 20:30:00,2021-06-28 20:45:00,111.0,112.59783333333336,111.55677777777773,112.27727272727273
17170,2021-06-28 20:45:00,2021-06-28 21:00:00,113.0,113.18455555555556,113.31205555555553,110.8409090909091
17171,2021-06-28 21:00:00,2021-06-28 21:15:00,115.0,114.57855555555555,114.89138888888888,111.10909090909091
17172,2021-06-28 21:15:00,2021-06-28 21:30:00,120.0,118.58372222222224,119.53644444444443,117.33636363636364
17173,2021-06-28 21:30:00,2021-06-28 21:45:00,123.0,122.11288888888897,122.50127777777784,122.44545454545455
17174,2021-06-28 21:45:00,2021-06-28 22:00:00,113.0,115.14922222222233,113.96394444444452,114.30909090909091
17175,2021-06-28 22:00:00,2021-06-28 22:15:00,102.0,101.25305555555559,101.73455555555556,101.30454545454545
17176,2021-06-28 22:15:00,2021-06-28 22:30:00,104.0,104.5962222222223,104.03316666666667,107.28636363636363
17177,2021-06-28 22:30:00,2021-06-28 22:45:00,111.0,109.21949999999995,109.65449999999997,110.50454545454545
17178,2021-06-28 22:45:00,2021-06-28 23:00:00,119.0,116.84688888888888,118.02294444444443,112.11818181818182
17179,2021-06-28 23:00:00,2021-06-28 23:15:00,126.0,122.71794444444446,124.73833333333332,125.00909090909092
17180,2021-06-28 23:15:00,2021-06-28 23:30:00,111.0,113.5632222222223,111.99444444444448,112.76818181818182
17181,2021-06-28 23:30:00,2021-06-28 23:45:00,111.0,109.46433333333331,110.22944444444448,109.58181818181818
17182,2021-06-28 23:45:00,2021-06-29 00:00:00,81.0,83.74416666666662,82.5273888888889,81.96363636363637
17183,2021-06-29 00:00:00,2021-06-29 00:15:00,67.0,65.80022222222225,66.17977777777782,67.39545454545454
17184,2021-06-29 00:15:00,2021-06-29 00:30:00,66.0,65.26999999999998,65.8628888888889,65.0909090909091
17185,2021-06-29 00:30:00,2021-06-29 00:45:00,66.0,65.57383333333334,65.89022222222222,65.83636363636364
17186,2021-06-29 00:45:00,2021-06-29 01:00:00,66.0,65.26416666666665,65.68355555555557,65.50454545454545
17187,2021-06-29 01:00:00,2021-06-29 01:15:00,94.0,93.87388888888889,94.14377777777781,94.08636363636364
17188,2021-06-29 01:15:00,2021-06-29 01:30:00,101.0,102.01172222222223,101.571,103.06363636363636
17189,2021-06-29 01:30:00,2021-06-29 01:45:00,112.0,110.93444444444448,111.19699999999995,109.86363636363636
17190,2021-06-29 01:45:00,2021-06-29 02:00:00,110.0,110.68561111111111,110.2402777777778,110.59545454545454
17191,2021-06-29 02:00:00,2021-06-29 02:15:00,124.0,118.09194444444442,121.33188888888881,115.27727272727273
17192,2021-06-29 02:15:00,2021-06-29 02:30:00,124.0,122.06233333333333,123.07194444444448,123.77272727272727
17193,2021-06-29 02:30:00,2021-06-29 02:45:00,107.0,109.61522222222229,108.73,108.04545454545455
17194,2021-06-29 02:45:00,2021-06-29 03:00:00,95.0,99.51872222222221,96.47505555555554,96.96363636363637
17195,2021-06-29 03:00:00,2021-06-29 03:15:00,90.0,91.13249999999994,90.18533333333329,91.62272727272727
17196,2021-06-29 03:15:00,2021-06-29 03:30:00,100.0,99.61911111111111,99.7351111111111,101.31818181818181
17197,2021-06-29 03:30:00,2021-06-29 03:45:00,109.0,108.40027777777773,108.51944444444445,107.75454545454545
17198,2021-06-29 03:45:00,2021-06-29 04:00:00,115.0,113.63755555555554,113.99199999999999,111.78636363636363
17199,2021-06-29 04:00:00,2021-06-29 04:15:00,112.0,111.97343650793651,111.72044444444441,110.95
17200,2021-06-29 04:15:00,2021-06-29 04:30:00,114.0,112.46427777777775,113.36311111111111,112.22272727272727
17201,2021-06-29 04:30:00,2021-06-29 04:45:00,114.0,113.09733333333332,114.19344444444442,112.78636363636363
17202,2021-06-29 04:45:00,2021-06-29 05:00:00,99.0,101.52044444444434,101.64294444444435,100.38181818181818
17203,2021-06-29 05:00:00,2021-06-29 05:15:00,76.0,78.33999999999997,77.22322222222216,79.72727272727273
17204,2021-06-29 05:15:00,2021-06-29 05:30:00,72.0,73.19361111111105,72.58122222222221,72.12272727272727
17205,2021-06-29 05:30:00,2021-06-29 05:45:00,102.0,100.95777777777766,101.61688888888881,100.52727272727273
17206,2021-06-29 05:45:00,2021-06-29 06:00:00,110.0,110.56466666666657,110.25622222222218,110.04545454545455
17207,2021-06-29 06:00:00,2021-06-29 06:15:00,119.0,117.44716666666675,118.30555555555557,116.96363636363637
17208,2021-06-29 06:15:00,2021-06-29 06:30:00,113.0,113.92366666666669,113.45427777777778,113.26818181818182
17209,2021-06-29 06:30:00,2021-06-29 06:45:00,108.0,108.25283333333321,107.95566666666653,107.03181818181818
17210,2021-06-29 06:45:00,2021-06-29 07:00:00,112.0,109.70166666666657,111.11994444444439,109.47727272727273
17211,2021-06-29 07:00:00,2021-06-29 07:15:00,113.0,111.93811111111111,112.20566666666673,111.47272727272727
17212,2021-06-29 07:15:00,2021-06-29 07:30:00,120.0,121.28950000000005,120.87405555555566,120.19090909090909
17213,2021-06-29 07:30:00,2021-06-29 07:45:00,154.0,150.24933333333342,148.32511111111114,152.63181818181818
17214,2021-06-29 07:45:00,2021-06-29 08:00:00,160.0,157.5951111111111,159.2617222222221,156.91363636363636
17215,2021-06-29 08:00:00,2021-06-29 08:15:00,190.0,180.75044444444444,187.4373333333333,186.65454545454546
17216,2021-06-29 08:15:00,2021-06-29 08:30:00,222.0,210.47355555555546,219.57849999999996,220.60454545454544
17217,2021-06-29 08:30:00,2021-06-29 08:45:00,207.0,207.39683333333332,206.75233333333338,206.59545454545454
17218,2021-06-29 08:45:00,2021-06-29 09:00:00,189.0,190.18833333333322,189.37199999999999,188.87272727272727
17219,2021-06-29 09:00:00,2021-06-29 09:15:00,183.0,182.74011111111096,182.22727777777777,183.08636363636364
17220,2021-06-29 09:15:00,2021-06-29 09:30:00,179.0,180.00755555555563,179.29122222222227,178.38636363636363
17221,2021-06-29 09:30:00,2021-06-29 09:45:00,179.0,178.54172222222226,179.03011111111107,178.4227272727273
17222,2021-06-29 09:45:00,2021-06-29 10:00:00,176.0,176.8537777777779,176.09627777777774,175.64545454545456
17223,2021-06-29 10:00:00,2021-06-29 10:15:00,139.0,140.70399999999992,139.39450000000002,139.75454545454545
17224,2021-06-29 10:15:00,2021-06-29 10:30:00,169.0,169.4842222222223,168.64955555555545,169.84545454545454
17225,2021-06-29 10:30:00,2021-06-29 10:45:00,175.0,175.07515873015882,175.06949999999995,174.97272727272727
17226,2021-06-29 10:45:00,2021-06-29 11:00:00,168.0,168.60033333333334,167.7961666666667,168.77272727272728
17227,2021-06-29 11:00:00,2021-06-29 11:15:00,182.0,179.70766666666657,180.25305555555545,177.20454545454547
17228,2021-06-29 11:15:00,2021-06-29 11:30:00,191.0,188.13311111111122,190.47172222222227,188.48181818181817
17229,2021-06-29 11:30:00,2021-06-29 11:45:00,200.0,196.7548888888889,199.3108888888889,197.75
17230,2021-06-29 11:45:00,2021-06-29 12:00:00,200.0,197.3286111111109,199.02211111111103,198.35
17231,2021-06-29 12:00:00,2021-06-29 12:15:00,134.0,136.23372222222224,135.33977777777775,133.6090909090909
17232,2021-06-29 12:15:00,2021-06-29 12:30:00,104.0,106.65988888888872,104.91244444444435,103.6590909090909
17233,2021-06-29 12:30:00,2021-06-29 12:45:00,100.0,99.50555555555526,99.94738888888863,100.05454545454545
17234,2021-06-29 12:45:00,2021-06-29 13:00:00,133.0,132.328888888889,132.81194444444446,132.69545454545454
17235,2021-06-29 13:00:00,2021-06-29 13:15:00,179.0,177.19134126984173,178.45772222222254,177.04545454545453
17236,2021-06-29 13:15:00,2021-06-29 13:30:00,194.0,191.37899999999965,193.40566666666655,191.0772727272727
17237,2021-06-29 13:30:00,2021-06-29 13:45:00,186.0,187.3935555555555,186.4572777777777,185.21818181818182
17238,2021-06-29 13:45:00,2021-06-29 14:00:00,187.0,186.06838888888888,186.85111111111104,186.05454545454546
17239,2021-06-29 14:00:00,2021-06-29 14:15:00,168.0,172.09000000000006,169.18722222222218,168.8181818181818
17240,2021-06-29 14:15:00,2021-06-29 14:30:00,181.0,179.50805555555542,180.92983333333316,179.40454545454546
17241,2021-06-29 14:30:00,2021-06-29 14:45:00,183.0,182.81722222222223,182.8464444444444,180.36818181818182
17242,2021-06-29 14:45:00,2021-06-29 15:00:00,177.0,177.91850000000002,177.1118888888889,177.1409090909091
17243,2021-06-29 15:00:00,2021-06-29 15:15:00,139.0,141.79116666666695,139.55,139.4090909090909
17244,2021-06-29 15:15:00,2021-06-29 15:30:00,179.0,177.54792857142863,178.24311111111118,177.91363636363636
17245,2021-06-29 15:30:00,2021-06-29 15:45:00,170.0,172.82272222222218,170.04,170.95909090909092
17246,2021-06-29 15:45:00,2021-06-29 16:00:00,165.0,166.07649999999998,165.03627777777777,165.95454545454547
17247,2021-06-29 16:00:00,2021-06-29 16:15:00,167.0,166.48633333333356,166.69588888888882,165.9227272727273
17248,2021-06-29 16:15:00,2021-06-29 16:30:00,167.0,166.35938888888887,166.83216666666667,166.5090909090909
17249,2021-06-29 16:30:00,2021-06-29 16:45:00,157.0,159.20955555555554,157.54033333333334,157.79090909090908
17250,2021-06-29 16:45:00,2021-06-29 17:00:00,164.0,163.12661111111112,163.23188888888896,163.18636363636364
17251,2021-06-29 17:00:00,2021-06-29 17:15:00,122.0,123.19838888888873,121.56961111111099,121.81818181818181
17252,2021-06-29 17:15:00,2021-06-29 17:30:00,99.0,103.25361111111106,99.34616666666663,100.67727272727272
17253,2021-06-29 17:30:00,2021-06-29 17:45:00,136.0,137.50872222222205,135.97805555555541,136.95454545454547
17254,2021-06-29 17:45:00,2021-06-29 18:00:00,153.0,153.58355555555553,153.26105555555552,153.63181818181818
17255,2021-06-29 18:00:00,2021-06-29 18:15:00,160.0,159.2179444444442,159.60766666666652,158.6909090909091
17256,2021-06-29 18:15:00,2021-06-29 18:30:00,163.0,161.23366666666655,162.40588888888894,161.1818181818182
17257,2021-06-29 18:30:00,2021-06-29 18:45:00,164.0,164.04994444444444,163.90533333333332,163.03636363636363
17258,2021-06-29 18:45:00,2021-06-29 19:00:00,175.0,170.38777777777773,173.7073333333333,172.39545454545456
17259,2021-06-29 19:00:00,2021-06-29 19:15:00,177.0,171.40133333333338,175.83100000000002,176.22272727272727
17260,2021-06-29 19:15:00,2021-06-29 19:30:00,173.0,170.88177777777776,172.69366666666667,172.27272727272728
17261,2021-06-29 19:30:00,2021-06-29 19:45:00,154.0,156.21166666666673,154.4715555555556,154.44545454545454
17262,2021-06-29 19:45:00,2021-06-29 20:00:00,137.0,138.23716666666658,137.12288888888884,137.72272727272727
17263,2021-06-29 20:00:00,2021-06-29 20:15:00,132.0,131.29888888888897,131.61216666666664,131.69545454545454
17264,2021-06-29 20:15:00,2021-06-29 20:30:00,134.0,133.76722222222224,134.01588888888887,133.92727272727274
17265,2021-06-29 20:30:00,2021-06-29 20:45:00,137.0,135.48066666666665,136.51844444444438,136.54090909090908
17266,2021-06-29 20:45:00,2021-06-29 21:00:00,135.0,133.6531666666667,134.6908888888889,134.72272727272727
17267,2021-06-29 21:00:00,2021-06-29 21:15:00,125.0,125.9375,125.17866666666669,125.10909090909091
17268,2021-06-29 21:15:00,2021-06-29 21:30:00,126.0,126.9125000000001,125.86272222222225,126.45454545454545
17269,2021-06-29 21:30:00,2021-06-29 21:45:00,125.0,125.07727777777775,125.10894444444445,125.1
17270,2021-06-29 21:45:00,2021-06-29 22:00:00,119.0,120.11461111111116,119.07316666666664,119.93636363636364
17271,2021-06-29 22:00:00,2021-06-29 22:15:00,105.0,105.07488888888878,104.83372222222216,104.34545454545454
17272,2021-06-29 22:15:00,2021-06-29 22:30:00,108.0,110.1616111111111,108.38238888888888,110.38636363636364
17273,2021-06-29 22:30:00,2021-06-29 22:45:00,121.0,118.13861111111119,120.2163888888889,119.44090909090909
17274,2021-06-29 22:45:00,2021-06-29 23:00:00,116.0,116.75644444444447,116.03522222222222,116.30909090909091
17275,2021-06-29 23:00:00,2021-06-29 23:15:00,110.0,110.40638888888883,109.2897222222222,110.75
17276,2021-06-29 23:15:00,2021-06-29 23:30:00,113.0,112.82366666666668,112.4615555555555,111.36818181818182
17277,2021-06-29 23:30:00,2021-06-29 23:45:00,109.0,109.00627777777783,108.94577777777778,109.10909090909091
17278,2021-06-29 23:45:00,2021-06-30 00:00:00,82.0,82.20972222222227,82.62494444444452,83.05454545454545
17279,2021-06-30 00:00:00,2021-06-30 00:15:00,69.0,70.16777777777777,68.98361111111112,69.82272727272728
17280,2021-06-30 00:15:00,2021-06-30 00:30:00,67.0,67.04694444444445,66.89255555555557,66.88181818181818
17281,2021-06-30 00:30:00,2021-06-30 00:45:00,67.0,66.1111111111111,66.39794444444442,66.26818181818182
17282,2021-06-30 00:45:00,2021-06-30 01:00:00,65.0,64.8476111111111,64.86577777777778,65.03181818181818
17283,2021-06-30 01:00:00,2021-06-30 01:15:00,90.0,91.08255555555552,90.28405555555558,91.51818181818182
17284,2021-06-30 01:15:00,2021-06-30 01:30:00,102.0,101.89427777777783,101.58122222222231,102.08636363636364
17285,2021-06-30 01:30:00,2021-06-30 01:45:00,112.0,110.6265952380952,110.79583333333333,111.02272727272727
17286,2021-06-30 01:45:00,2021-06-30 02:00:00,112.0,111.61555555555555,111.59827777777781,111.86818181818182
17287,2021-06-30 02:00:00,2021-06-30 02:15:00,118.0,114.9082777777778,115.48338888888892,114.72727272727273
17288,2021-06-30 02:15:00,2021-06-30 02:30:00,110.0,111.40527777777778,110.59133333333331,111.52272727272727
17289,2021-06-30 02:30:00,2021-06-30 02:45:00,108.0,107.66794444444442,107.8458888888889,108.78636363636363
17290,2021-06-30 02:45:00,2021-06-30 03:00:00,103.0,104.71677777777778,103.98488888888888,104.74090909090908
17291,2021-06-30 03:00:00,2021-06-30 03:15:00,101.0,98.54788888888892,99.23583333333333,97.76363636363637
17292,2021-06-30 03:15:00,2021-06-30 03:30:00,110.0,108.90055555555554,108.8910555555556,105.15
17293,2021-06-30 03:30:00,2021-06-30 03:45:00,120.0,114.89372222222221,115.15555555555555,115.74090909090908
17294,2021-06-30 03:45:00,2021-06-30 04:00:00,117.0,116.96888888888898,117.33494444444449,117.4590909090909
17295,2021-06-30 04:00:00,2021-06-30 04:15:00,116.0,115.04877777777773,114.70827777777774,115.82727272727273
17296,2021-06-30 04:15:00,2021-06-30 04:30:00,114.0,113.82672222222229,113.9094444444445,113.94090909090909
17297,2021-06-30 04:30:00,2021-06-30 04:45:00,103.0,106.1573333333333,104.17144444444442,106.01363636363637
17298,2021-06-30 04:45:00,2021-06-30 05:00:00,103.0,103.38477777777774,103.24411111111112,103.81363636363636
17299,2021-06-30 05:00:00,2021-06-30 05:15:00,93.0,90.71833333333338,92.0741111111111,90.49545454545455
17300,2021-06-30 05:15:00,2021-06-30 05:30:00,82.0,82.31383333333329,83.35950000000004,81.91363636363636
17301,2021-06-30 05:30:00,2021-06-30 05:45:00,103.0,101.78638888888892,102.01072222222217,101.17727272727272
17302,2021-06-30 05:45:00,2021-06-30 06:00:00,115.0,112.73194444444442,113.33716666666665,113.10909090909091
17303,2021-06-30 06:00:00,2021-06-30 06:15:00,113.0,113.41922222222229,113.7300555555555,113.12272727272727
17304,2021-06-30 06:15:00,2021-06-30 06:30:00,111.0,111.74438888888886,111.05405555555556,110.73636363636363
17305,2021-06-30 06:30:00,2021-06-30 06:45:00,115.0,113.18594444444439,113.6139444444445,112.60454545454546
17306,2021-06-30 06:45:00,2021-06-30 07:00:00,118.0,115.33316666666661,116.88711111111112,116.39090909090909
17307,2021-06-30 07:00:00,2021-06-30 07:15:00,116.0,115.93666666666664,115.79766666666666,115.97272727272727
17308,2021-06-30 07:15:00,2021-06-30 07:30:00,125.0,123.97555555555554,125.23633333333336,125.35
17309,2021-06-30 07:30:00,2021-06-30 07:45:00,142.0,143.0222222222222,143.00338888888894,142.95454545454547
17310,2021-06-30 07:45:00,2021-06-30 08:00:00,143.0,144.58233333333328,143.1145555555554,144.83636363636364
17311,2021-06-30 08:00:00,2021-06-30 08:15:00,164.0,160.76118253968266,162.94244444444442,161.98636363636365
17312,2021-06-30 08:15:00,2021-06-30 08:30:00,177.0,174.57080158730162,176.78544444444435,175.75454545454545
17313,2021-06-30 08:30:00,2021-06-30 08:45:00,185.0,178.93227777777773,182.1060555555555,180.62727272727273
17314,2021-06-30 08:45:00,2021-06-30 09:00:00,193.0,189.09838888888888,192.41172222222227,191.66363636363636
17315,2021-06-30 09:00:00,2021-06-30 09:15:00,184.0,181.9685555555554,182.82705555555535,183.12727272727273
17316,2021-06-30 09:15:00,2021-06-30 09:30:00,187.0,182.9507222222223,185.90188888888886,184.96818181818182
17317,2021-06-30 09:30:00,2021-06-30 09:45:00,173.0,175.38761111111108,173.28772222222227,173.82272727272726
17318,2021-06-30 09:45:00,2021-06-30 10:00:00,171.0,171.3241666666668,171.52127777777778,171.89545454545456
17319,2021-06-30 10:00:00,2021-06-30 10:15:00,142.0,140.47366666666656,141.75955555555552,141.53181818181818
17320,2021-06-30 10:15:00,2021-06-30 10:30:00,171.0,171.1891111111112,171.13372222222227,170.4181818181818
17321,2021-06-30 10:30:00,2021-06-30 10:45:00,169.0,169.29272222222224,169.26377777777782,170.3
17322,2021-06-30 10:45:00,2021-06-30 11:00:00,152.0,157.80844444444458,153.72316666666666,159.5681818181818
17323,2021-06-30 11:00:00,2021-06-30 11:15:00,146.0,149.39757142857147,146.1397777777778,147.65
17324,2021-06-30 11:15:00,2021-06-30 11:30:00,139.0,145.3718888888889,140.42511111111105,140.52272727272728
17325,2021-06-30 11:30:00,2021-06-30 11:45:00,141.0,143.4332777777778,141.8086111111111,142.98181818181817
17326,2021-06-30 11:45:00,2021-06-30 12:00:00,150.0,147.62244444444448,149.1677777777778,149.12272727272727
17327,2021-06-30 12:00:00,2021-06-30 12:15:00,119.0,115.35795238095237,119.18977777777776,117.15454545454546
17328,2021-06-30 12:15:00,2021-06-30 12:30:00,104.0,107.92033333333332,106.06994444444447,103.78181818181818
17329,2021-06-30 12:30:00,2021-06-30 12:45:00,99.0,101.17000000000002,99.96649999999993,99.4
17330,2021-06-30 12:45:00,2021-06-30 13:00:00,109.0,111.64577777777784,108.83366666666667,109.22727272727273
17331,2021-06-30 13:00:00,2021-06-30 13:15:00,145.0,143.44427777777767,142.96561111111114,146.4318181818182
17332,2021-06-30 13:15:00,2021-06-30 13:30:00,166.0,162.30927777777762,164.67877777777775,163.88181818181818
17333,2021-06-30 13:30:00,2021-06-30 13:45:00,171.0,170.0155555555557,170.7611666666666,170.6727272727273
17334,2021-06-30 13:45:00,2021-06-30 14:00:00,184.0,178.13461111111098,181.76300000000003,180.47727272727272
17335,2021-06-30 14:00:00,2021-06-30 14:15:00,177.0,174.5672777777776,176.32305555555556,176.71363636363637
17336,2021-06-30 14:15:00,2021-06-30 14:30:00,160.0,163.17783333333338,160.61427777777783,162.17727272727274
17337,2021-06-30 14:30:00,2021-06-30 14:45:00,161.0,160.62927777777762,161.01799999999992,161.6909090909091
17338,2021-06-30 14:45:00,2021-06-30 15:00:00,165.0,163.98316666666676,164.42161111111116,164.3090909090909
17339,2021-06-30 15:00:00,2021-06-30 15:15:00,133.0,132.80327777777785,132.52394444444448,132.8318181818182
17340,2021-06-30 15:15:00,2021-06-30 15:30:00,175.0,171.8568333333331,173.71805555555554,173.45909090909092
17341,2021-06-30 15:30:00,2021-06-30 15:45:00,178.0,177.07887301587314,176.9922222222223,176.6681818181818
17342,2021-06-30 15:45:00,2021-06-30 16:00:00,168.0,167.80465079365075,167.40550000000005,167.03181818181818
17343,2021-06-30 16:00:00,2021-06-30 16:15:00,163.0,161.8366111111111,162.1722222222222,162.6727272727273
17344,2021-06-30 16:15:00,2021-06-30 16:30:00,165.0,163.64083333333326,164.56522222222222,163.47272727272727
17345,2021-06-30 16:30:00,2021-06-30 16:45:00,152.0,155.42577777777768,153.01644444444446,154.62727272727273
17346,2021-06-30 16:45:00,2021-06-30 17:00:00,162.0,160.00533333333328,161.364,159.99545454545455
17347,2021-06-30 17:00:00,2021-06-30 17:15:00,133.0,127.73205555555559,131.5925555555556,129.70454545454547
17348,2021-06-30 17:15:00,2021-06-30 17:30:00,144.0,140.95900000000003,142.54000000000005,140.03636363636363
17349,2021-06-30 17:30:00,2021-06-30 17:45:00,181.0,171.16055555555553,177.77072222222228,171.43636363636364
17350,2021-06-30 17:45:00,2021-06-30 18:00:00,167.0,167.52033333333333,167.1056111111111,166.9
17351,2021-06-30 18:00:00,2021-06-30 18:15:00,153.0,154.89422222222228,153.15316666666672,153.9090909090909
17352,2021-06-30 18:15:00,2021-06-30 18:30:00,156.0,154.9475,156.1426111111111,155.77272727272728
17353,2021-06-30 18:30:00,2021-06-30 18:45:00,164.0,163.12711111111108,163.29988888888894,162.19545454545454
17354,2021-06-30 18:45:00,2021-06-30 19:00:00,165.0,165.0807777777778,164.94922222222215,164.5772727272727
17355,2021-06-30 19:00:00,2021-06-30 19:15:00,162.0,159.92349999999996,160.54616666666666,161.62727272727273
17356,2021-06-30 19:15:00,2021-06-30 19:30:00,155.0,154.98816666666679,154.67377777777781,155.02727272727273
17357,2021-06-30 19:30:00,2021-06-30 19:45:00,141.0,144.23383333333325,141.4847777777777,142.62272727272727
17358,2021-06-30 19:45:00,2021-06-30 20:00:00,107.0,112.84800000000008,108.66805555555554,108.5409090909091
17359,2021-06-30 20:00:00,2021-06-30 20:15:00,100.0,101.4471111111111,100.27533333333332,100.87272727272727
17360,2021-06-30 20:15:00,2021-06-30 20:30:00,109.0,108.89288888888888,108.92177777777785,109.50454545454545
17361,2021-06-30 20:30:00,2021-06-30 20:45:00,115.0,114.26988888888901,114.71633333333338,114.68181818181819
17362,2021-06-30 20:45:00,2021-06-30 21:00:00,112.0,112.011992063492,111.7712777777777,112.23636363636363
17363,2021-06-30 21:00:00,2021-06-30 21:15:00,113.0,112.46277777777782,112.87083333333338,111.08636363636364
17364,2021-06-30 21:15:00,2021-06-30 21:30:00,117.0,116.60488888888882,116.85883333333327,115.57272727272728
17365,2021-06-30 21:30:00,2021-06-30 21:45:00,113.0,113.52922222222223,113.15138888888886,113.10454545454546
17366,2021-06-30 21:45:00,2021-06-30 22:00:00,108.0,108.69561111111112,108.14355555555555,108.49090909090908
17367,2021-06-30 22:00:00,2021-06-30 22:15:00,88.0,89.60922222222216,88.89272222222208,89.74090909090908
17368,2021-06-30 22:15:00,2021-06-30 22:30:00,103.0,103.11274603174606,102.95311111111117,105.25
17369,2021-06-30 22:30:00,2021-06-30 22:45:00,114.0,111.16255555555554,112.1348333333333,111.31818181818181
17370,2021-06-30 22:45:00,2021-06-30 23:00:00,118.0,115.77861111111115,117.08861111111106,116.16363636363636
17371,2021-06-30 23:00:00,2021-06-30 23:15:00,120.0,119.5076666666667,119.39477777777783,118.60909090909091
17372,2021-06-30 23:15:00,2021-06-30 23:30:00,116.0,115.71050000000001,116.2851111111111,116.16818181818182
17373,2021-06-30 23:30:00,2021-06-30 23:45:00,103.0,104.85938888888883,103.78288888888888,103.24090909090908
17374,2021-06-30 23:45:00,2021-07-01 00:00:00,77.0,78.03477777777772,77.27816666666666,79.95
17375,2021-07-01 00:00:00,2021-07-01 00:15:00,69.0,54.44133333333331,45.45516666666667,36.627272727272725
17376,2021-07-01 00:15:00,2021-07-01 00:30:00,69.0,65.90683333333334,66.21472222222222,66.70454545454545
17377,2021-07-01 00:30:00,2021-07-01 00:45:00,67.0,66.45772222222227,67.31638888888888,67.83636363636364
17378,2021-07-01 00:45:00,2021-07-01 01:00:00,67.0,66.01972222222226,66.35894444444442,65.61363636363636
17379,2021-07-01 01:00:00,2021-07-01 01:15:00,90.0,95.05883333333334,94.9596111111111,93.65
17380,2021-07-01 01:15:00,2021-07-01 01:30:00,100.0,102.93461111111114,102.61972222222224,102.48636363636363
17381,2021-07-01 01:30:00,2021-07-01 01:45:00,110.0,108.50799999999995,108.81249999999999,108.85
17382,2021-07-01 01:45:00,2021-07-01 02:00:00,115.0,111.02166666666672,111.00238888888886,110.5
17383,2021-07-01 02:00:00,2021-07-01 02:15:00,116.0,110.8202777777778,110.15761111111115,111.95454545454545
17384,2021-07-01 02:15:00,2021-07-01 02:30:00,113.0,112.2698333333333,111.25027777777778,113.11363636363636
17385,2021-07-01 02:30:00,2021-07-01 02:45:00,111.0,111.34644444444443,111.52972222222222,110.83181818181818
17386,2021-07-01 02:45:00,2021-07-01 03:00:00,112.0,108.74855555555553,109.33066666666663,110.16818181818182
17387,2021-07-01 03:00:00,2021-07-01 03:15:00,95.0,98.48094444444443,101.12483333333333,102.25
17388,2021-07-01 03:15:00,2021-07-01 03:30:00,109.0,107.7342222222222,106.55977777777782,108.79545454545455
17389,2021-07-01 03:30:00,2021-07-01 03:45:00,112.0,108.22344444444443,109.37276984126986,107.46818181818182
17390,2021-07-01 03:45:00,2021-07-01 04:00:00,111.0,108.07124603174603,109.19805555555554,110.3
17391,2021-07-01 04:00:00,2021-07-01 04:15:00,111.0,106.85350000000001,105.74001709401708,109.85454545454546
17392,2021-07-01 04:15:00,2021-07-01 04:30:00,106.0,109.03566666666669,109.59627777777777,110.49090909090908
17393,2021-07-01 04:30:00,2021-07-01 04:45:00,97.0,105.05044444444441,104.6722222222222,107.77272727272727
17394,2021-07-01 04:45:00,2021-07-01 05:00:00,100.0,98.1987222222222,97.52166666666665,103.16363636363636
17395,2021-07-01 05:00:00,2021-07-01 05:15:00,82.0,87.23644444444446,88.14827777777778,97.16818181818182
17396,2021-07-01 05:15:00,2021-07-01 05:30:00,77.0,76.38550000000002,76.60683333333334,77.31818181818181
17397,2021-07-01 05:30:00,2021-07-01 05:45:00,99.0,93.96477777777785,93.50694444444447,95.77727272727273
17398,2021-07-01 05:45:00,2021-07-01 06:00:00,114.0,106.34933333333329,107.33555555555553,108.16818181818182
17399,2021-07-01 06:00:00,2021-07-01 06:15:00,110.0,110.65549999999998,111.52599999999998,112.18636363636364
17400,2021-07-01 06:15:00,2021-07-01 06:30:00,104.0,107.1799444444444,107.21166666666669,109.13636363636364
17401,2021-07-01 06:30:00,2021-07-01 06:45:00,115.0,101.14323809523812,100.80455555555558,103.50454545454545
17402,2021-07-01 06:45:00,2021-07-01 07:00:00,112.0,110.64311111111111,112.0585555555556,113.62727272727273
17403,2021-07-01 07:00:00,2021-07-01 07:15:00,105.0,106.92327777777778,105.88572222222223,112.85
17404,2021-07-01 07:15:00,2021-07-01 07:30:00,125.0,115.57350000000001,111.42744444444448,119.35
17405,2021-07-01 07:30:00,2021-07-01 07:45:00,148.0,144.20683333333332,143.21177777777785,145.98636363636365
17406,2021-07-01 07:45:00,2021-07-01 08:00:00,138.0,147.88277777777768,149.2690555555555,150.9
17407,2021-07-01 08:00:00,2021-07-01 08:15:00,163.0,154.1996666666666,154.35638888888892,156.07272727272726
17408,2021-07-01 08:15:00,2021-07-01 08:30:00,180.0,176.10349999999997,176.79005555555554,173.03181818181818
17409,2021-07-01 08:30:00,2021-07-01 08:45:00,190.0,175.81327777777776,177.43844444444437,173.8181818181818
17410,2021-07-01 08:45:00,2021-07-01 09:00:00,194.0,188.99866666666674,188.58450000000005,190.9909090909091
17411,2021-07-01 09:00:00,2021-07-01 09:15:00,171.0,179.95516666666654,180.51383333333317,182.95909090909092
17412,2021-07-01 09:15:00,2021-07-01 09:30:00,184.0,170.38827777777774,170.5965555555555,173.8181818181818
17413,2021-07-01 09:30:00,2021-07-01 09:45:00,183.0,180.1530555555556,181.3123888888889,181.01363636363635
17414,2021-07-01 09:45:00,2021-07-01 10:00:00,174.0,178.87805555555553,179.10533333333333,177.68636363636364
17415,2021-07-01 10:00:00,2021-07-01 10:15:00,147.0,139.60716666666667,141.026,134.57272727272726
17416,2021-07-01 10:15:00,2021-07-01 10:30:00,179.0,173.8919444444444,174.26944444444447,169.01818181818183
17417,2021-07-01 10:30:00,2021-07-01 10:45:00,185.0,180.5213333333334,180.69794444444446,177.74545454545455
17418,2021-07-01 10:45:00,2021-07-01 11:00:00,175.0,177.84328571428577,178.07277777777773,178.5681818181818
17419,2021-07-01 11:00:00,2021-07-01 11:15:00,190.0,177.2999444444445,166.92027777777767,169.55
17420,2021-07-01 11:15:00,2021-07-01 11:30:00,188.0,183.88761111111114,185.35844444444453,179.2590909090909
17421,2021-07-01 11:30:00,2021-07-01 11:45:00,187.0,176.51066666666665,176.77622222222223,175.9318181818182
17422,2021-07-01 11:45:00,2021-07-01 12:00:00,187.0,177.47744444444444,175.61438888888893,174.35
17423,2021-07-01 12:00:00,2021-07-01 12:15:00,115.0,128.64494444444435,136.1087777777777,128.26363636363635
17424,2021-07-01 12:15:00,2021-07-01 12:30:00,105.0,93.20099999999998,95.32916666666665,90.64545454545454
17425,2021-07-01 12:30:00,2021-07-01 12:45:00,110.0,99.26244444444438,101.9793333333332,100.37272727272727
17426,2021-07-01 12:45:00,2021-07-01 13:00:00,115.0,135.00183333333337,134.33255555555553,126.57727272727273
17427,2021-07-01 13:00:00,2021-07-01 13:15:00,163.0,150.6327777777778,145.3885,149.1909090909091
17428,2021-07-01 13:15:00,2021-07-01 13:30:00,196.0,175.1699444444444,175.34449999999998,169.4090909090909
17429,2021-07-01 13:30:00,2021-07-01 13:45:00,194.0,189.40205555555548,190.69283333333328,191.3090909090909
17430,2021-07-01 13:45:00,2021-07-01 14:00:00,206.0,187.11322222222222,187.27066666666667,189.01363636363635
17431,2021-07-01 14:00:00,2021-07-01 14:15:00,191.0,176.99383333333333,175.52200000000002,184.3590909090909
17432,2021-07-01 14:15:00,2021-07-01 14:30:00,192.0,185.17777777777775,184.97977777777777,180.70909090909092
17433,2021-07-01 14:30:00,2021-07-01 14:45:00,190.0,185.33133333333328,186.148,175.52727272727273
17434,2021-07-01 14:45:00,2021-07-01 15:00:00,173.0,187.19005555555552,185.93744444444442,181.86363636363637
17435,2021-07-01 15:00:00,2021-07-01 15:15:00,135.0,145.6611666666668,146.3258333333333,139.2590909090909
17436,2021-07-01 15:15:00,2021-07-01 15:30:00,144.0,161.25944444444445,152.97133333333338,169.76818181818183
17437,2021-07-01 15:30:00,2021-07-01 15:45:00,179.0,164.09044444444453,163.6081666666667,160.28636363636363
17438,2021-07-01 15:45:00,2021-07-01 16:00:00,197.0,174.38411111111108,175.81711111111116,167.05
17439,2021-07-01 16:00:00,2021-07-01 16:15:00,188.0,174.34588888888908,166.7786111111111,179.13636363636363
17440,2021-07-01 16:15:00,2021-07-01 16:30:00,165.0,177.03299999999987,178.4893888888889,176.0090909090909
17441,2021-07-01 16:30:00,2021-07-01 16:45:00,163.0,164.91972222222216,168.89466666666667,162.39545454545456
17442,2021-07-01 16:45:00,2021-07-01 17:00:00,163.0,166.74972222222215,168.59694444444443,163.16363636363636
17443,2021-07-01 17:00:00,2021-07-01 17:15:00,126.0,125.24905555555556,124.94088888888885,125.55454545454545
17444,2021-07-01 17:15:00,2021-07-01 17:30:00,106.0,111.74411111111112,114.09755555555557,119.71363636363637
17445,2021-07-01 17:30:00,2021-07-01 17:45:00,146.0,144.22527777777785,136.4392777777778,145.0818181818182
17446,2021-07-01 17:45:00,2021-07-01 18:00:00,160.0,162.1547777777778,161.78766666666667,161.5818181818182
17447,2021-07-01 18:00:00,2021-07-01 18:15:00,164.0,161.86361111111114,161.2083888888889,154.5090909090909
17448,2021-07-01 18:15:00,2021-07-01 18:30:00,164.0,156.72844444444445,156.33794444444442,153.08636363636364
17449,2021-07-01 18:30:00,2021-07-01 18:45:00,143.0,161.81483333333335,160.38183333333336,162.1909090909091
17450,2021-07-01 18:45:00,2021-07-01 19:00:00,156.0,145.82600000000005,142.15572222222218,152.68636363636364
17451,2021-07-01 19:00:00,2021-07-01 19:15:00,163.0,153.79188888888885,150.70905555555558,154.81363636363636
17452,2021-07-01 19:15:00,2021-07-01 19:30:00,171.0,156.3553888888889,155.37338888888888,158.29090909090908
17453,2021-07-01 19:30:00,2021-07-01 19:45:00,165.0,162.12455555555562,163.23005555555557,162.1727272727273
17454,2021-07-01 19:45:00,2021-07-01 20:00:00,154.0,147.41199999999998,154.2437222222222,150.80454545454546
17455,2021-07-01 20:00:00,2021-07-01 20:15:00,137.0,132.2538333333333,134.30749999999998,132.93636363636364
17456,2021-07-01 20:15:00,2021-07-01 20:30:00,143.0,132.9358888888889,134.12777777777777,134.81363636363636
17457,2021-07-01 20:30:00,2021-07-01 20:45:00,147.0,138.59066666666666,139.78527777777776,140.76363636363635
17458,2021-07-01 20:45:00,2021-07-01 21:00:00,140.0,133.72216666666665,132.6028888888889,133.3181818181818
17459,2021-07-01 21:00:00,2021-07-01 21:15:00,139.0,133.96027777777775,132.863,133.11363636363637
17460,2021-07-01 21:15:00,2021-07-01 21:30:00,141.0,136.84444444444446,136.85272222222218,135.06363636363636
17461,2021-07-01 21:30:00,2021-07-01 21:45:00,138.0,128.15205555555556,131.2231111111111,127.88636363636364
17462,2021-07-01 21:45:00,2021-07-01 22:00:00,140.0,130.02891269841274,134.2275,128.0
17463,2021-07-01 22:00:00,2021-07-01 22:15:00,113.0,131.01155555555556,132.77327777777776,121.96363636363637
17464,2021-07-01 22:15:00,2021-07-01 22:30:00,121.0,114.04355555555557,113.20344444444444,114.19545454545455
17465,2021-07-01 22:30:00,2021-07-01 22:45:00,122.0,120.11544444444446,119.91161111111113,119.62272727272727
17466,2021-07-01 22:45:00,2021-07-01 23:00:00,121.0,121.27794444444439,120.45111111111112,124.4090909090909
17467,2021-07-01 23:00:00,2021-07-01 23:15:00,124.0,116.8267777777778,115.00761111111113,120.9090909090909
17468,2021-07-01 23:15:00,2021-07-01 23:30:00,120.0,123.15338888888887,123.88672222222226,122.82272727272728
17469,2021-07-01 23:30:00,2021-07-01 23:45:00,110.0,113.1233333333333,114.76083333333334,113.42272727272727
17470,2021-07-01 23:45:00,2021-07-02 00:00:00,79.0,93.46872222222221,98.06011111111107,85.96363636363637
17471,2021-07-02 00:00:00,2021-07-02 00:15:00,69.0,71.46750000000002,74.95233333333334,53.7
17472,2021-07-02 00:15:00,2021-07-02 00:30:00,68.0,68.738,69.34466666666665,67.28181818181818
17473,2021-07-02 00:30:00,2021-07-02 00:45:00,68.0,67.37000000000002,67.8024444444444,66.66818181818182
17474,2021-07-02 00:45:00,2021-07-02 01:00:00,68.0,67.2817222222222,67.72744444444442,65.25909090909092
17475,2021-07-02 01:00:00,2021-07-02 01:15:00,97.0,97.66505555555558,97.01872222222231,94.67727272727272
17476,2021-07-02 01:15:00,2021-07-02 01:30:00,104.0,109.13255555555558,108.15866666666663,105.95454545454545
17477,2021-07-02 01:30:00,2021-07-02 01:45:00,109.0,110.26305555555564,109.93088888888894,109.5
17478,2021-07-02 01:45:00,2021-07-02 02:00:00,115.0,113.2562222222222,112.60600000000001,112.72272727272727
17479,2021-07-02 02:00:00,2021-07-02 02:15:00,115.0,110.41827777777775,111.00094444444449,112.21363636363637
17480,2021-07-02 02:15:00,2021-07-02 02:30:00,121.0,113.07683333333334,113.59594444444444,112.88636363636364
17481,2021-07-02 02:30:00,2021-07-02 02:45:00,117.0,116.5853888888889,119.23944444444443,114.8409090909091
17482,2021-07-02 02:45:00,2021-07-02 03:00:00,111.0,109.33005555555556,109.84822222222225,109.17727272727272
17483,2021-07-02 03:00:00,2021-07-02 03:15:00,92.0,101.06850000000001,100.61122222222218,96.35
17484,2021-07-02 03:15:00,2021-07-02 03:30:00,112.0,106.21611111111115,104.25422222222228,107.82272727272728
17485,2021-07-02 03:30:00,2021-07-02 03:45:00,115.0,110.61933333333332,111.71783333333333,110.78636363636363
17486,2021-07-02 03:45:00,2021-07-02 04:00:00,113.0,111.55011111111111,111.95272222222222,111.32727272727273
17487,2021-07-02 04:00:00,2021-07-02 04:15:00,109.0,107.14761111111113,106.80138888888887,110.35454545454546
17488,2021-07-02 04:15:00,2021-07-02 04:30:00,110.0,108.67955555555558,108.35477777777778,108.94545454545455
17489,2021-07-02 04:30:00,2021-07-02 04:45:00,102.0,109.69616666666664,109.09666666666668,109.20454545454545
17490,2021-07-02 04:45:00,2021-07-02 05:00:00,104.0,103.77377777777777,103.7251111111111,104.9590909090909
17491,2021-07-02 05:00:00,2021-07-02 05:15:00,83.0,85.75699999999998,86.67283333333336,94.50909090909092
17492,2021-07-02 05:15:00,2021-07-02 05:30:00,79.0,76.5444920634921,77.45466666666668,80.82727272727273
17493,2021-07-02 05:30:00,2021-07-02 05:45:00,103.0,95.45338888888892,95.00733333333335,95.62272727272727
17494,2021-07-02 05:45:00,2021-07-02 06:00:00,120.0,109.58105555555551,110.03083333333333,108.87272727272727
17495,2021-07-02 06:00:00,2021-07-02 06:15:00,117.0,115.5492777777778,119.54544444444448,114.11363636363636
17496,2021-07-02 06:15:00,2021-07-02 06:30:00,114.0,113.91255555555558,114.56077777777779,116.42272727272727
17497,2021-07-02 06:30:00,2021-07-02 06:45:00,110.0,110.03672222222221,109.84316666666666,110.18636363636364
17498,2021-07-02 06:45:00,2021-07-02 07:00:00,106.0,109.22616666666663,109.54327777777775,111.30909090909091
17499,2021-07-02 07:00:00,2021-07-02 07:15:00,118.0,102.56705555555556,102.3921111111111,106.32727272727273
17500,2021-07-02 07:15:00,2021-07-02 07:30:00,130.0,127.0980555555555,130.78677777777776,127.05454545454545
17501,2021-07-02 07:30:00,2021-07-02 07:45:00,143.0,151.48922222222225,148.12438888888892,151.2
17502,2021-07-02 07:45:00,2021-07-02 08:00:00,139.0,146.20111111111103,149.31588888888882,144.35
17503,2021-07-02 08:00:00,2021-07-02 08:15:00,145.0,154.84488888888893,157.4332222222223,152.27727272727273
17504,2021-07-02 08:15:00,2021-07-02 08:30:00,158.0,158.47477777777775,158.94211111111107,157.3
17505,2021-07-02 08:30:00,2021-07-02 08:45:00,168.0,160.28899999999993,161.23844444444435,159.75454545454545
17506,2021-07-02 08:45:00,2021-07-02 09:00:00,173.0,170.6736111111111,170.37433333333334,171.5
17507,2021-07-02 09:00:00,2021-07-02 09:15:00,187.0,164.30072222222216,165.04222222222222,168.13636363636363
17508,2021-07-02 09:15:00,2021-07-02 09:30:00,175.0,183.27811111111112,185.35394444444444,181.12272727272727
17509,2021-07-02 09:30:00,2021-07-02 09:45:00,172.0,168.80994444444445,168.65655555555557,167.54090909090908
17510,2021-07-02 09:45:00,2021-07-02 10:00:00,165.0,170.2234444444444,169.0747777777778,172.84545454545454
17511,2021-07-02 10:00:00,2021-07-02 10:15:00,140.0,138.66099999999997,135.85705555555555,150.65454545454546
17512,2021-07-02 10:15:00,2021-07-02 10:30:00,162.0,168.50094444444449,168.53738888888887,170.5590909090909
17513,2021-07-02 10:30:00,2021-07-02 10:45:00,179.0,168.48683333333335,168.8120555555556,168.72272727272727
17514,2021-07-02 10:45:00,2021-07-02 11:00:00,175.0,175.32774269005841,174.67105555555554,174.50454545454545
17515,2021-07-02 11:00:00,2021-07-02 11:15:00,184.0,169.2001666666666,163.16150000000002,174.63636363636363
17516,2021-07-02 11:15:00,2021-07-02 11:30:00,177.0,178.1591666666666,179.04111111111106,178.83636363636364
17517,2021-07-02 11:30:00,2021-07-02 11:45:00,186.0,173.78611111111113,173.01216666666667,175.29090909090908
17518,2021-07-02 11:45:00,2021-07-02 12:00:00,167.0,179.5002222222222,179.30033333333338,179.44545454545454
17519,2021-07-02 12:00:00,2021-07-02 12:15:00,113.0,113.3355555555555,117.26877777777777,121.3
17520,2021-07-02 12:15:00,2021-07-02 12:30:00,98.0,95.43538888888891,95.45305555555557,96.44090909090909
17521,2021-07-02 12:30:00,2021-07-02 12:45:00,103.0,97.1684444444444,98.25844444444442,100.81818181818181
17522,2021-07-02 12:45:00,2021-07-02 13:00:00,117.0,128.0033333333334,127.26844444444444,125.72272727272727
17523,2021-07-02 13:00:00,2021-07-02 13:15:00,157.0,154.01461111111107,151.82183333333333,151.65454545454546
17524,2021-07-02 13:15:00,2021-07-02 13:30:00,166.0,165.75038888888892,165.90977777777778,164.90454545454546
17525,2021-07-02 13:30:00,2021-07-02 13:45:00,177.0,170.9021111111111,171.088,170.97727272727272
17526,2021-07-02 13:45:00,2021-07-02 14:00:00,178.0,172.83427777777777,173.14277777777775,175.13636363636363
17527,2021-07-02 14:00:00,2021-07-02 14:15:00,167.0,166.18872222222222,168.59955555555553,169.70909090909092
17528,2021-07-02 14:15:00,2021-07-02 14:30:00,173.0,165.54706565656562,166.63211111111116,168.2590909090909
17529,2021-07-02 14:30:00,2021-07-02 14:45:00,183.0,170.61988888888888,169.6098333333334,172.61818181818182
17530,2021-07-02 14:45:00,2021-07-02 15:00:00,177.0,178.10488888888895,177.55144444444446,176.69545454545454
17531,2021-07-02 15:00:00,2021-07-02 15:15:00,138.0,138.96077777777776,141.40072222222224,151.9181818181818
17532,2021-07-02 15:15:00,2021-07-02 15:30:00,133.0,169.96303968253974,167.55888888888896,172.26818181818183
17533,2021-07-02 15:30:00,2021-07-02 15:45:00,142.0,157.9719444444445,159.19166666666672,157.86818181818182
17534,2021-07-02 15:45:00,2021-07-02 16:00:00,160.0,158.45850000000007,158.3525,155.97272727272727
17535,2021-07-02 16:00:00,2021-07-02 16:15:00,164.0,152.72711111111107,154.7344444444445,155.8909090909091
17536,2021-07-02 16:15:00,2021-07-02 16:30:00,153.0,161.41844444444445,161.5631111111111,158.91363636363636
17537,2021-07-02 16:30:00,2021-07-02 16:45:00,158.0,158.55333333333334,158.76322222222217,154.5909090909091
17538,2021-07-02 16:45:00,2021-07-02 17:00:00,158.0,162.1891666666667,162.08866666666665,157.08636363636364
17539,2021-07-02 17:00:00,2021-07-02 17:15:00,120.0,118.44277777777769,120.85944444444448,120.20454545454545
17540,2021-07-02 17:15:00,2021-07-02 17:30:00,126.0,110.45972222222224,112.60466666666662,111.31363636363636
17541,2021-07-02 17:30:00,2021-07-02 17:45:00,168.0,136.14105555555557,130.0667777777778,147.3181818181818
17542,2021-07-02 17:45:00,2021-07-02 18:00:00,175.0,165.57055555555561,164.42138888888894,171.52272727272728
17543,2021-07-02 18:00:00,2021-07-02 18:15:00,169.0,165.07877777777776,164.1222222222222,167.74545454545455
17544,2021-07-02 18:15:00,2021-07-02 18:30:00,160.0,163.33938888888892,163.5905,162.6409090909091
17545,2021-07-02 18:30:00,2021-07-02 18:45:00,155.0,160.9817777777777,159.70322222222222,159.5818181818182
17546,2021-07-02 18:45:00,2021-07-02 19:00:00,155.0,153.41811111111116,151.69916666666666,154.6909090909091
17547,2021-07-02 19:00:00,2021-07-02 19:15:00,149.0,150.04466666666676,145.419,153.12272727272727
17548,2021-07-02 19:15:00,2021-07-02 19:30:00,137.0,145.3325555555556,145.73477777777782,148.03181818181818
17549,2021-07-02 19:30:00,2021-07-02 19:45:00,136.0,135.84655555555557,135.75661111111108,135.57272727272726
17550,2021-07-02 19:45:00,2021-07-02 20:00:00,120.0,121.98372222222223,127.94455555555557,121.8
17551,2021-07-02 20:00:00,2021-07-02 20:15:00,116.0,116.18122222222223,115.71527777777781,113.74545454545455
17552,2021-07-02 20:15:00,2021-07-02 20:30:00,118.0,121.51133333333334,121.0036111111111,116.86363636363636
17553,2021-07-02 20:30:00,2021-07-02 20:45:00,130.0,119.54519047619046,119.3466111111111,117.86363636363636
17554,2021-07-02 20:45:00,2021-07-02 21:00:00,123.0,123.53311111111114,124.41605555555556,124.2090909090909
17555,2021-07-02 21:00:00,2021-07-02 21:15:00,116.0,118.89061111111114,116.93983333333333,120.69545454545455
17556,2021-07-02 21:15:00,2021-07-02 21:30:00,107.0,113.94416666666662,112.97522222222221,114.31363636363636
17557,2021-07-02 21:30:00,2021-07-02 21:45:00,111.0,110.77944444444448,111.18061111111109,112.37272727272727
17558,2021-07-02 21:45:00,2021-07-02 22:00:00,121.0,109.77244444444443,110.21077777777776,111.26818181818182
17559,2021-07-02 22:00:00,2021-07-02 22:15:00,107.0,113.14161111111112,113.86483333333332,115.4090909090909
17560,2021-07-02 22:15:00,2021-07-02 22:30:00,117.0,109.3686111111111,109.21383333333335,108.87272727272727
17561,2021-07-02 22:30:00,2021-07-02 22:45:00,113.0,115.46938888888891,114.91950000000001,118.05
17562,2021-07-02 22:45:00,2021-07-02 23:00:00,106.0,108.777,108.10449999999999,110.98181818181818
17563,2021-07-02 23:00:00,2021-07-02 23:15:00,95.0,108.80877777777778,102.92927777777778,107.85454545454546
17564,2021-07-02 23:15:00,2021-07-02 23:30:00,103.0,105.019,104.52283333333335,105.75
17565,2021-07-02 23:30:00,2021-07-02 23:45:00,96.0,104.41350000000004,104.68533333333328,102.8
17566,2021-07-02 23:45:00,2021-07-03 00:00:00,79.0,77.22334920634921,82.88149999999997,73.67272727272727
17567,2021-07-03 00:00:00,2021-07-03 00:15:00,76.0,66.11533333333337,67.10388888888887,64.49545454545455
17568,2021-07-03 00:15:00,2021-07-03 00:30:00,65.0,71.64277777777782,75.38877777777779,68.79545454545455
17569,2021-07-03 00:30:00,2021-07-03 00:45:00,64.0,64.62749999999998,65.19633333333331,64.29545454545455
17570,2021-07-03 00:45:00,2021-07-03 01:00:00,63.0,65.12666666666665,65.36938888888888,65.44090909090909
17571,2021-07-03 01:00:00,2021-07-03 01:15:00,92.0,93.2705,93.9847777777778,94.54545454545455
17572,2021-07-03 01:15:00,2021-07-03 01:30:00,105.0,100.59011111111117,100.12855555555555,102.92272727272727
17573,2021-07-03 01:30:00,2021-07-03 01:45:00,107.0,110.02316666666673,110.1391666666667,106.89545454545454
17574,2021-07-03 01:45:00,2021-07-03 02:00:00,110.0,106.93055555555561,106.84022222222222,110.08181818181818
17575,2021-07-03 02:00:00,2021-07-03 02:15:00,107.0,107.14199999999995,106.6866666666667,108.05909090909091
17576,2021-07-03 02:15:00,2021-07-03 02:30:00,106.0,102.49022222222229,102.84216666666669,106.44090909090909
17577,2021-07-03 02:30:00,2021-07-03 02:45:00,105.0,104.7951666666667,105.77633333333334,107.22272727272727
17578,2021-07-03 02:45:00,2021-07-03 03:00:00,105.0,104.2628412698413,104.72622222222225,108.81363636363636
17579,2021-07-03 03:00:00,2021-07-03 03:15:00,94.0,91.44035714285715,93.67344444444443,98.32272727272728
17580,2021-07-03 03:15:00,2021-07-03 03:30:00,105.0,105.95355555555558,102.81855555555559,107.00454545454545
17581,2021-07-03 03:30:00,2021-07-03 03:45:00,103.0,103.35407407407413,103.38261111111113,106.19545454545455
17582,2021-07-03 03:45:00,2021-07-03 04:00:00,108.0,102.3410740740741,101.61705555555555,102.7
17583,2021-07-03 04:00:00,2021-07-03 04:15:00,112.0,104.22600000000004,103.65033333333332,108.2090909090909
17584,2021-07-03 04:15:00,2021-07-03 04:30:00,106.0,108.99088888888889,109.04322222222225,110.85
17585,2021-07-03 04:30:00,2021-07-03 04:45:00,100.0,104.0821031746032,103.79805555555558,106.49545454545455
17586,2021-07-03 04:45:00,2021-07-03 05:00:00,99.0,100.8719365079365,101.12805555555556,104.9090909090909
17587,2021-07-03 05:00:00,2021-07-03 05:15:00,80.0,84.83744444444446,84.66005555555557,93.5
17588,2021-07-03 05:15:00,2021-07-03 05:30:00,73.0,74.83179365079364,74.68072222222222,74.69090909090909
17589,2021-07-03 05:30:00,2021-07-03 05:45:00,96.0,94.5795793650794,94.35977777777781,95.06818181818181
17590,2021-07-03 05:45:00,2021-07-03 06:00:00,105.0,103.621753968254,103.3743888888889,106.89090909090909
17591,2021-07-03 06:00:00,2021-07-03 06:15:00,105.0,110.8787619047619,111.90927777777773,109.57272727272728
17592,2021-07-03 06:15:00,2021-07-03 06:30:00,101.0,102.83323809523814,103.40329629629635,107.85909090909091
17593,2021-07-03 06:30:00,2021-07-03 06:45:00,95.0,101.05594444444442,100.49474074074074,105.80909090909091
17594,2021-07-03 06:45:00,2021-07-03 07:00:00,91.0,90.77900000000002,92.07150000000001,98.88636363636364
17595,2021-07-03 07:00:00,2021-07-03 07:15:00,83.0,87.42408730158735,88.0217777777778,90.76363636363637
17596,2021-07-03 07:15:00,2021-07-03 07:30:00,68.0,75.45227777777778,72.52605555555556,80.55909090909091
17597,2021-07-03 07:30:00,2021-07-03 07:45:00,31.0,45.8765,45.663611111111116,47.35454545454545
17598,2021-07-03 07:45:00,2021-07-03 08:00:00,28.0,25.941222222222223,25.520555555555557,27.09090909090909
17599,2021-07-03 08:00:00,2021-07-03 08:15:00,23.0,24.275611111111118,24.29511111111112,23.577272727272728
17600,2021-07-03 08:15:00,2021-07-03 08:30:00,22.0,22.906103174603178,22.644166666666674,22.727272727272727
17601,2021-07-03 08:30:00,2021-07-03 08:45:00,22.0,22.321500000000004,22.458555555555556,22.677272727272726
17602,2021-07-03 08:45:00,2021-07-03 09:00:00,22.0,22.064698412698423,22.290944444444445,22.213636363636365
17603,2021-07-03 09:00:00,2021-07-03 09:15:00,23.0,22.284444444444457,22.284722222222225,23.03181818181818
17604,2021-07-03 09:15:00,2021-07-03 09:30:00,27.0,23.571722222222242,23.418555555555553,24.48181818181818
17605,2021-07-03 09:30:00,2021-07-03 09:45:00,25.0,26.326222222222228,26.674000000000007,25.004545454545454
17606,2021-07-03 09:45:00,2021-07-03 10:00:00,23.0,24.44388888888889,23.606,22.486363636363638
17607,2021-07-03 10:00:00,2021-07-03 10:15:00,23.0,22.747190476190465,22.7805,22.95
17608,2021-07-03 10:15:00,2021-07-03 10:30:00,23.0,23.106333333333335,23.098277777777785,23.113636363636363
17609,2021-07-03 10:30:00,2021-07-03 10:45:00,22.0,23.730277777777783,23.46188888888889,24.936363636363637
17610,2021-07-03 10:45:00,2021-07-03 11:00:00,22.0,22.67046031746031,22.804555555555552,22.60909090909091
17611,2021-07-03 11:00:00,2021-07-03 11:15:00,22.0,22.79849999999999,22.393111111111114,23.15909090909091
17612,2021-07-03 11:15:00,2021-07-03 11:30:00,23.0,22.766055555555557,22.73168888888889,22.65909090909091
17613,2021-07-03 11:30:00,2021-07-03 11:45:00,22.0,25.33472222222222,25.320666666666664,26.054545454545455
17614,2021-07-03 11:45:00,2021-07-03 12:00:00,23.0,22.843888888888895,23.277970731707317,22.472727272727273
17615,2021-07-03 12:00:00,2021-07-03 12:15:00,22.0,25.49841666666666,25.606333333333325,25.336363636363636
17616,2021-07-03 12:15:00,2021-07-03 12:30:00,22.0,23.091013227513226,23.719704761904772,22.3
17617,2021-07-03 12:30:00,2021-07-03 12:45:00,27.0,22.806008771929818,23.05288888888889,22.204545454545453
17618,2021-07-03 12:45:00,2021-07-03 13:00:00,26.0,26.34400000000002,26.294944444444447,26.14090909090909
17619,2021-07-03 13:00:00,2021-07-03 13:15:00,22.0,23.257047619047615,23.272166666666664,22.195454545454545
17620,2021-07-03 13:15:00,2021-07-03 13:30:00,22.0,22.341944444444444,22.269833333333338,22.181818181818183
17621,2021-07-03 13:30:00,2021-07-03 13:45:00,22.0,22.211984126984124,22.133730158730152,22.35
17622,2021-07-03 13:45:00,2021-07-03 14:00:00,22.0,22.077982026143797,22.030577777777776,22.104545454545455
17623,2021-07-03 14:00:00,2021-07-03 14:15:00,22.0,22.619982026143795,23.315862139917694,22.445454545454545
17624,2021-07-03 14:15:00,2021-07-03 14:30:00,22.0,22.09719855036033,22.13750593076737,22.35
17625,2021-07-03 14:30:00,2021-07-03 14:45:00,22.0,22.361111618512833,22.222614520870085,23.168181818181818
17626,2021-07-03 14:45:00,2021-07-03 15:00:00,23.0,22.017785714285715,22.044411111111117,22.25
17627,2021-07-03 15:00:00,2021-07-03 15:15:00,21.0,25.315746031746016,24.71649999999999,25.022727272727273
17628,2021-07-03 15:15:00,2021-07-03 15:30:00,22.0,21.920055555555553,22.124777777777776,21.509090909090908
17629,2021-07-03 15:30:00,2021-07-03 15:45:00,22.0,23.70415476190476,24.24072222222222,23.05909090909091
17630,2021-07-03 15:45:00,2021-07-03 16:00:00,25.0,22.95300790242895,23.283506789357602,22.445454545454545
17631,2021-07-03 16:00:00,2021-07-03 16:15:00,26.0,26.94484126984128,27.4625,27.527272727272727
17632,2021-07-03 16:15:00,2021-07-03 16:30:00,22.0,22.92501587301587,22.68694444444445,22.87272727272727
17633,2021-07-03 16:30:00,2021-07-03 16:45:00,22.0,22.060333333333332,22.028,22.177272727272726
17634,2021-07-03 16:45:00,2021-07-03 17:00:00,22.0,22.089190476190478,22.107741192411922,22.045454545454547
17635,2021-07-03 17:00:00,2021-07-03 17:15:00,22.0,22.439912698412694,22.95894444444444,22.55
17636,2021-07-03 17:15:00,2021-07-03 17:30:00,22.0,22.229345884811984,22.228855555555548,22.51818181818182
17637,2021-07-03 17:30:00,2021-07-03 17:45:00,22.0,22.226128939310293,22.140436516307247,22.668181818181818
17638,2021-07-03 17:45:00,2021-07-03 18:00:00,22.0,22.22292962514574,22.12618888888889,22.777272727272727
17639,2021-07-03 18:00:00,2021-07-03 18:15:00,22.0,22.646031476997578,23.48755555555556,23.05
17640,2021-07-03 18:15:00,2021-07-03 18:30:00,23.0,22.508875392341494,22.399388888888886,22.713636363636365
17641,2021-07-03 18:30:00,2021-07-03 18:45:00,21.0,25.1236746031746,25.395055555555547,23.963636363636365
17642,2021-07-03 18:45:00,2021-07-03 19:00:00,22.0,21.511166666666668,21.712833333333336,21.37727272727273
17643,2021-07-03 19:00:00,2021-07-03 19:15:00,26.0,23.74250000000002,24.03527777777778,23.545454545454547
17644,2021-07-03 19:15:00,2021-07-03 19:30:00,27.0,26.182785714285718,26.441777777777784,26.51818181818182
17645,2021-07-03 19:30:00,2021-07-03 19:45:00,22.0,23.212293650793654,23.211166666666667,22.595454545454544
17646,2021-07-03 19:45:00,2021-07-03 20:00:00,22.0,22.043166666666664,22.01188888888889,22.34090909090909
17647,2021-07-03 20:00:00,2021-07-03 20:15:00,23.0,22.53815873015873,22.40455555555555,22.777272727272727
17648,2021-07-03 20:15:00,2021-07-03 20:30:00,22.0,22.452563492063497,22.85088888888889,23.572727272727274
17649,2021-07-03 20:30:00,2021-07-03 20:45:00,22.0,22.38761111111111,22.312806584362146,23.681818181818183
17650,2021-07-03 20:45:00,2021-07-03 21:00:00,22.0,22.776699248120305,22.726201034737617,23.568181818181817
17651,2021-07-03 21:00:00,2021-07-03 21:15:00,23.0,22.598898989898984,22.544639917695463,23.868181818181817
17652,2021-07-03 21:15:00,2021-07-03 21:30:00,23.0,22.597246031746025,22.707333333333334,23.3
17653,2021-07-03 21:30:00,2021-07-03 21:45:00,23.0,23.073861111111118,22.786166666666666,23.85
17654,2021-07-03 21:45:00,2021-07-03 22:00:00,22.0,23.93433333333333,24.261388888888888,24.277272727272727
17655,2021-07-03 22:00:00,2021-07-03 22:15:00,23.0,24.085912698412706,24.686333333333334,23.304545454545455
17656,2021-07-03 22:15:00,2021-07-03 22:30:00,24.0,22.966190476190473,23.149388888888886,23.604545454545455
17657,2021-07-03 22:30:00,2021-07-03 22:45:00,27.0,24.834138888888884,25.273611111111112,25.01818181818182
17658,2021-07-03 22:45:00,2021-07-03 23:00:00,23.0,24.985539682539688,24.45550000000002,24.21818181818182
17659,2021-07-03 23:00:00,2021-07-03 23:15:00,23.0,23.617603174603172,23.419166666666662,22.777272727272727
17660,2021-07-03 23:15:00,2021-07-03 23:30:00,22.0,22.64055555555554,22.55672222222222,23.113636363636363
17661,2021-07-03 23:30:00,2021-07-03 23:45:00,22.0,22.425277777777772,22.31005555555555,23.163636363636364
17662,2021-07-03 23:45:00,2021-07-04 00:00:00,22.0,23.07733333333333,22.84497474747475,23.163636363636364
17663,2021-07-04 00:00:00,2021-07-04 00:15:00,22.0,23.069896825396828,23.455111111111094,23.586363636363636
17664,2021-07-04 00:15:00,2021-07-04 00:30:00,23.0,22.146721334221336,22.1187695473251,22.918181818181818
17665,2021-07-04 00:30:00,2021-07-04 00:45:00,22.0,22.40539682539682,22.427777777777784,23.536363636363635
17666,2021-07-04 00:45:00,2021-07-04 01:00:00,22.0,22.363166666666668,22.36638888888889,23.013636363636362
17667,2021-07-04 01:00:00,2021-07-04 01:15:00,22.0,22.982722222222215,22.95701866846603,22.863636363636363
17668,2021-07-04 01:15:00,2021-07-04 01:30:00,22.0,23.356944444444444,23.57006752873563,22.70909090909091
17669,2021-07-04 01:30:00,2021-07-04 01:45:00,27.0,22.236277777777786,22.39232063492063,22.277272727272727
17670,2021-07-04 01:45:00,2021-07-04 02:00:00,27.0,26.19850000000002,26.073,26.09090909090909
17671,2021-07-04 02:00:00,2021-07-04 02:15:00,24.0,23.72792063492064,24.773277777777782,23.05
17672,2021-07-04 02:15:00,2021-07-04 02:30:00,23.0,22.71677777777778,23.061222222222227,23.23181818181818
17673,2021-07-04 02:30:00,2021-07-04 02:45:00,23.0,22.516277777777766,22.502611111111108,22.94090909090909
17674,2021-07-04 02:45:00,2021-07-04 03:00:00,22.0,22.43672222222221,22.496555555555553,22.87272727272727
17675,2021-07-04 03:00:00,2021-07-04 03:15:00,22.0,22.975944444444448,23.007722222222217,23.05909090909091
17676,2021-07-04 03:15:00,2021-07-04 03:30:00,23.0,22.32927039627038,22.286499999999997,23.095454545454544
17677,2021-07-04 03:30:00,2021-07-04 03:45:00,23.0,22.801944444444445,22.717388888888888,23.5
17678,2021-07-04 03:45:00,2021-07-04 04:00:00,22.0,23.066055555555558,23.018166666666662,23.595454545454544
17679,2021-07-04 04:00:00,2021-07-04 04:15:00,23.0,22.821,23.43922222222222,23.845454545454544
17680,2021-07-04 04:15:00,2021-07-04 04:30:00,23.0,22.998285714285714,23.066166666666664,22.94090909090909
17681,2021-07-04 04:30:00,2021-07-04 04:45:00,22.0,24.15411111111111,24.376111111111108,23.568181818181817
17682,2021-07-04 04:45:00,2021-07-04 05:00:00,22.0,22.980555555555558,23.095666666666656,23.068181818181817
17683,2021-07-04 05:00:00,2021-07-04 05:15:00,23.0,22.976146464646476,23.20566792929293,23.154545454545456
17684,2021-07-04 05:15:00,2021-07-04 05:30:00,27.0,24.242785714285716,23.902000000000005,23.195454545454545
17685,2021-07-04 05:30:00,2021-07-04 05:45:00,23.0,25.944698412698422,26.250111111111114,25.504545454545454
17686,2021-07-04 05:45:00,2021-07-04 06:00:00,23.0,22.364999999999984,22.373888888888885,22.472727272727273
17687,2021-07-04 06:00:00,2021-07-04 06:15:00,22.0,22.899472222222208,22.881500000000003,23.009090909090908
17688,2021-07-04 06:15:00,2021-07-04 06:30:00,22.0,22.30588888888889,22.2665,22.672727272727272
17689,2021-07-04 06:30:00,2021-07-04 06:45:00,23.0,22.252010198054048,22.21377314814815,22.9
17690,2021-07-04 06:45:00,2021-07-04 07:00:00,22.0,23.302992063492052,22.8115,23.645454545454545
17691,2021-07-04 07:00:00,2021-07-04 07:15:00,21.0,23.047269841269852,22.58120683688739,23.65909090909091
17692,2021-07-04 07:15:00,2021-07-04 07:30:00,22.0,22.755650793650805,21.633833333333335,22.063636363636363
17693,2021-07-04 07:30:00,2021-07-04 07:45:00,23.0,22.385166666666667,22.429,23.322727272727274
17694,2021-07-04 07:45:00,2021-07-04 08:00:00,22.0,24.583309523809525,23.882111111111104,24.09090909090909
17695,2021-07-04 08:00:00,2021-07-04 08:15:00,24.0,23.737799755799767,23.786722222222224,23.40909090909091
17696,2021-07-04 08:15:00,2021-07-04 08:30:00,28.0,27.930166666666665,27.755611111111115,26.086363636363636
17697,2021-07-04 08:30:00,2021-07-04 08:45:00,24.0,26.655277777777783,25.767888888888898,27.513636363636362
17698,2021-07-04 08:45:00,2021-07-04 09:00:00,21.0,24.37758730158729,23.88222222222221,23.913636363636364
17699,2021-07-04 09:00:00,2021-07-04 09:15:00,22.0,21.668722222222208,21.5875,21.37727272727273
17700,2021-07-04 09:15:00,2021-07-04 09:30:00,22.0,25.751674603174603,27.216333333333328,24.413636363636364
17701,2021-07-04 09:30:00,2021-07-04 09:45:00,22.0,22.25477777777777,22.520222222222223,22.863636363636363
17702,2021-07-04 09:45:00,2021-07-04 10:00:00,22.0,22.33671428571428,22.592111111111098,23.03181818181818
17703,2021-07-04 10:00:00,2021-07-04 10:15:00,22.0,22.796000000000006,22.82794444444444,22.881818181818183
17704,2021-07-04 10:15:00,2021-07-04 10:30:00,23.0,22.22152354048964,22.51130128738364,22.904545454545456
17705,2021-07-04 10:30:00,2021-07-04 10:45:00,23.0,23.566507936507946,22.999444444444443,24.386363636363637
17706,2021-07-04 10:45:00,2021-07-04 11:00:00,23.0,24.099730158730164,24.04277777777777,24.004545454545454
17707,2021-07-04 11:00:00,2021-07-04 11:15:00,24.0,25.085396825396824,25.224166666666658,23.69090909090909
17708,2021-07-04 11:15:00,2021-07-04 11:30:00,26.0,25.025888888888872,24.887944444444443,25.186363636363637
17709,2021-07-04 11:30:00,2021-07-04 11:45:00,28.0,25.253126984126993,25.124888888888893,25.204545454545453
17710,2021-07-04 11:45:00,2021-07-04 12:00:00,25.0,25.413134920634914,24.456888888888887,26.618181818181817
17711,2021-07-04 12:00:00,2021-07-04 12:15:00,24.0,27.996555555555556,31.456444444444436,25.15
17712,2021-07-04 12:15:00,2021-07-04 12:30:00,23.0,23.880666666666656,23.874777777777776,26.113636363636363
17713,2021-07-04 12:30:00,2021-07-04 12:45:00,23.0,22.993611111111107,23.244888888888877,22.727272727272727
17714,2021-07-04 12:45:00,2021-07-04 13:00:00,23.0,23.304694444444436,23.280222222222214,23.85
17715,2021-07-04 13:00:00,2021-07-04 13:15:00,23.0,24.013833333333338,25.08861111111111,23.87727272727273
17716,2021-07-04 13:15:00,2021-07-04 13:30:00,24.0,23.027111111111097,23.10833333333333,23.522727272727273
17717,2021-07-04 13:30:00,2021-07-04 13:45:00,23.0,24.23544444444445,24.170222222222225,25.35909090909091
17718,2021-07-04 13:45:00,2021-07-04 14:00:00,23.0,23.501579365079362,23.231444444444445,23.722727272727273
17719,2021-07-04 14:00:00,2021-07-04 14:15:00,23.0,24.315166666666673,25.02716666666666,23.60909090909091
17720,2021-07-04 14:15:00,2021-07-04 14:30:00,23.0,23.27205555555555,23.29144444444444,23.3
17721,2021-07-04 14:30:00,2021-07-04 14:45:00,23.0,23.53324999999999,23.96322222222222,23.195454545454545
17722,2021-07-04 14:45:00,2021-07-04 15:00:00,27.0,23.85746825396824,23.942666666666664,23.295454545454547
17723,2021-07-04 15:00:00,2021-07-04 15:15:00,27.0,26.726753968253973,27.48972222222222,25.827272727272728
17724,2021-07-04 15:15:00,2021-07-04 15:30:00,23.0,23.27807142857143,23.92533333333333,25.009090909090908
17725,2021-07-04 15:30:00,2021-07-04 15:45:00,23.0,22.763857142857134,22.94066666666666,23.259090909090908
17726,2021-07-04 15:45:00,2021-07-04 16:00:00,23.0,22.74205555555554,22.496888888888886,22.727272727272727
17727,2021-07-04 16:00:00,2021-07-04 16:15:00,23.0,23.661999999999992,24.956111111111102,22.722727272727273
17728,2021-07-04 16:15:00,2021-07-04 16:30:00,23.0,22.540555555555542,22.681833333333326,22.65
17729,2021-07-04 16:30:00,2021-07-04 16:45:00,23.0,22.53172222222221,22.65055555555555,22.881818181818183
17730,2021-07-04 16:45:00,2021-07-04 17:00:00,25.0,22.714111111111094,22.788499999999996,22.759090909090908
17731,2021-07-04 17:00:00,2021-07-04 17:15:00,22.0,27.343333333333344,32.94800000000001,26.29090909090909
17732,2021-07-04 17:15:00,2021-07-04 17:30:00,22.0,22.127222222222223,22.104222222222226,22.509090909090908
17733,2021-07-04 17:30:00,2021-07-04 17:45:00,22.0,22.54601851851852,22.988958333333326,22.87272727272727
17734,2021-07-04 17:45:00,2021-07-04 18:00:00,22.0,22.585936507936506,22.964458333333333,22.663636363636364
17735,2021-07-04 18:00:00,2021-07-04 18:15:00,25.0,22.964420634920636,23.48674074074074,23.095454545454544
17736,2021-07-04 18:15:00,2021-07-04 18:30:00,27.0,27.037111111111123,26.922666666666665,26.254545454545454
17737,2021-07-04 18:30:00,2021-07-04 18:45:00,23.0,22.619222222222223,22.6285,23.12727272727273
17738,2021-07-04 18:45:00,2021-07-04 19:00:00,23.0,22.851611111111108,22.702777777777776,23.45
17739,2021-07-04 19:00:00,2021-07-04 19:15:00,23.0,23.06999999999999,23.527888888888885,22.89090909090909
17740,2021-07-04 19:15:00,2021-07-04 19:30:00,22.0,22.256444444444437,22.41883333333333,22.759090909090908
17741,2021-07-04 19:30:00,2021-07-04 19:45:00,22.0,22.588317460317448,22.559242798353917,23.918181818181818
17742,2021-07-04 19:45:00,2021-07-04 20:00:00,23.0,22.446984126984127,22.51608051765215,23.081818181818182
17743,2021-07-04 20:00:00,2021-07-04 20:15:00,22.0,22.839055555555554,23.725166666666667,22.89090909090909
17744,2021-07-04 20:15:00,2021-07-04 20:30:00,23.0,22.38076984126983,22.329528806584367,23.572727272727274
17745,2021-07-04 20:30:00,2021-07-04 20:45:00,22.0,23.978142857142856,23.51466666666667,24.10909090909091
17746,2021-07-04 20:45:00,2021-07-04 21:00:00,22.0,23.294158730158735,23.586503932244405,23.05
17747,2021-07-04 21:00:00,2021-07-04 21:15:00,24.0,24.16329365079364,24.189333333333327,23.71818181818182
17748,2021-07-04 21:15:00,2021-07-04 21:30:00,24.0,26.07405555555556,26.726999999999997,23.95
17749,2021-07-04 21:30:00,2021-07-04 21:45:00,28.0,24.2403492063492,24.719555555555562,24.236363636363638
17750,2021-07-04 21:45:00,2021-07-04 22:00:00,25.0,26.23183333333335,26.03533333333334,25.804545454545455
17751,2021-07-04 22:00:00,2021-07-04 22:15:00,23.0,25.162388888888895,29.424611111111112,25.068181818181817
17752,2021-07-04 22:15:00,2021-07-04 22:30:00,24.0,22.713444444444445,22.953444444444436,23.363636363636363
17753,2021-07-04 22:30:00,2021-07-04 22:45:00,23.0,23.61049999999999,24.0065,23.90909090909091
17754,2021-07-04 22:45:00,2021-07-04 23:00:00,23.0,22.953722222222215,23.267222222222212,23.504545454545454
17755,2021-07-04 23:00:00,2021-07-04 23:15:00,23.0,23.857055555555544,26.532333333333323,23.304545454545455
17756,2021-07-04 23:15:00,2021-07-04 23:30:00,23.0,22.7696111111111,23.097166666666663,23.3
17757,2021-07-04 23:30:00,2021-07-04 23:45:00,22.0,22.912722222222214,23.074499999999997,23.46818181818182
17758,2021-07-04 23:45:00,2021-07-05 00:00:00,22.0,22.819833333333325,23.008055555555547,23.554545454545455
17759,2021-07-05 00:00:00,2021-07-05 00:15:00,23.0,26.54183333333333,26.645277777777775,23.677272727272726
17760,2021-07-05 00:15:00,2021-07-05 00:30:00,23.0,22.847722222222217,22.9745,24.181818181818183
17761,2021-07-05 00:30:00,2021-07-05 00:45:00,27.0,22.99349206349206,23.724333333333337,23.40909090909091
17762,2021-07-05 00:45:00,2021-07-05 01:00:00,28.0,26.561333333333334,26.650166666666674,26.177272727272726
17763,2021-07-05 01:00:00,2021-07-05 01:15:00,23.0,24.286277777777773,24.477055555555555,24.259090909090908
17764,2021-07-05 01:15:00,2021-07-05 01:30:00,23.0,22.417142857142853,22.65083333333333,22.722727272727273
17765,2021-07-05 01:30:00,2021-07-05 01:45:00,23.0,22.4976111111111,22.667777777777772,24.62272727272727
17766,2021-07-05 01:45:00,2021-07-05 02:00:00,22.0,22.49788888888888,22.692499999999995,23.577272727272728
17767,2021-07-05 02:00:00,2021-07-05 02:15:00,23.0,22.895555555555546,23.147277777777777,24.10909090909091
17768,2021-07-05 02:15:00,2021-07-05 02:30:00,23.0,22.42944444444444,22.462333333333323,23.45
17769,2021-07-05 02:30:00,2021-07-05 02:45:00,22.0,22.53694444444444,22.62605555555555,23.62727272727273
17770,2021-07-05 02:45:00,2021-07-05 03:00:00,23.0,22.47488888888889,22.53416666666667,22.65909090909091
17771,2021-07-05 03:00:00,2021-07-05 03:15:00,23.0,23.030666666666665,23.63055555555556,23.413636363636364
17772,2021-07-05 03:15:00,2021-07-05 03:30:00,23.0,22.899833333333333,23.138388888888894,23.463636363636365
17773,2021-07-05 03:30:00,2021-07-05 03:45:00,23.0,23.161277777777773,23.718277777777782,23.695454545454545
17774,2021-07-05 03:45:00,2021-07-05 04:00:00,25.0,22.874611111111097,23.218555555555557,23.65
17775,2021-07-05 04:00:00,2021-07-05 04:15:00,27.0,28.534222222222244,28.646333333333338,26.454545454545453
17776,2021-07-05 04:15:00,2021-07-05 04:30:00,23.0,24.16083333333334,23.74427777777778,23.80909090909091
17777,2021-07-05 04:30:00,2021-07-05 04:45:00,23.0,22.304611111111104,22.47955555555555,22.822727272727274
17778,2021-07-05 04:45:00,2021-07-05 05:00:00,22.0,22.431944444444433,22.375277777777775,24.554545454545455
17779,2021-07-05 05:00:00,2021-07-05 05:15:00,23.0,23.212055555555555,23.70394444444445,23.1
17780,2021-07-05 05:15:00,2021-07-05 05:30:00,23.0,22.728230158730156,22.31566666666667,24.15909090909091
17781,2021-07-05 05:30:00,2021-07-05 05:45:00,22.0,22.97299999999999,22.664999999999996,23.740909090909092
17782,2021-07-05 05:45:00,2021-07-05 06:00:00,22.0,22.41438888888889,22.60163168724281,23.336363636363636
17783,2021-07-05 06:00:00,2021-07-05 06:15:00,23.0,22.917499999999993,22.717195473251035,22.96818181818182
17784,2021-07-05 06:15:00,2021-07-05 06:30:00,22.0,23.851499999999998,22.753777777777778,24.23181818181818
17785,2021-07-05 06:30:00,2021-07-05 06:45:00,21.0,23.199936507936503,23.48283333333334,23.26818181818182
17786,2021-07-05 06:45:00,2021-07-05 07:00:00,23.0,22.041111111111103,21.928222222222214,21.581818181818182
17787,2021-07-05 07:00:00,2021-07-05 07:15:00,33.0,26.41468253968253,25.479388888888884,27.145454545454545
17788,2021-07-05 07:15:00,2021-07-05 07:30:00,46.0,57.714523809523854,58.06905555555559,53.263636363636365
17789,2021-07-05 07:30:00,2021-07-05 07:45:00,69.0,70.91066666666661,70.5851111111111,70.04545454545455
17790,2021-07-05 07:45:00,2021-07-05 08:00:00,104.0,97.98822222222225,97.75550000000004,94.43636363636364
17791,2021-07-05 08:00:00,2021-07-05 08:15:00,145.0,146.48866666666683,145.36683333333326,149.02272727272728
17792,2021-07-05 08:15:00,2021-07-05 08:30:00,172.0,162.8566111111111,162.83483333333334,170.20909090909092
17793,2021-07-05 08:30:00,2021-07-05 08:45:00,183.0,181.27066666666656,180.10916666666665,186.6727272727273
17794,2021-07-05 08:45:00,2021-07-05 09:00:00,173.0,181.68999999999997,181.28955555555555,182.8181818181818
17795,2021-07-05 09:00:00,2021-07-05 09:15:00,172.0,171.73022222222224,169.03572222222226,170.47727272727272
17796,2021-07-05 09:15:00,2021-07-05 09:30:00,170.0,166.7447222222222,168.3631666666667,169.94545454545454
17797,2021-07-05 09:30:00,2021-07-05 09:45:00,175.0,164.83200000000002,165.86705555555554,169.8181818181818
17798,2021-07-05 09:45:00,2021-07-05 10:00:00,163.0,170.29122222222225,170.01544444444443,171.29545454545453
17799,2021-07-05 10:00:00,2021-07-05 10:15:00,148.0,133.84294444444438,133.0478333333333,132.22727272727272
17800,2021-07-05 10:15:00,2021-07-05 10:30:00,180.0,170.37861904761917,168.94972222222225,171.4227272727273
17801,2021-07-05 10:30:00,2021-07-05 10:45:00,179.0,173.71105555555553,175.26588888888892,179.6
17802,2021-07-05 10:45:00,2021-07-05 11:00:00,185.0,173.29324269005843,173.13549999999995,173.04545454545453
17803,2021-07-05 11:00:00,2021-07-05 11:15:00,185.0,172.3975555555555,165.67144444444438,177.43636363636364
17804,2021-07-05 11:15:00,2021-07-05 11:30:00,169.0,176.13350000000003,176.01561111111113,177.22727272727272
17805,2021-07-05 11:30:00,2021-07-05 11:45:00,168.0,172.17405555555558,171.5664444444444,175.23181818181817
17806,2021-07-05 11:45:00,2021-07-05 12:00:00,164.0,171.22761111111112,171.32244444444444,172.27272727272728
17807,2021-07-05 12:00:00,2021-07-05 12:15:00,116.0,114.10116666666669,117.26877777777774,113.9590909090909
17808,2021-07-05 12:15:00,2021-07-05 12:30:00,101.0,103.66872222222223,108.23161111111115,102.01818181818182
17809,2021-07-05 12:30:00,2021-07-05 12:45:00,99.0,101.03188888888889,100.61022222222222,102.46818181818182
17810,2021-07-05 12:45:00,2021-07-05 13:00:00,100.0,124.36683333333335,124.74288888888887,126.24090909090908
17811,2021-07-05 13:00:00,2021-07-05 13:15:00,148.0,138.6645555555555,135.39699999999996,143.31363636363636
17812,2021-07-05 13:15:00,2021-07-05 13:30:00,165.0,161.45125396825398,161.4091666666667,166.45909090909092
17813,2021-07-05 13:30:00,2021-07-05 13:45:00,176.0,168.47588888888893,168.37972222222217,174.23636363636365
17814,2021-07-05 13:45:00,2021-07-05 14:00:00,181.0,175.4496111111111,176.22994444444438,178.29090909090908
17815,2021-07-05 14:00:00,2021-07-05 14:15:00,169.0,170.91194444444443,171.62799999999996,172.72272727272727
17816,2021-07-05 14:15:00,2021-07-05 14:30:00,170.0,163.53266666666664,163.93161111111112,166.47727272727272
17817,2021-07-05 14:30:00,2021-07-05 14:45:00,167.0,167.78422222222218,168.1002777777778,169.54090909090908
17818,2021-07-05 14:45:00,2021-07-05 15:00:00,168.0,168.27422727272722,166.9440555555556,171.26363636363635
17819,2021-07-05 15:00:00,2021-07-05 15:15:00,141.0,131.5758095238095,132.23394444444443,148.06363636363636
17820,2021-07-05 15:15:00,2021-07-05 15:30:00,140.0,166.40016666666665,165.26755555555556,167.5818181818182
17821,2021-07-05 15:30:00,2021-07-05 15:45:00,174.0,162.16956349206347,159.17250000000004,157.54545454545453
17822,2021-07-05 15:45:00,2021-07-05 16:00:00,183.0,167.99166666666665,169.00338888888894,170.52272727272728
17823,2021-07-05 16:00:00,2021-07-05 16:15:00,173.0,162.76638888888894,159.10277777777776,168.63181818181818
17824,2021-07-05 16:15:00,2021-07-05 16:30:00,156.0,166.58377777777775,166.69727777777777,164.9
17825,2021-07-05 16:30:00,2021-07-05 16:45:00,151.0,160.75915873015873,161.1323888888889,159.99545454545455
17826,2021-07-05 16:45:00,2021-07-05 17:00:00,153.0,157.23684126984128,156.78677777777773,156.88636363636363
17827,2021-07-05 17:00:00,2021-07-05 17:15:00,128.0,116.76294444444444,122.27638888888893,123.14545454545454
17828,2021-07-05 17:15:00,2021-07-05 17:30:00,115.0,120.00616666666673,124.17161111111115,117.88636363636364
17829,2021-07-05 17:30:00,2021-07-05 17:45:00,133.0,136.5236111111112,133.72266666666664,145.1909090909091
17830,2021-07-05 17:45:00,2021-07-05 18:00:00,140.0,147.88422222222223,146.0694444444444,151.03181818181818
17831,2021-07-05 18:00:00,2021-07-05 18:15:00,153.0,139.67600000000004,142.21388888888885,138.20454545454547
17832,2021-07-05 18:15:00,2021-07-05 18:30:00,156.0,155.80100000000004,157.65172222222225,154.94545454545454
17833,2021-07-05 18:30:00,2021-07-05 18:45:00,163.0,153.55366666666666,153.26861111111114,153.97727272727272
17834,2021-07-05 18:45:00,2021-07-05 19:00:00,158.0,157.43761111111115,159.51150000000004,157.39545454545456
17835,2021-07-05 19:00:00,2021-07-05 19:15:00,153.0,153.48411111111113,152.82183333333333,153.2409090909091
17836,2021-07-05 19:15:00,2021-07-05 19:30:00,141.0,149.0365,149.92461111111106,152.37727272727273
17837,2021-07-05 19:30:00,2021-07-05 19:45:00,141.0,145.93188888888892,145.27211111111112,147.63636363636363
17838,2021-07-05 19:45:00,2021-07-05 20:00:00,122.0,123.2758888888889,127.85366666666665,122.95
17839,2021-07-05 20:00:00,2021-07-05 20:15:00,113.0,113.85894444444445,113.73583333333333,112.4590909090909
17840,2021-07-05 20:15:00,2021-07-05 20:30:00,111.0,117.43033333333332,117.4274444444444,114.21363636363637
17841,2021-07-05 20:30:00,2021-07-05 20:45:00,126.0,112.70566666666666,112.29461111111112,111.88181818181818
17842,2021-07-05 20:45:00,2021-07-05 21:00:00,130.0,125.5033888888889,126.82133333333336,125.41818181818182
17843,2021-07-05 21:00:00,2021-07-05 21:15:00,124.0,124.01416666666667,124.04911111111105,123.93181818181819
17844,2021-07-05 21:15:00,2021-07-05 21:30:00,122.0,122.73100000000001,122.82066666666665,123.85454545454546
17845,2021-07-05 21:30:00,2021-07-05 21:45:00,110.0,120.91144444444443,120.01222222222226,125.11363636363636
17846,2021-07-05 21:45:00,2021-07-05 22:00:00,110.0,110.80322222222225,108.70166666666667,111.33636363636364
17847,2021-07-05 22:00:00,2021-07-05 22:15:00,94.0,99.9579444444444,101.02805555555555,103.57272727272728
17848,2021-07-05 22:15:00,2021-07-05 22:30:00,100.0,108.13627777777779,107.6563888888889,105.83636363636364
17849,2021-07-05 22:30:00,2021-07-05 22:45:00,108.0,107.12227777777777,106.02933333333328,104.81363636363636
17850,2021-07-05 22:45:00,2021-07-05 23:00:00,115.0,108.67511111111112,109.13966666666668,107.91363636363636
17851,2021-07-05 23:00:00,2021-07-05 23:15:00,116.0,109.55122222222222,109.98722222222221,110.36363636363636
17852,2021-07-05 23:15:00,2021-07-05 23:30:00,107.0,112.8802777777778,112.70816666666666,115.81818181818181
17853,2021-07-05 23:30:00,2021-07-05 23:45:00,100.0,103.73883333333333,103.15594444444444,105.25
17854,2021-07-05 23:45:00,2021-07-06 00:00:00,83.0,79.16805555555555,80.25344444444444,79.67272727272727
17855,2021-07-06 00:00:00,2021-07-06 00:15:00,68.0,64.62838888888886,66.18222222222221,68.87272727272727
17856,2021-07-06 00:15:00,2021-07-06 00:30:00,68.0,64.51927777777782,64.1842777777778,64.11818181818182
17857,2021-07-06 00:30:00,2021-07-06 00:45:00,68.0,65.82561111111112,65.91816666666665,66.60909090909091
17858,2021-07-06 00:45:00,2021-07-06 01:00:00,68.0,65.2740555555556,65.55827777777776,65.35
17859,2021-07-06 01:00:00,2021-07-06 01:15:00,86.0,95.27700000000002,94.7400555555556,93.87727272727273
17860,2021-07-06 01:15:00,2021-07-06 01:30:00,108.0,99.95827777777785,99.71955555555556,96.08636363636364
17861,2021-07-06 01:30:00,2021-07-06 01:45:00,111.0,112.72177777777775,111.87166666666668,111.6590909090909
17862,2021-07-06 01:45:00,2021-07-06 02:00:00,108.0,109.99044444444446,109.61477777777776,111.15
17863,2021-07-06 02:00:00,2021-07-06 02:15:00,110.0,108.73596825396822,107.93227777777771,107.66363636363636
17864,2021-07-06 02:15:00,2021-07-06 02:30:00,108.0,109.6322777777778,110.56511111111111,106.85909090909091
17865,2021-07-06 02:30:00,2021-07-06 02:45:00,107.0,105.9773888888889,108.40526984126983,104.7909090909091
17866,2021-07-06 02:45:00,2021-07-06 03:00:00,93.0,104.41811111111116,104.79388888888889,103.4090909090909
17867,2021-07-06 03:00:00,2021-07-06 03:15:00,88.0,93.14442857142855,93.89205555555554,87.55
17868,2021-07-06 03:15:00,2021-07-06 03:30:00,102.0,102.26222222222228,100.6842777777778,97.92272727272727
17869,2021-07-06 03:30:00,2021-07-06 03:45:00,114.0,102.5896666666667,103.15400000000002,103.79545454545455
17870,2021-07-06 03:45:00,2021-07-06 04:00:00,116.0,106.90061111111109,107.65927777777775,108.9
17871,2021-07-06 04:00:00,2021-07-06 04:15:00,106.0,112.01861111111111,112.57316666666665,113.23181818181818
17872,2021-07-06 04:15:00,2021-07-06 04:30:00,103.0,104.18316666666668,104.21550000000002,107.2090909090909
17873,2021-07-06 04:30:00,2021-07-06 04:45:00,103.0,102.9997619047619,102.6272222222222,106.27727272727273
17874,2021-07-06 04:45:00,2021-07-06 05:00:00,112.0,104.93638888888891,104.3365555555556,104.75909090909092
17875,2021-07-06 05:00:00,2021-07-06 05:15:00,94.0,96.65094444444445,100.70855555555556,90.69545454545455
17876,2021-07-06 05:15:00,2021-07-06 05:30:00,89.0,84.59227777777778,88.0561111111111,84.73181818181818
17877,2021-07-06 05:30:00,2021-07-06 05:45:00,98.0,94.54633333333337,94.86866666666673,96.02272727272727
17878,2021-07-06 05:45:00,2021-07-06 06:00:00,110.0,105.49256349206348,105.671,104.43636363636364
17879,2021-07-06 06:00:00,2021-07-06 06:15:00,105.0,108.67538888888892,108.95383333333331,111.62727272727273
17880,2021-07-06 06:15:00,2021-07-06 06:30:00,99.0,102.23977777777777,102.05044444444448,104.77272727272727
17881,2021-07-06 06:30:00,2021-07-06 06:45:00,95.0,102.10153174603174,100.87022222222221,100.25454545454545
17882,2021-07-06 06:45:00,2021-07-06 07:00:00,91.0,93.75016666666666,92.81422222222223,98.09545454545454
17883,2021-07-06 07:00:00,2021-07-06 07:15:00,93.0,92.73814285714289,91.14355555555551,96.33181818181818
17884,2021-07-06 07:15:00,2021-07-06 07:30:00,105.0,93.54733333333328,94.43477777777777,97.2
17885,2021-07-06 07:30:00,2021-07-06 07:45:00,132.0,127.01166666666664,118.09255555555546,132.02727272727273
17886,2021-07-06 07:45:00,2021-07-06 08:00:00,145.0,130.9403333333333,131.2337222222221,137.65454545454546
17887,2021-07-06 08:00:00,2021-07-06 08:15:00,166.0,156.3150555555556,154.7608333333333,155.4909090909091
17888,2021-07-06 08:15:00,2021-07-06 08:30:00,177.0,173.00744444444447,172.6931666666666,173.9909090909091
17889,2021-07-06 08:30:00,2021-07-06 08:45:00,182.0,174.34146031746033,173.73833333333332,175.25454545454545
17890,2021-07-06 08:45:00,2021-07-06 09:00:00,193.0,181.91061111111105,181.685,180.72272727272727
17891,2021-07-06 09:00:00,2021-07-06 09:15:00,176.0,177.51888888888882,178.59244444444428,181.06363636363636
17892,2021-07-06 09:15:00,2021-07-06 09:30:00,176.0,171.20111111111115,170.66850000000002,170.12727272727273
17893,2021-07-06 09:30:00,2021-07-06 09:45:00,185.0,173.73916666666673,173.0492222222222,171.5818181818182
17894,2021-07-06 09:45:00,2021-07-06 10:00:00,182.0,182.43694444444452,182.4700555555556,180.25
17895,2021-07-06 10:00:00,2021-07-06 10:15:00,150.0,140.7374999999999,144.4128888888889,145.34545454545454
17896,2021-07-06 10:15:00,2021-07-06 10:30:00,176.0,174.55177777777774,174.41077777777775,174.76363636363635
17897,2021-07-06 10:30:00,2021-07-06 10:45:00,172.0,177.99025,178.68716666666668,179.3090909090909
17898,2021-07-06 10:45:00,2021-07-06 11:00:00,175.0,171.3866666666667,171.4048888888889,169.63181818181818
17899,2021-07-06 11:00:00,2021-07-06 11:15:00,177.0,167.27133333333336,169.1082222222222,173.95909090909092
17900,2021-07-06 11:15:00,2021-07-06 11:30:00,182.0,173.95994444444437,173.33561111111112,175.76363636363635
17901,2021-07-06 11:30:00,2021-07-06 11:45:00,175.0,177.77483333333333,175.97972222222216,179.24545454545455
17902,2021-07-06 11:45:00,2021-07-06 12:00:00,171.0,171.56994444444442,171.7731666666666,172.6727272727273
17903,2021-07-06 12:00:00,2021-07-06 12:15:00,132.0,112.59688888888884,114.71711111111115,118.24090909090908
17904,2021-07-06 12:15:00,2021-07-06 12:30:00,106.0,121.1340555555556,123.292,110.1
17905,2021-07-06 12:30:00,2021-07-06 12:45:00,106.0,98.59494444444445,100.98005555555552,97.78181818181818
17906,2021-07-06 12:45:00,2021-07-06 13:00:00,97.0,132.4700555555556,131.57544444444443,128.8181818181818
17907,2021-07-06 13:00:00,2021-07-06 13:15:00,141.0,133.8607777777777,129.84644444444444,140.13181818181818
17908,2021-07-06 13:15:00,2021-07-06 13:30:00,170.0,162.2555555555556,160.67361111111114,163.47272727272727
17909,2021-07-06 13:30:00,2021-07-06 13:45:00,169.0,171.24366666666666,172.00222222222231,174.40454545454546
17910,2021-07-06 13:45:00,2021-07-06 14:00:00,154.0,168.99672222222225,168.06127777777783,171.40454545454546
17911,2021-07-06 14:00:00,2021-07-06 14:15:00,182.0,155.45394444444446,155.56700000000004,157.78636363636363
17912,2021-07-06 14:15:00,2021-07-06 14:30:00,176.0,177.28972222222228,176.79227777777783,177.7
17913,2021-07-06 14:30:00,2021-07-06 14:45:00,172.0,172.32472222222225,171.78383333333332,171.10454545454544
17914,2021-07-06 14:45:00,2021-07-06 15:00:00,185.0,171.2668333333333,171.28727777777775,168.3
17915,2021-07-06 15:00:00,2021-07-06 15:15:00,147.0,147.28244444444448,149.85172222222224,146.72727272727272
17916,2021-07-06 15:15:00,2021-07-06 15:30:00,144.0,167.4841666666667,164.76194444444448,172.65
17917,2021-07-06 15:30:00,2021-07-06 15:45:00,173.0,163.33266666666674,160.89705555555562,161.7409090909091
17918,2021-07-06 15:45:00,2021-07-06 16:00:00,169.0,172.27766666666665,170.32666666666665,168.5090909090909
17919,2021-07-06 16:00:00,2021-07-06 16:15:00,177.0,153.0739444444445,149.83244444444452,163.26363636363635
17920,2021-07-06 16:15:00,2021-07-06 16:30:00,172.0,169.76861111111106,170.61055555555546,164.2
17921,2021-07-06 16:30:00,2021-07-06 16:45:00,167.0,171.20238888888895,169.88261111111112,172.05454545454546
17922,2021-07-06 16:45:00,2021-07-06 17:00:00,168.0,166.81044444444444,167.70738888888886,165.08636363636364
17923,2021-07-06 17:00:00,2021-07-06 17:15:00,124.0,127.77905555555559,129.13638888888886,128.96363636363637
17924,2021-07-06 17:15:00,2021-07-06 17:30:00,107.0,113.68983333333335,117.14133333333331,111.89545454545454
17925,2021-07-06 17:30:00,2021-07-06 17:45:00,136.0,143.4997222222222,138.94805555555553,146.3590909090909
17926,2021-07-06 17:45:00,2021-07-06 18:00:00,148.0,154.97572222222217,155.32411111111114,151.6909090909091
17927,2021-07-06 18:00:00,2021-07-06 18:15:00,146.0,150.78105555555555,146.40505555555555,147.78181818181818
17928,2021-07-06 18:15:00,2021-07-06 18:30:00,161.0,147.11799999999997,146.17927777777774,144.53636363636363
17929,2021-07-06 18:30:00,2021-07-06 18:45:00,153.0,156.2431111111111,154.92777777777778,156.72727272727272
17930,2021-07-06 18:45:00,2021-07-06 19:00:00,153.0,155.36788888888896,154.53938888888885,156.48181818181817
17931,2021-07-06 19:00:00,2021-07-06 19:15:00,153.0,150.12611111111116,148.43977777777778,152.21363636363637
17932,2021-07-06 19:15:00,2021-07-06 19:30:00,157.0,148.40688888888883,148.13844444444447,150.3
17933,2021-07-06 19:30:00,2021-07-06 19:45:00,146.0,150.30233333333337,150.11505555555556,152.54090909090908
17934,2021-07-06 19:45:00,2021-07-06 20:00:00,147.0,125.67672222222224,129.27655555555555,125.01818181818182
17935,2021-07-06 20:00:00,2021-07-06 20:15:00,131.0,133.27166666666665,135.98727777777776,132.4
17936,2021-07-06 20:15:00,2021-07-06 20:30:00,133.0,126.92038888888887,126.68072222222224,130.8409090909091
17937,2021-07-06 20:30:00,2021-07-06 20:45:00,138.0,127.0548888888889,126.10716666666667,131.4909090909091
17938,2021-07-06 20:45:00,2021-07-06 21:00:00,133.0,131.67338888888892,133.5386111111111,135.76363636363635
17939,2021-07-06 21:00:00,2021-07-06 21:15:00,132.0,123.37405555555556,122.77044444444444,126.20454545454545
17940,2021-07-06 21:15:00,2021-07-06 21:30:00,120.0,125.47877777777776,125.87661111111107,125.59545454545454
17941,2021-07-06 21:30:00,2021-07-06 21:45:00,122.0,121.9022142857143,121.31933333333332,120.74545454545455
17942,2021-07-06 21:45:00,2021-07-06 22:00:00,129.0,120.10266666666665,121.18311111111112,118.57272727272728
17943,2021-07-06 22:00:00,2021-07-06 22:15:00,109.0,117.03422222222225,122.16466666666665,109.35
17944,2021-07-06 22:15:00,2021-07-06 22:30:00,114.0,111.97488888888888,112.01305555555555,110.06363636363636
17945,2021-07-06 22:30:00,2021-07-06 22:45:00,110.0,110.82733333333333,109.72644444444445,111.47727272727273
17946,2021-07-06 22:45:00,2021-07-06 23:00:00,115.0,113.1866666666667,112.02122222222224,112.55
17947,2021-07-06 23:00:00,2021-07-06 23:15:00,104.0,107.97400000000002,108.90477777777778,111.59545454545454
17948,2021-07-06 23:15:00,2021-07-06 23:30:00,99.0,110.34388888888886,109.89005555555555,108.1590909090909
17949,2021-07-06 23:30:00,2021-07-06 23:45:00,114.0,102.59644444444443,103.22777777777776,101.83636363636364
17950,2021-07-06 23:45:00,2021-07-07 00:00:00,107.0,100.41066666666669,104.34900000000003,91.11363636363636
17951,2021-07-07 00:00:00,2021-07-07 00:15:00,89.0,90.28463492063491,93.42505555555559,78.05909090909091
17952,2021-07-07 00:15:00,2021-07-07 00:30:00,72.0,92.10394444444442,94.30283333333334,79.96363636363637
17953,2021-07-07 00:30:00,2021-07-07 00:45:00,71.0,70.09677777777776,71.77316666666668,70.12727272727273
17954,2021-07-07 00:45:00,2021-07-07 01:00:00,70.0,68.64427777777782,67.90072222222224,69.91818181818182
17955,2021-07-07 01:00:00,2021-07-07 01:15:00,91.0,91.97194444444447,87.51022222222223,94.14545454545454
17956,2021-07-07 01:15:00,2021-07-07 01:30:00,97.0,101.30772222222228,100.39538888888896,103.12727272727273
17957,2021-07-07 01:30:00,2021-07-07 01:45:00,106.0,105.9521666666667,105.73444444444443,104.95
17958,2021-07-07 01:45:00,2021-07-07 02:00:00,112.0,110.93561111111111,109.78305555555558,107.71363636363637
17959,2021-07-07 02:00:00,2021-07-07 02:15:00,106.0,108.45416666666661,109.17066666666668,111.04545454545455
17960,2021-07-07 02:15:00,2021-07-07 02:30:00,106.0,101.54905555555557,101.45111111111116,102.9
17961,2021-07-07 02:30:00,2021-07-07 02:45:00,107.0,103.71377777777778,105.62536507936507,104.44545454545455
17962,2021-07-07 02:45:00,2021-07-07 03:00:00,105.0,104.73550000000002,105.05072222222223,103.27272727272727
17963,2021-07-07 03:00:00,2021-07-07 03:15:00,107.0,94.00611111111117,96.92116666666666,96.5909090909091
17964,2021-07-07 03:15:00,2021-07-07 03:30:00,109.0,105.43611111111109,107.70252287581707,104.1
17965,2021-07-07 03:30:00,2021-07-07 03:45:00,115.0,108.71945238095239,109.76910317460317,108.33181818181818
17966,2021-07-07 03:45:00,2021-07-07 04:00:00,109.0,109.89585714285715,111.73988888888891,112.42272727272727
17967,2021-07-07 04:00:00,2021-07-07 04:15:00,108.0,104.44627777777778,103.2166111111111,107.41818181818182
17968,2021-07-07 04:15:00,2021-07-07 04:30:00,105.0,106.24299999999995,107.13166666666666,107.10454545454546
17969,2021-07-07 04:30:00,2021-07-07 04:45:00,104.0,105.05126190476193,104.91605555555556,105.0909090909091
17970,2021-07-07 04:45:00,2021-07-07 05:00:00,108.0,103.99433333333336,104.04653174603177,104.50454545454545
17971,2021-07-07 05:00:00,2021-07-07 05:15:00,95.0,90.77816666666668,92.84600000000002,91.27272727272727
17972,2021-07-07 05:15:00,2021-07-07 05:30:00,85.0,88.09561111111104,91.61094444444444,85.51363636363637
17973,2021-07-07 05:30:00,2021-07-07 05:45:00,96.0,95.01244444444448,94.23338888888891,98.09545454545454
17974,2021-07-07 05:45:00,2021-07-07 06:00:00,101.0,102.84950793650796,102.69144444444446,107.01363636363637
17975,2021-07-07 06:00:00,2021-07-07 06:15:00,101.0,105.13666666666663,106.74422222222219,104.72272727272727
17976,2021-07-07 06:15:00,2021-07-07 06:30:00,106.0,106.25227777777779,104.55988888888888,104.05909090909091
17977,2021-07-07 06:30:00,2021-07-07 06:45:00,101.0,104.37227777777774,103.82927777777775,105.30909090909091
17978,2021-07-07 06:45:00,2021-07-07 07:00:00,100.0,100.56249999999999,100.94005555555553,103.1590909090909
17979,2021-07-07 07:00:00,2021-07-07 07:15:00,114.0,104.23611111111111,103.29833333333329,103.7090909090909
17980,2021-07-07 07:15:00,2021-07-07 07:30:00,122.0,122.19038888888888,119.16527777777779,123.9590909090909
17981,2021-07-07 07:30:00,2021-07-07 07:45:00,138.0,144.50692857142857,140.57238888888892,146.33636363636364
17982,2021-07-07 07:45:00,2021-07-07 08:00:00,145.0,145.5014444444444,147.20283333333327,145.5772727272727
17983,2021-07-07 08:00:00,2021-07-07 08:15:00,157.0,157.74683333333343,158.11972222222215,154.86818181818182
17984,2021-07-07 08:15:00,2021-07-07 08:30:00,172.0,171.4002777777778,170.90116666666668,170.45909090909092
17985,2021-07-07 08:30:00,2021-07-07 08:45:00,192.0,172.33299999999997,173.2705,170.90454545454546
17986,2021-07-07 08:45:00,2021-07-07 09:00:00,203.0,190.76227777777777,191.86461111111112,190.37272727272727
17987,2021-07-07 09:00:00,2021-07-07 09:15:00,187.0,181.6330555555555,181.31105555555553,186.05454545454546
17988,2021-07-07 09:15:00,2021-07-07 09:30:00,182.0,181.62116666666665,182.40844444444443,180.5818181818182
17989,2021-07-07 09:30:00,2021-07-07 09:45:00,168.0,177.0771111111111,178.16338888888885,176.95454545454547
17990,2021-07-07 09:45:00,2021-07-07 10:00:00,175.0,179.61255555555553,179.31350000000003,175.42727272727274
17991,2021-07-07 10:00:00,2021-07-07 10:15:00,152.0,144.3875555555555,144.64988888888894,145.35
17992,2021-07-07 10:15:00,2021-07-07 10:30:00,185.0,176.0172222222222,175.06666666666672,170.36363636363637
17993,2021-07-07 10:30:00,2021-07-07 10:45:00,186.0,181.68593650793662,180.69066666666671,180.55
17994,2021-07-07 10:45:00,2021-07-07 11:00:00,171.0,177.89772222222228,178.1047222222223,178.32272727272726
17995,2021-07-07 11:00:00,2021-07-07 11:15:00,172.0,175.0240555555556,165.2999999999999,167.55
17996,2021-07-07 11:15:00,2021-07-07 11:30:00,183.0,177.5887777777777,175.58594444444444,167.75454545454545
17997,2021-07-07 11:30:00,2021-07-07 11:45:00,181.0,179.96805555555557,178.3265555555556,173.73636363636365
17998,2021-07-07 11:45:00,2021-07-07 12:00:00,174.0,172.66783333333333,172.99544444444442,172.59545454545454
17999,2021-07-07 12:00:00,2021-07-07 12:15:00,131.0,117.99599999999998,118.68833333333333,120.00454545454545
18000,2021-07-07 12:15:00,2021-07-07 12:30:00,105.0,116.65433333333337,119.48966666666665,108.41363636363636
18001,2021-07-07 12:30:00,2021-07-07 12:45:00,104.0,99.23744444444438,101.14099999999989,96.85909090909091
18002,2021-07-07 12:45:00,2021-07-07 13:00:00,106.0,130.2535,130.3711111111111,117.95
18003,2021-07-07 13:00:00,2021-07-07 13:15:00,146.0,143.90488888888888,139.24027777777778,142.23181818181817
18004,2021-07-07 13:15:00,2021-07-07 13:30:00,178.0,161.41622222222222,161.55883333333338,161.69545454545454
18005,2021-07-07 13:30:00,2021-07-07 13:45:00,185.0,177.51677777777783,176.3892777777778,178.29090909090908
18006,2021-07-07 13:45:00,2021-07-07 14:00:00,182.0,179.0780634920635,178.92666666666668,182.27272727272728
18007,2021-07-07 14:00:00,2021-07-07 14:15:00,185.0,171.46066666666664,172.41477777777774,173.22727272727272
18008,2021-07-07 14:15:00,2021-07-07 14:30:00,181.0,175.2275,175.80749999999998,176.15454545454546
18009,2021-07-07 14:30:00,2021-07-07 14:45:00,167.0,174.2368888888889,174.17461111111112,175.73636363636365
18010,2021-07-07 14:45:00,2021-07-07 15:00:00,167.0,170.0377777777778,168.81816666666666,170.9409090909091
18011,2021-07-07 15:00:00,2021-07-07 15:15:00,144.0,138.36813492063493,139.31250000000003,137.3909090909091
18012,2021-07-07 15:15:00,2021-07-07 15:30:00,138.0,166.49744444444443,163.52961111111108,166.1681818181818
18013,2021-07-07 15:30:00,2021-07-07 15:45:00,176.0,161.84494444444448,159.90200000000002,159.74545454545455
18014,2021-07-07 15:45:00,2021-07-07 16:00:00,173.0,172.16511111111112,170.89733333333336,168.4
18015,2021-07-07 16:00:00,2021-07-07 16:15:00,178.0,161.3859444444445,159.92616666666666,164.63636363636363
18016,2021-07-07 16:15:00,2021-07-07 16:30:00,181.0,170.2776666666666,170.45599999999996,166.76818181818183
18017,2021-07-07 16:30:00,2021-07-07 16:45:00,174.0,170.1425555555555,170.69688888888885,171.30454545454546
18018,2021-07-07 16:45:00,2021-07-07 17:00:00,175.0,165.22694444444446,165.9022222222222,165.98636363636365
18019,2021-07-07 17:00:00,2021-07-07 17:15:00,120.0,128.50238888888885,126.18361111111115,136.87727272727273
18020,2021-07-07 17:15:00,2021-07-07 17:30:00,98.0,111.87372222222228,110.65033333333332,123.50454545454545
18021,2021-07-07 17:30:00,2021-07-07 17:45:00,156.0,138.40543650793646,129.73727777777776,145.41363636363636
18022,2021-07-07 17:45:00,2021-07-07 18:00:00,179.0,166.17744444444446,165.96711111111117,169.44545454545454
18023,2021-07-07 18:00:00,2021-07-07 18:15:00,169.0,164.68244444444446,164.936388888889,167.19545454545454
18024,2021-07-07 18:15:00,2021-07-07 18:30:00,173.0,161.40855555555558,162.4223888888889,161.27272727272728
18025,2021-07-07 18:30:00,2021-07-07 18:45:00,165.0,168.46966666666663,169.15783333333331,165.74545454545455
18026,2021-07-07 18:45:00,2021-07-07 19:00:00,167.0,162.27100000000002,161.53027777777783,163.04545454545453
18027,2021-07-07 19:00:00,2021-07-07 19:15:00,164.0,155.72872222222216,152.91727777777777,160.3318181818182
18028,2021-07-07 19:15:00,2021-07-07 19:30:00,169.0,161.25000000000006,161.24005555555556,161.05454545454546
18029,2021-07-07 19:30:00,2021-07-07 19:45:00,159.0,162.68988888888904,162.0552777777778,162.74545454545455
18030,2021-07-07 19:45:00,2021-07-07 20:00:00,134.0,139.19355555555552,146.0468333333333,138.59545454545454
18031,2021-07-07 20:00:00,2021-07-07 20:15:00,106.0,125.63650000000008,127.29177777777778,125.18636363636364
18032,2021-07-07 20:15:00,2021-07-07 20:30:00,127.0,116.68516666666663,115.5239444444444,108.27272727272727
18033,2021-07-07 20:30:00,2021-07-07 20:45:00,124.0,125.1319444444444,129.48738888888886,125.00454545454545
18034,2021-07-07 20:45:00,2021-07-07 21:00:00,109.0,124.62905555555555,124.8071111111111,125.10454545454546
18035,2021-07-07 21:00:00,2021-07-07 21:15:00,117.0,110.65700000000002,110.9925,109.82727272727273
18036,2021-07-07 21:15:00,2021-07-07 21:30:00,120.0,118.38872222222226,119.8858888888889,117.3
18037,2021-07-07 21:30:00,2021-07-07 21:45:00,110.0,121.25800000000001,122.20388888888895,117.88181818181818
18038,2021-07-07 21:45:00,2021-07-07 22:00:00,113.0,112.7098333333333,110.96005555555554,113.20454545454545
18039,2021-07-07 22:00:00,2021-07-07 22:15:00,87.0,103.78077777777774,107.07577777777777,99.71363636363637
18040,2021-07-07 22:15:00,2021-07-07 22:30:00,105.0,107.72311904761906,107.17838888888892,108.75
18041,2021-07-07 22:30:00,2021-07-07 22:45:00,112.0,108.54905555555555,108.36916666666663,106.61363636363636
18042,2021-07-07 22:45:00,2021-07-07 23:00:00,113.0,111.53390476190481,111.637,109.2
18043,2021-07-07 23:00:00,2021-07-07 23:15:00,110.0,106.49416666666666,103.55599999999998,109.18636363636364
18044,2021-07-07 23:15:00,2021-07-07 23:30:00,107.0,107.57394444444444,107.30922222222222,107.43636363636364
18045,2021-07-07 23:30:00,2021-07-07 23:45:00,97.0,103.41844444444446,104.35844444444446,106.48181818181818
18046,2021-07-07 23:45:00,2021-07-08 00:00:00,105.0,76.68294444444439,80.37805555555553,87.94090909090909
18047,2021-07-08 00:00:00,2021-07-08 00:15:00,78.0,90.27305555555557,95.74861111111109,81.36818181818182
18048,2021-07-08 00:15:00,2021-07-08 00:30:00,72.0,72.66577777777775,76.89611111111113,71.03181818181818
18049,2021-07-08 00:30:00,2021-07-08 00:45:00,73.0,68.51483333333331,69.75888888888892,70.43181818181819
18050,2021-07-08 00:45:00,2021-07-08 01:00:00,70.0,69.40565873015873,71.06833333333337,70.52727272727273
18051,2021-07-08 01:00:00,2021-07-08 01:15:00,89.0,91.37822222222222,87.10988888888886,95.81363636363636
18052,2021-07-08 01:15:00,2021-07-08 01:30:00,102.0,101.44000000000003,99.90877777777776,101.35909090909091
18053,2021-07-08 01:30:00,2021-07-08 01:45:00,101.0,108.2512222222222,108.4565,108.38636363636364
18054,2021-07-08 01:45:00,2021-07-08 02:00:00,104.0,103.27911111111108,103.10272222222224,106.15454545454546
18055,2021-07-08 02:00:00,2021-07-08 02:15:00,106.0,105.16494444444449,104.94777777777776,106.51818181818182
18056,2021-07-08 02:15:00,2021-07-08 02:30:00,98.0,104.05650000000001,104.99194444444444,104.78636363636363
18057,2021-07-08 02:30:00,2021-07-08 02:45:00,110.0,102.14766666666665,101.71605555555557,103.90454545454546
18058,2021-07-08 02:45:00,2021-07-08 03:00:00,102.0,106.16297619047621,106.67405555555555,108.31363636363636
18059,2021-07-08 03:00:00,2021-07-08 03:15:00,94.0,94.36627777777775,94.9618888888889,100.17272727272727
18060,2021-07-08 03:15:00,2021-07-08 03:30:00,102.0,104.17355555555557,100.8851388888889,107.08181818181818
18061,2021-07-08 03:30:00,2021-07-08 03:45:00,115.0,101.92455128205133,102.10430952380949,105.12272727272727
18062,2021-07-08 03:45:00,2021-07-08 04:00:00,109.0,109.0463571428571,110.90066666666665,110.36818181818182
18063,2021-07-08 04:00:00,2021-07-08 04:15:00,100.0,105.7759444444444,103.68305555555555,107.7909090909091
18064,2021-07-08 04:15:00,2021-07-08 04:30:00,105.0,101.80600000000001,100.88394444444447,102.81818181818181
18065,2021-07-08 04:30:00,2021-07-08 04:45:00,108.0,105.84788095238099,105.5598095238095,104.25
18066,2021-07-08 04:45:00,2021-07-08 05:00:00,109.0,106.74388888888892,107.04255555555554,107.09545454545454
18067,2021-07-08 05:00:00,2021-07-08 05:15:00,102.0,88.98611111111111,92.67655555555557,86.99545454545455
18068,2021-07-08 05:15:00,2021-07-08 05:30:00,81.0,99.09253968253965,102.60411111111111,89.00909090909092
18069,2021-07-08 05:30:00,2021-07-08 05:45:00,94.0,93.39099999999999,88.29788888888888,97.47727272727273
18070,2021-07-08 05:45:00,2021-07-08 06:00:00,107.0,101.19938888888889,98.21205555555552,104.31818181818181
18071,2021-07-08 06:00:00,2021-07-08 06:15:00,109.0,110.56097619047617,110.5396666666666,108.61818181818182
18072,2021-07-08 06:15:00,2021-07-08 06:30:00,109.0,107.43072222222219,107.83116666666668,106.6590909090909
18073,2021-07-08 06:30:00,2021-07-08 06:45:00,107.0,107.21105555555555,106.21111111111114,106.29545454545455
18074,2021-07-08 06:45:00,2021-07-08 07:00:00,115.0,101.65477777777775,101.63994444444444,104.19545454545455
18075,2021-07-08 07:00:00,2021-07-08 07:15:00,116.0,110.11794444444442,109.74116666666671,113.39545454545454
18076,2021-07-08 07:15:00,2021-07-08 07:30:00,125.0,121.10211111111106,115.21849999999999,123.23181818181818
18077,2021-07-08 07:30:00,2021-07-08 07:45:00,143.0,142.54677777777775,141.28211111111116,145.83636363636364
18078,2021-07-08 07:45:00,2021-07-08 08:00:00,146.0,144.66583333333324,145.2625555555555,145.00454545454545
18079,2021-07-08 08:00:00,2021-07-08 08:15:00,150.0,159.37455555555562,160.83194444444442,154.74545454545455
18080,2021-07-08 08:15:00,2021-07-08 08:30:00,154.0,168.38222222222223,169.5777222222222,167.30454545454546
18081,2021-07-08 08:30:00,2021-07-08 08:45:00,173.0,160.40988888888887,161.280111111111,159.87727272727273
18082,2021-07-08 08:45:00,2021-07-08 09:00:00,187.0,171.52199999999996,172.05905555555555,174.9318181818182
18083,2021-07-08 09:00:00,2021-07-08 09:15:00,172.0,172.45455555555557,170.45761111111108,180.08636363636364
18084,2021-07-08 09:15:00,2021-07-08 09:30:00,186.0,165.74088888888886,166.2568888888889,163.8909090909091
18085,2021-07-08 09:30:00,2021-07-08 09:45:00,177.0,181.09199999999998,181.2349444444445,179.71363636363637
18086,2021-07-08 09:45:00,2021-07-08 10:00:00,184.0,171.8749444444444,170.98266666666666,173.65454545454546
18087,2021-07-08 10:00:00,2021-07-08 10:15:00,159.0,139.78527777777776,143.09055555555557,152.91363636363636
18088,2021-07-08 10:15:00,2021-07-08 10:30:00,186.0,173.24644444444445,170.45027777777784,171.48181818181817
18089,2021-07-08 10:30:00,2021-07-08 10:45:00,190.0,181.64261111111114,181.7643888888889,183.45454545454547
18090,2021-07-08 10:45:00,2021-07-08 11:00:00,201.0,183.60066666666663,184.67783333333335,184.9409090909091
18091,2021-07-08 11:00:00,2021-07-08 11:15:00,191.0,178.57038888888883,167.45366666666658,186.8318181818182
18092,2021-07-08 11:15:00,2021-07-08 11:30:00,190.0,181.8385555555555,182.48588888888884,184.72272727272727
18093,2021-07-08 11:30:00,2021-07-08 11:45:00,192.0,180.2134444444445,182.01616666666666,181.46363636363637
18094,2021-07-08 11:45:00,2021-07-08 12:00:00,187.0,184.54344444444445,185.14238888888883,184.7409090909091
18095,2021-07-08 12:00:00,2021-07-08 12:15:00,131.0,129.06699999999995,133.62172222222213,130.7
18096,2021-07-08 12:15:00,2021-07-08 12:30:00,112.0,108.06188888888883,111.25149999999994,105.18181818181819
18097,2021-07-08 12:30:00,2021-07-08 12:45:00,116.0,104.16222222222217,105.15599999999986,106.09545454545454
18098,2021-07-08 12:45:00,2021-07-08 13:00:00,120.0,134.8459444444445,136.50305555555553,124.5909090909091
18099,2021-07-08 13:00:00,2021-07-08 13:15:00,166.0,155.74772222222222,148.82094444444445,157.45
18100,2021-07-08 13:15:00,2021-07-08 13:30:00,186.0,176.55111111111106,179.33816666666664,171.63636363636363
18101,2021-07-08 13:30:00,2021-07-08 13:45:00,201.0,185.96133333333327,185.65277777777777,184.73636363636365
18102,2021-07-08 13:45:00,2021-07-08 14:00:00,191.0,190.7428888888888,189.90516666666662,190.98636363636365
18103,2021-07-08 14:00:00,2021-07-08 14:15:00,185.0,174.04577777777777,173.10238888888887,181.01363636363635
18104,2021-07-08 14:15:00,2021-07-08 14:30:00,200.0,179.72155555555557,179.78766666666664,175.84545454545454
18105,2021-07-08 14:30:00,2021-07-08 14:45:00,190.0,188.30644444444434,188.9138333333333,185.4409090909091
18106,2021-07-08 14:45:00,2021-07-08 15:00:00,161.0,186.36861111111102,185.04861111111111,183.3090909090909
18107,2021-07-08 15:00:00,2021-07-08 15:15:00,148.0,146.74516666666673,141.45572222222216,140.73636363636365
18108,2021-07-08 15:15:00,2021-07-08 15:30:00,142.0,170.24616666666668,168.07361111111115,156.48181818181817
18109,2021-07-08 15:30:00,2021-07-08 15:45:00,168.0,164.01288888888897,159.87922222222224,161.72727272727272
18110,2021-07-08 15:45:00,2021-07-08 16:00:00,184.0,171.10422222222226,171.51255555555556,166.19545454545454
18111,2021-07-08 16:00:00,2021-07-08 16:15:00,177.0,167.91077777777787,162.45788888888896,166.78636363636363
18112,2021-07-08 16:15:00,2021-07-08 16:30:00,183.0,169.4552777777777,170.69900000000004,166.36363636363637
18113,2021-07-08 16:30:00,2021-07-08 16:45:00,186.0,172.4793333333333,173.83605555555553,173.0090909090909
18114,2021-07-08 16:45:00,2021-07-08 17:00:00,149.0,172.80405555555552,175.4232777777778,171.57272727272726
18115,2021-07-08 17:00:00,2021-07-08 17:15:00,118.0,131.0656666666667,121.58472222222218,126.0909090909091
18116,2021-07-08 17:15:00,2021-07-08 17:30:00,102.0,113.80505555555557,116.35172222222224,111.67727272727272
18117,2021-07-08 17:30:00,2021-07-08 17:45:00,138.0,142.5738650793651,135.58627777777775,147.52272727272728
18118,2021-07-08 17:45:00,2021-07-08 18:00:00,155.0,154.43320634920633,157.68122222222226,146.60454545454544
18119,2021-07-08 18:00:00,2021-07-08 18:15:00,155.0,160.09399999999988,159.42738888888883,157.44545454545454
18120,2021-07-08 18:15:00,2021-07-08 18:30:00,153.0,157.16472222222222,156.93627777777778,156.96363636363637
18121,2021-07-08 18:30:00,2021-07-08 18:45:00,141.0,154.0019444444445,154.8211111111111,149.62727272727273
18122,2021-07-08 18:45:00,2021-07-08 19:00:00,139.0,145.48144444444446,138.30688888888892,148.20454545454547
18123,2021-07-08 19:00:00,2021-07-08 19:15:00,141.0,140.29833333333335,138.14222222222227,143.23636363636365
18124,2021-07-08 19:15:00,2021-07-08 19:30:00,142.0,141.56733333333338,140.73188888888882,143.86363636363637
18125,2021-07-08 19:30:00,2021-07-08 19:45:00,153.0,142.62277777777774,142.6942222222222,151.36363636363637
18126,2021-07-08 19:45:00,2021-07-08 20:00:00,151.0,136.56856349206342,142.42455555555557,139.51818181818183
18127,2021-07-08 20:00:00,2021-07-08 20:15:00,132.0,134.7606111111111,138.91605555555554,131.63181818181818
18128,2021-07-08 20:15:00,2021-07-08 20:30:00,132.0,125.54394444444448,127.75822222222227,131.12272727272727
18129,2021-07-08 20:30:00,2021-07-08 20:45:00,126.0,125.1021111111111,125.33911111111112,133.3090909090909
18130,2021-07-08 20:45:00,2021-07-08 21:00:00,129.0,121.15133333333328,121.48738888888892,126.94090909090909
18131,2021-07-08 21:00:00,2021-07-08 21:15:00,127.0,123.71666666666667,123.93099999999995,125.92272727272727
18132,2021-07-08 21:15:00,2021-07-08 21:30:00,128.0,125.28326984126987,125.98522222222219,126.31818181818181
18133,2021-07-08 21:30:00,2021-07-08 21:45:00,123.0,124.6635476190476,125.32588888888887,125.80909090909091
18134,2021-07-08 21:45:00,2021-07-08 22:00:00,120.0,120.3087222222222,120.31744444444446,123.18181818181819
18135,2021-07-08 22:00:00,2021-07-08 22:15:00,104.0,105.48122222222221,107.96966666666668,110.87727272727273
18136,2021-07-08 22:15:00,2021-07-08 22:30:00,109.0,112.96572222222227,111.46316666666664,114.66363636363636
18137,2021-07-08 22:30:00,2021-07-08 22:45:00,113.0,113.00883333333329,112.47038888888888,115.13636363636364
18138,2021-07-08 22:45:00,2021-07-08 23:00:00,118.0,109.19821428571431,109.1738888888889,111.30454545454545
18139,2021-07-08 23:00:00,2021-07-08 23:15:00,119.0,114.16172222222224,115.35211111111106,116.92727272727272
18140,2021-07-08 23:15:00,2021-07-08 23:30:00,115.0,114.9421666666667,114.81261111111111,116.25
18141,2021-07-08 23:30:00,2021-07-08 23:45:00,116.0,108.72516666666667,110.22099999999999,107.1590909090909
18142,2021-07-08 23:45:00,2021-07-09 00:00:00,103.0,105.46955555555554,106.45722222222219,102.65454545454546
18143,2021-07-09 00:00:00,2021-07-09 00:15:00,78.0,82.97488888888887,84.82216666666669,82.08181818181818
18144,2021-07-09 00:15:00,2021-07-09 00:30:00,72.0,73.28233333333336,75.48177777777775,69.76818181818182
18145,2021-07-09 00:30:00,2021-07-09 00:45:00,72.0,69.31022222222224,70.31922222222225,70.70454545454545
18146,2021-07-09 00:45:00,2021-07-09 01:00:00,71.0,69.67816666666667,69.47383333333333,70.64545454545454
18147,2021-07-09 01:00:00,2021-07-09 01:15:00,94.0,96.08894444444445,92.30594444444445,95.43181818181819
18148,2021-07-09 01:15:00,2021-07-09 01:30:00,105.0,107.66766666666672,106.60150000000002,106.86818181818182
18149,2021-07-09 01:30:00,2021-07-09 01:45:00,104.0,110.75522222222224,110.98277777777778,109.43181818181819
18150,2021-07-09 01:45:00,2021-07-09 02:00:00,105.0,105.19649999999999,104.31699999999995,104.21818181818182
18151,2021-07-09 02:00:00,2021-07-09 02:15:00,105.0,106.24138888888893,105.92916666666669,106.00909090909092
18152,2021-07-09 02:15:00,2021-07-09 02:30:00,111.0,103.51422222222223,103.80422222222224,104.76818181818182
18153,2021-07-09 02:30:00,2021-07-09 02:45:00,114.0,108.80583333333335,109.82288095238097,109.80909090909091
18154,2021-07-09 02:45:00,2021-07-09 03:00:00,108.0,109.77740476190472,109.96749999999997,109.67272727272727
18155,2021-07-09 03:00:00,2021-07-09 03:15:00,86.0,96.96866666666669,97.71488888888891,91.25909090909092
18156,2021-07-09 03:15:00,2021-07-09 03:30:00,101.0,104.93911111111112,98.40888888888887,104.63636363636364
18157,2021-07-09 03:30:00,2021-07-09 03:45:00,98.0,104.9398888888889,104.82827777777777,107.97727272727273
18158,2021-07-09 03:45:00,2021-07-09 04:00:00,109.0,103.9631111111111,103.41505555555555,105.36363636363636
18159,2021-07-09 04:00:00,2021-07-09 04:15:00,105.0,106.59311111111111,104.74272222222223,107.38636363636364
18160,2021-07-09 04:15:00,2021-07-09 04:30:00,105.0,103.75949999999997,102.73788888888892,105.72272727272727
18161,2021-07-09 04:30:00,2021-07-09 04:45:00,106.0,104.24563858363858,104.80092063492064,103.28181818181818
18162,2021-07-09 04:45:00,2021-07-09 05:00:00,99.0,103.90049999999997,103.57401010101009,105.36818181818182
18163,2021-07-09 05:00:00,2021-07-09 05:15:00,99.0,86.02050000000003,89.17133333333338,91.41818181818182
18164,2021-07-09 05:15:00,2021-07-09 05:30:00,85.0,98.49988888888889,101.44669841269838,87.3
18165,2021-07-09 05:30:00,2021-07-09 05:45:00,104.0,90.16138888888888,87.62794444444442,96.55
18166,2021-07-09 05:45:00,2021-07-09 06:00:00,105.0,104.04727777777778,103.72366666666663,107.51818181818182
18167,2021-07-09 06:00:00,2021-07-09 06:15:00,109.0,102.95389682539685,102.94999999999999,106.22272727272727
18168,2021-07-09 06:15:00,2021-07-09 06:30:00,109.0,106.60622222222221,105.69716666666663,108.31818181818181
18169,2021-07-09 06:30:00,2021-07-09 06:45:00,125.0,107.50411111111109,106.24455555555552,107.81363636363636
18170,2021-07-09 06:45:00,2021-07-09 07:00:00,110.0,119.65888888888885,124.34505555555556,120.36363636363636
18171,2021-07-09 07:00:00,2021-07-09 07:15:00,113.0,105.18333333333327,103.50627777777775,108.71363636363637
18172,2021-07-09 07:15:00,2021-07-09 07:30:00,128.0,121.62266666666663,117.42988888888887,124.18181818181819
18173,2021-07-09 07:30:00,2021-07-09 07:45:00,150.0,148.33194444444442,146.54022222222227,149.56363636363636
18174,2021-07-09 07:45:00,2021-07-09 08:00:00,156.0,148.22544444444443,149.63083333333333,148.52727272727273
18175,2021-07-09 08:00:00,2021-07-09 08:15:00,154.0,165.8537777777777,166.1942777777778,167.04545454545453
18176,2021-07-09 08:15:00,2021-07-09 08:30:00,170.0,169.7901904761905,168.69372222222228,168.22272727272727
18177,2021-07-09 08:30:00,2021-07-09 08:45:00,188.0,173.2291111111111,174.45883333333333,170.78636363636363
18178,2021-07-09 08:45:00,2021-07-09 09:00:00,183.0,187.44083333333347,187.85027777777785,186.86818181818182
18179,2021-07-09 09:00:00,2021-07-09 09:15:00,168.0,171.98994444444435,167.91088888888885,170.98181818181817
18180,2021-07-09 09:15:00,2021-07-09 09:30:00,163.0,168.9093888888889,167.58544444444448,169.71818181818182
18181,2021-07-09 09:30:00,2021-07-09 09:45:00,168.0,168.96444444444447,168.69577777777778,166.1727272727273
18182,2021-07-09 09:45:00,2021-07-09 10:00:00,165.0,170.93027777777777,170.27772222222225,173.95909090909092
18183,2021-07-09 10:00:00,2021-07-09 10:15:00,139.0,129.41211111111113,130.24816666666663,147.8090909090909
18184,2021-07-09 10:15:00,2021-07-09 10:30:00,171.0,168.91827777777772,167.96038888888896,165.48181818181817
18185,2021-07-09 10:30:00,2021-07-09 10:45:00,168.0,171.1961666666667,171.07966666666672,175.88636363636363
18186,2021-07-09 10:45:00,2021-07-09 11:00:00,176.0,168.02388888888893,167.02938888888895,171.37272727272727
18187,2021-07-09 11:00:00,2021-07-09 11:15:00,163.0,169.2626666666667,163.87772222222216,171.02727272727273
18188,2021-07-09 11:15:00,2021-07-09 11:30:00,169.0,164.26883333333333,163.99005555555556,172.54545454545453
18189,2021-07-09 11:30:00,2021-07-09 11:45:00,176.0,169.20894444444443,169.1128333333333,173.72272727272727
18190,2021-07-09 11:45:00,2021-07-09 12:00:00,175.0,170.4240760233918,170.4647222222222,173.5681818181818
18191,2021-07-09 12:00:00,2021-07-09 12:15:00,112.0,113.49896825396824,117.99005555555551,116.7090909090909
18192,2021-07-09 12:15:00,2021-07-09 12:30:00,90.0,94.06294444444445,93.37500000000001,94.3
18193,2021-07-09 12:30:00,2021-07-09 12:45:00,97.0,90.61919841269845,91.29316666666665,99.26818181818182
18194,2021-07-09 12:45:00,2021-07-09 13:00:00,99.0,126.30433333333339,125.88583333333338,124.16818181818182
18195,2021-07-09 13:00:00,2021-07-09 13:15:00,156.0,138.76572222222225,134.8276666666667,143.87272727272727
18196,2021-07-09 13:15:00,2021-07-09 13:30:00,186.0,161.75549999999998,161.48311111111113,158.37727272727273
18197,2021-07-09 13:30:00,2021-07-09 13:45:00,185.0,179.85390476190477,179.48200000000006,181.4
18198,2021-07-09 13:45:00,2021-07-09 14:00:00,168.0,179.00494444444445,178.24900000000005,182.42727272727274
18199,2021-07-09 14:00:00,2021-07-09 14:15:00,165.0,166.52738888888882,169.17694444444444,167.3909090909091
18200,2021-07-09 14:15:00,2021-07-09 14:30:00,182.0,165.8752222222222,164.8557222222222,169.08636363636364
18201,2021-07-09 14:30:00,2021-07-09 14:45:00,185.0,177.53461111111108,176.7858888888889,180.56363636363636
18202,2021-07-09 14:45:00,2021-07-09 15:00:00,192.0,178.62311904761904,179.43749999999997,177.8181818181818
18203,2021-07-09 15:00:00,2021-07-09 15:15:00,153.0,149.04377777777773,153.59788888888883,147.72272727272727
18204,2021-07-09 15:15:00,2021-07-09 15:30:00,149.0,171.4473888888889,171.16583333333332,157.1409090909091
18205,2021-07-09 15:30:00,2021-07-09 15:45:00,179.0,167.05672222222222,165.80094444444447,160.58636363636364
18206,2021-07-09 15:45:00,2021-07-09 16:00:00,188.0,175.30833333333337,177.592,167.53636363636363
18207,2021-07-09 16:00:00,2021-07-09 16:15:00,176.0,167.11294444444457,160.756,172.72727272727272
18208,2021-07-09 16:15:00,2021-07-09 16:30:00,163.0,168.8102222222222,168.83827777777782,165.95
18209,2021-07-09 16:30:00,2021-07-09 16:45:00,173.0,163.67622222222224,163.90061111111117,165.12727272727273
18210,2021-07-09 16:45:00,2021-07-09 17:00:00,172.0,170.1155,172.1483888888889,166.5772727272727
18211,2021-07-09 17:00:00,2021-07-09 17:15:00,124.0,129.45844444444438,128.54472222222225,131.93636363636364
18212,2021-07-09 17:15:00,2021-07-09 17:30:00,120.0,113.69305555555555,115.80733333333332,114.05454545454545
18213,2021-07-09 17:30:00,2021-07-09 17:45:00,163.0,146.38011111111112,139.17472222222221,149.28181818181818
18214,2021-07-09 17:45:00,2021-07-09 18:00:00,165.0,171.66761111111109,171.92994444444443,167.6590909090909
18215,2021-07-09 18:00:00,2021-07-09 18:15:00,168.0,162.98288888888894,160.25088888888894,156.9181818181818
18216,2021-07-09 18:15:00,2021-07-09 18:30:00,174.0,164.51166666666663,163.7997777777778,160.39545454545456
18217,2021-07-09 18:30:00,2021-07-09 18:45:00,173.0,168.70805555555552,169.7304444444444,164.43636363636364
18218,2021-07-09 18:45:00,2021-07-09 19:00:00,163.0,165.0993333333333,164.4306111111111,162.37272727272727
18219,2021-07-09 19:00:00,2021-07-09 19:15:00,140.0,155.80411111111113,152.2951111111111,156.12727272727273
18220,2021-07-09 19:15:00,2021-07-09 19:30:00,134.0,141.05385714285717,141.82233333333332,140.88181818181818
18221,2021-07-09 19:30:00,2021-07-09 19:45:00,139.0,133.2171111111111,134.8041111111111,131.8090909090909
18222,2021-07-09 19:45:00,2021-07-09 20:00:00,123.0,122.78272222222225,126.76899999999999,123.81818181818181
18223,2021-07-09 20:00:00,2021-07-09 20:15:00,97.0,116.42155555555563,118.6968888888889,116.38636363636364
18224,2021-07-09 20:15:00,2021-07-09 20:30:00,101.0,110.62211111111111,112.40916666666669,110.91363636363636
18225,2021-07-09 20:30:00,2021-07-09 20:45:00,106.0,110.94344444444447,113.38916666666664,111.97272727272727
18226,2021-07-09 20:45:00,2021-07-09 21:00:00,111.0,110.69005555555555,111.48083333333331,109.79545454545455
18227,2021-07-09 21:00:00,2021-07-09 21:15:00,106.0,109.95205555555559,110.61344444444444,108.8409090909091
18228,2021-07-09 21:15:00,2021-07-09 21:30:00,97.0,109.64388888888888,109.66511111111113,107.53181818181818
18229,2021-07-09 21:30:00,2021-07-09 21:45:00,101.0,104.50427777777782,103.56911111111107,104.69090909090909
18230,2021-07-09 21:45:00,2021-07-09 22:00:00,109.0,104.4566666666666,103.84816666666661,105.83181818181818
18231,2021-07-09 22:00:00,2021-07-09 22:15:00,91.0,97.2533888888889,98.13522222222221,102.07272727272728
18232,2021-07-09 22:15:00,2021-07-09 22:30:00,102.0,104.69844444444449,103.26766666666668,106.26363636363637
18233,2021-07-09 22:30:00,2021-07-09 22:45:00,111.0,104.14200000000004,103.42194444444443,106.28181818181818
18234,2021-07-09 22:45:00,2021-07-09 23:00:00,104.0,108.43266666666663,107.93094444444442,109.43181818181819
18235,2021-07-09 23:00:00,2021-07-09 23:15:00,93.0,102.01661111111117,98.23333333333332,106.21363636363637
18236,2021-07-09 23:15:00,2021-07-09 23:30:00,100.0,98.9771666666667,98.03650000000002,101.7
18237,2021-07-09 23:30:00,2021-07-09 23:45:00,106.0,100.59005555555562,100.86805555555557,103.12727272727273
18238,2021-07-09 23:45:00,2021-07-10 00:00:00,85.0,86.84123809523808,91.46950000000001,87.6590909090909
18239,2021-07-10 00:00:00,2021-07-10 00:15:00,70.0,65.64438888888893,67.59177777777779,66.32272727272728
18240,2021-07-10 00:15:00,2021-07-10 00:30:00,62.0,65.82988888888889,68.62161111111111,67.26818181818182
18241,2021-07-10 00:30:00,2021-07-10 00:45:00,64.0,62.44933333333332,62.51738888888888,61.986363636363635
18242,2021-07-10 00:45:00,2021-07-10 01:00:00,64.0,63.39521428571427,63.46922222222221,63.20909090909091
18243,2021-07-10 01:00:00,2021-07-10 01:15:00,89.0,94.65727777777775,94.12422222222222,94.74545454545455
18244,2021-07-10 01:15:00,2021-07-10 01:30:00,102.0,99.50983333333336,99.68277777777779,102.19090909090909
18245,2021-07-10 01:30:00,2021-07-10 01:45:00,98.0,106.52466666666669,105.58744444444449,108.34545454545454
18246,2021-07-10 01:45:00,2021-07-10 02:00:00,97.0,102.64544444444441,102.25077777777778,105.21818181818182
18247,2021-07-10 02:00:00,2021-07-10 02:15:00,100.0,101.4861111111111,101.54972222222219,104.09545454545454
18248,2021-07-10 02:15:00,2021-07-10 02:30:00,97.0,100.12672222222217,101.34238888888893,102.21818181818182
18249,2021-07-10 02:30:00,2021-07-10 02:45:00,96.0,99.3588888888889,98.98544444444443,102.59545454545454
18250,2021-07-10 02:45:00,2021-07-10 03:00:00,94.0,98.7841031746032,98.111,101.51818181818182
18251,2021-07-10 03:00:00,2021-07-10 03:15:00,85.0,83.64850000000003,85.62038888888884,84.49545454545455
18252,2021-07-10 03:15:00,2021-07-10 03:30:00,96.0,99.78183333333334,96.20077777777777,102.34545454545454
18253,2021-07-10 03:30:00,2021-07-10 03:45:00,100.0,98.5164444444445,98.83588888888889,100.80454545454545
18254,2021-07-10 03:45:00,2021-07-10 04:00:00,106.0,100.77799999999998,101.57222222222224,104.3409090909091
18255,2021-07-10 04:00:00,2021-07-10 04:15:00,106.0,98.91137301587304,99.94111111111111,105.92272727272727
18256,2021-07-10 04:15:00,2021-07-10 04:30:00,96.0,102.94344444444444,102.87588888888888,104.65454545454546
18257,2021-07-10 04:30:00,2021-07-10 04:45:00,99.0,100.31029365079365,100.75329629629631,101.2909090909091
18258,2021-07-10 04:45:00,2021-07-10 05:00:00,98.0,99.36172222222224,99.40033333333331,99.76363636363637
18259,2021-07-10 05:00:00,2021-07-10 05:15:00,83.0,82.7402222222222,84.68777777777773,87.9
18260,2021-07-10 05:15:00,2021-07-10 05:30:00,69.0,74.47133333333336,74.86205555555553,75.44090909090909
18261,2021-07-10 05:30:00,2021-07-10 05:45:00,84.0,90.31811111111111,87.97922222222225,94.45
18262,2021-07-10 05:45:00,2021-07-10 06:00:00,97.0,91.66233333333332,91.36361111111111,96.97727272727273
18263,2021-07-10 06:00:00,2021-07-10 06:15:00,103.0,103.36433333333335,102.87383333333332,104.02727272727273
18264,2021-07-10 06:15:00,2021-07-10 06:30:00,102.0,103.35484126984124,104.47844444444445,103.00909090909092
18265,2021-07-10 06:30:00,2021-07-10 06:45:00,104.0,99.14899999999997,98.9845,103.4090909090909
18266,2021-07-10 06:45:00,2021-07-10 07:00:00,94.0,98.0718888888889,98.63077777777778,96.22272727272727
18267,2021-07-10 07:00:00,2021-07-10 07:15:00,105.0,88.33815079365077,88.75144444444443,87.44545454545455
18268,2021-07-10 07:15:00,2021-07-10 07:30:00,91.0,109.9323650793651,108.4696666666667,109.07272727272728
18269,2021-07-10 07:30:00,2021-07-10 07:45:00,69.0,76.20990476190478,82.94177777777779,78.62727272727273
18270,2021-07-10 07:45:00,2021-07-10 08:00:00,34.0,36.21870634920635,37.95233333333333,38.35
18271,2021-07-10 08:00:00,2021-07-10 08:15:00,26.0,26.7621111111111,25.857444444444457,25.995454545454546
18272,2021-07-10 08:15:00,2021-07-10 08:30:00,27.0,25.012166666666662,24.504444444444445,24.94090909090909
18273,2021-07-10 08:30:00,2021-07-10 08:45:00,26.0,23.60333333333333,23.50883333333333,23.786363636363635
18274,2021-07-10 08:45:00,2021-07-10 09:00:00,26.0,22.838333333333335,22.682611111111118,22.577272727272728
18275,2021-07-10 09:00:00,2021-07-10 09:15:00,27.0,25.366686507936503,24.272222222222233,23.854545454545455
18276,2021-07-10 09:15:00,2021-07-10 09:30:00,27.0,24.365015873015874,23.607055555555554,23.995454545454546
18277,2021-07-10 09:30:00,2021-07-10 09:45:00,27.0,24.06958730158731,23.635611111111114,24.368181818181817
18278,2021-07-10 09:45:00,2021-07-10 10:00:00,26.0,24.88104761904761,24.201111111111118,23.654545454545456
18279,2021-07-10 10:00:00,2021-07-10 10:15:00,27.0,24.569888888888876,25.579611111111117,23.581818181818182
18280,2021-07-10 10:15:00,2021-07-10 10:30:00,32.0,24.995563492063486,24.74077777777778,23.668181818181818
18281,2021-07-10 10:30:00,2021-07-10 10:45:00,30.0,41.74242063492063,43.84800000000002,43.93181818181818
18282,2021-07-10 10:45:00,2021-07-10 11:00:00,29.0,32.896999999999984,33.46177777777778,36.88181818181818
18283,2021-07-10 11:00:00,2021-07-10 11:15:00,31.0,26.758888888888876,29.323999999999998,27.95909090909091
18284,2021-07-10 11:15:00,2021-07-10 11:30:00,29.0,36.15468253968253,39.14450000000002,38.85909090909091
18285,2021-07-10 11:30:00,2021-07-10 11:45:00,29.0,29.54855555555554,28.612388888888898,31.37272727272727
18286,2021-07-10 11:45:00,2021-07-10 12:00:00,28.0,27.599904761904757,28.862500000000008,30.695454545454545
18287,2021-07-10 12:00:00,2021-07-10 12:15:00,26.0,26.214388888888887,27.777666666666665,26.5
18288,2021-07-10 12:15:00,2021-07-10 12:30:00,25.0,24.975126984126984,24.972499999999997,23.854545454545455
18289,2021-07-10 12:30:00,2021-07-10 12:45:00,26.0,24.347523809523803,25.159999999999997,24.23181818181818
18290,2021-07-10 12:45:00,2021-07-10 13:00:00,25.0,24.416849206349205,24.361055555555552,24.1
18291,2021-07-10 13:00:00,2021-07-10 13:15:00,27.0,25.522103174603174,30.646166666666662,24.581818181818182
18292,2021-07-10 13:15:00,2021-07-10 13:30:00,28.0,24.126404761904773,24.00488888888889,23.2
18293,2021-07-10 13:30:00,2021-07-10 13:45:00,23.0,24.7615238095238,24.390611111111113,25.03181818181818
18294,2021-07-10 13:45:00,2021-07-10 14:00:00,22.0,23.254865079365086,23.279888888888884,23.20909090909091
18295,2021-07-10 14:00:00,2021-07-10 14:15:00,23.0,23.214222222222233,25.49938888888889,22.418181818181818
18296,2021-07-10 14:15:00,2021-07-10 14:30:00,22.0,22.967198412698416,23.11705555555555,22.836363636363636
18297,2021-07-10 14:30:00,2021-07-10 14:45:00,22.0,22.631944444444443,22.63188888888889,23.854545454545455
18298,2021-07-10 14:45:00,2021-07-10 15:00:00,23.0,22.793166666666668,23.24061111111111,23.90909090909091
18299,2021-07-10 15:00:00,2021-07-10 15:15:00,24.0,23.68486111111111,23.703222222222223,24.631818181818183
18300,2021-07-10 15:15:00,2021-07-10 15:30:00,23.0,23.649222222222235,23.71816666666667,25.15
18301,2021-07-10 15:30:00,2021-07-10 15:45:00,23.0,23.068448412698412,22.874277777777777,23.80909090909091
18302,2021-07-10 15:45:00,2021-07-10 16:00:00,25.0,23.21322222222221,23.12561111111111,23.672727272727272
18303,2021-07-10 16:00:00,2021-07-10 16:15:00,24.0,27.143468253968265,29.856499999999997,29.12272727272727
18304,2021-07-10 16:15:00,2021-07-10 16:30:00,27.0,23.73477777777777,23.451111111111118,23.513636363636362
18305,2021-07-10 16:30:00,2021-07-10 16:45:00,24.0,23.772611111111104,23.72322222222222,23.536363636363635
18306,2021-07-10 16:45:00,2021-07-10 17:00:00,22.0,23.021444444444434,22.931166666666662,23.245454545454546
18307,2021-07-10 17:00:00,2021-07-10 17:15:00,23.0,22.645523809523805,23.42527777777778,22.104545454545455
18308,2021-07-10 17:15:00,2021-07-10 17:30:00,23.0,22.616174603174603,22.638611111111103,22.504545454545454
18309,2021-07-10 17:30:00,2021-07-10 17:45:00,22.0,22.36383333333333,22.275277777777777,23.85909090909091
18310,2021-07-10 17:45:00,2021-07-10 18:00:00,22.0,22.577555555555545,22.692444444444448,22.80909090909091
18311,2021-07-10 18:00:00,2021-07-10 18:15:00,22.0,23.094611111111103,23.228199787601216,23.686363636363637
18312,2021-07-10 18:15:00,2021-07-10 18:30:00,22.0,22.154954545454558,22.035064520870076,23.240909090909092
18313,2021-07-10 18:30:00,2021-07-10 18:45:00,22.0,22.216500000000007,22.415674603174605,22.65909090909091
18314,2021-07-10 18:45:00,2021-07-10 19:00:00,22.0,22.241716662182775,22.448019118308594,22.504545454545454
18315,2021-07-10 19:00:00,2021-07-10 19:15:00,22.0,23.355807692307692,23.383499999999984,22.618181818181817
18316,2021-07-10 19:15:00,2021-07-10 19:30:00,26.0,22.770607503607515,23.051095959595955,22.618181818181817
18317,2021-07-10 19:30:00,2021-07-10 19:45:00,26.0,26.198222222222217,26.53272222222222,26.204545454545453
18318,2021-07-10 19:45:00,2021-07-10 20:00:00,23.0,22.492944444444436,22.644277777777774,22.55909090909091
18319,2021-07-10 20:00:00,2021-07-10 20:15:00,21.0,22.490833333333335,22.503999999999998,22.795454545454547
18320,2021-07-10 20:15:00,2021-07-10 20:30:00,22.0,21.215944444444435,21.273666666666667,21.25
18321,2021-07-10 20:30:00,2021-07-10 20:45:00,23.0,23.02445424836601,24.100833333333327,23.45
18322,2021-07-10 20:45:00,2021-07-10 21:00:00,22.0,22.87839682539682,23.165555555555564,23.76818181818182
18323,2021-07-10 21:00:00,2021-07-10 21:15:00,23.0,22.477898692810445,22.45880658436214,22.631818181818183
18324,2021-07-10 21:15:00,2021-07-10 21:30:00,22.0,22.636194444444442,22.656222222222215,23.418181818181818
18325,2021-07-10 21:30:00,2021-07-10 21:45:00,22.0,22.581801587301584,22.626722222222224,22.513636363636362
18326,2021-07-10 21:45:00,2021-07-10 22:00:00,22.0,23.4114126984127,22.998333333333335,25.804545454545455
18327,2021-07-10 22:00:00,2021-07-10 22:15:00,23.0,23.544777777777767,23.2401111111111,23.46818181818182
18328,2021-07-10 22:15:00,2021-07-10 22:30:00,26.0,23.14449206349206,23.830277777777777,23.263636363636362
18329,2021-07-10 22:30:00,2021-07-10 22:45:00,26.0,25.08911111111112,25.194499999999998,25.286363636363635
18330,2021-07-10 22:45:00,2021-07-10 23:00:00,23.0,23.196285714285718,23.092444444444446,22.645454545454545
18331,2021-07-10 23:00:00,2021-07-10 23:15:00,22.0,22.93644444444444,23.884166666666662,22.836363636363636
18332,2021-07-10 23:15:00,2021-07-10 23:30:00,22.0,22.406111111111105,22.545222222222222,22.2
18333,2021-07-10 23:30:00,2021-07-10 23:45:00,22.0,22.351636206125637,22.398166666666665,22.263636363636362
18334,2021-07-10 23:45:00,2021-07-11 00:00:00,23.0,22.963896825396827,22.61775252525253,22.904545454545456
18335,2021-07-11 00:00:00,2021-07-11 00:15:00,22.0,23.064666666666668,23.683222222222216,22.7
18336,2021-07-11 00:15:00,2021-07-11 00:30:00,22.0,22.44376984126984,22.405656520505183,22.313636363636363
18337,2021-07-11 00:30:00,2021-07-11 00:45:00,23.0,22.14427777777778,22.031660714285717,22.54090909090909
18338,2021-07-11 00:45:00,2021-07-11 01:00:00,23.0,22.908198412698404,22.832222222222228,22.736363636363638
18339,2021-07-11 01:00:00,2021-07-11 01:15:00,23.0,22.600174603174594,23.008222222222216,22.759090909090908
18340,2021-07-11 01:15:00,2021-07-11 01:30:00,26.0,23.023071428571427,23.079166666666666,23.104545454545455
18341,2021-07-11 01:30:00,2021-07-11 01:45:00,27.0,25.80783333333335,25.79949999999999,26.213636363636365
18342,2021-07-11 01:45:00,2021-07-11 02:00:00,26.0,23.351222222222216,23.055611111111116,24.113636363636363
18343,2021-07-11 02:00:00,2021-07-11 02:15:00,23.0,23.0488253968254,25.425666666666668,22.6
18344,2021-07-11 02:15:00,2021-07-11 02:30:00,23.0,22.597912698412685,22.684,22.895454545454545
18345,2021-07-11 02:30:00,2021-07-11 02:45:00,22.0,22.59211111111111,22.60227777777778,22.881818181818183
18346,2021-07-11 02:45:00,2021-07-11 03:00:00,22.0,22.57411111111111,22.576333333333327,22.418181818181818
18347,2021-07-11 03:00:00,2021-07-11 03:15:00,24.0,22.686722222222215,22.762153996101354,22.522727272727273
18348,2021-07-11 03:15:00,2021-07-11 03:30:00,22.0,24.7979126984127,24.403,26.277272727272727
18349,2021-07-11 03:30:00,2021-07-11 03:45:00,23.0,22.26188023088022,22.32055555555554,22.286363636363635
18350,2021-07-11 03:45:00,2021-07-11 04:00:00,23.0,22.702642857142845,22.757999999999996,22.990909090909092
18351,2021-07-11 04:00:00,2021-07-11 04:15:00,23.0,22.54472222222223,22.626722222222217,23.286363636363635
18352,2021-07-11 04:15:00,2021-07-11 04:30:00,22.0,23.30849999999999,23.103888888888896,23.45909090909091
18353,2021-07-11 04:30:00,2021-07-11 04:45:00,24.0,22.907722222222226,22.64609595959594,23.472727272727273
18354,2021-07-11 04:45:00,2021-07-11 05:00:00,23.0,26.534222222222233,26.510611111111125,25.631818181818183
18355,2021-07-11 05:00:00,2021-07-11 05:15:00,27.0,23.34019047619047,23.477166666666655,23.181818181818183
18356,2021-07-11 05:15:00,2021-07-11 05:30:00,24.0,29.021158730158724,28.67205555555555,26.054545454545455
18357,2021-07-11 05:30:00,2021-07-11 05:45:00,22.0,22.468611111111105,22.37105555555556,22.904545454545456
18358,2021-07-11 05:45:00,2021-07-11 06:00:00,21.0,22.052111111111117,22.127444444444446,21.76818181818182
18359,2021-07-11 06:00:00,2021-07-11 06:15:00,22.0,21.404063492063496,21.422666666666665,21.51818181818182
18360,2021-07-11 06:15:00,2021-07-11 06:30:00,22.0,23.40283520074696,23.465333333333344,23.413636363636364
18361,2021-07-11 06:30:00,2021-07-11 06:45:00,22.0,22.149969155434405,22.19113726969754,22.595454545454544
18362,2021-07-11 06:45:00,2021-07-11 07:00:00,22.0,22.087463635941713,22.20682038719064,22.345454545454544
18363,2021-07-11 07:00:00,2021-07-11 07:15:00,22.0,22.032222222222227,22.0052419266893,21.886363636363637
18364,2021-07-11 07:15:00,2021-07-11 07:30:00,22.0,22.036281385281384,22.032502824858764,22.09090909090909
18365,2021-07-11 07:30:00,2021-07-11 07:45:00,22.0,22.11118583390294,22.148760296667902,22.35
18366,2021-07-11 07:45:00,2021-07-11 08:00:00,22.0,22.14171588959089,22.247032188531346,21.813636363636363
18367,2021-07-11 08:00:00,2021-07-11 08:15:00,22.0,22.759709937209937,22.853615898310277,22.595454545454544
18368,2021-07-11 08:15:00,2021-07-11 08:30:00,27.0,22.91921870963176,22.96507533744926,22.618181818181817
18369,2021-07-11 08:30:00,2021-07-11 08:45:00,24.0,26.100388888888894,26.30183333333333,26.072727272727274
18370,2021-07-11 08:45:00,2021-07-11 09:00:00,22.0,22.585166666666662,22.249277777777774,22.068181818181817
18371,2021-07-11 09:00:00,2021-07-11 09:15:00,22.0,22.08408547008547,22.14333333333333,22.2
18372,2021-07-11 09:15:00,2021-07-11 09:30:00,22.0,22.038222222222224,22.074677091278925,22.295454545454547
18373,2021-07-11 09:30:00,2021-07-11 09:45:00,22.0,22.10762788559312,22.111077350604013,22.51818181818182
18374,2021-07-11 09:45:00,2021-07-11 10:00:00,22.0,22.225677414681112,22.135642908193,22.35909090909091
18375,2021-07-11 10:00:00,2021-07-11 10:15:00,23.0,22.350294745484398,22.353491919191917,22.445454545454545
18376,2021-07-11 10:15:00,2021-07-11 10:30:00,22.0,22.695690476190478,22.230555555555558,23.71818181818182
18377,2021-07-11 10:30:00,2021-07-11 10:45:00,23.0,22.123666666666665,22.19250282485876,22.34090909090909
18378,2021-07-11 10:45:00,2021-07-11 11:00:00,22.0,24.494428571428564,24.138888888888882,24.213636363636365
18379,2021-07-11 11:00:00,2021-07-11 11:15:00,22.0,23.54216666666667,23.953345410628028,22.722727272727273
18380,2021-07-11 11:15:00,2021-07-11 11:30:00,26.0,22.54424369952659,22.419911111111105,22.759090909090908
18381,2021-07-11 11:30:00,2021-07-11 11:45:00,28.0,26.051222222222243,26.30372222222223,26.513636363636362
18382,2021-07-11 11:45:00,2021-07-11 12:00:00,23.0,24.626746031746027,24.13594444444444,25.081818181818182
18383,2021-07-11 12:00:00,2021-07-11 12:15:00,23.0,23.038023809523818,22.951166666666666,22.645454545454545
18384,2021-07-11 12:15:00,2021-07-11 12:30:00,23.0,22.59512698412698,22.551777777777776,22.613636363636363
18385,2021-07-11 12:30:00,2021-07-11 12:45:00,24.0,22.565888888888907,22.43361111111111,22.65909090909091
18386,2021-07-11 12:45:00,2021-07-11 13:00:00,22.0,23.75911111111111,23.505166666666668,25.7
18387,2021-07-11 13:00:00,2021-07-11 13:15:00,24.0,22.45761111111111,22.593611111111105,22.636363636363637
18388,2021-07-11 13:15:00,2021-07-11 13:30:00,24.0,24.039500000000004,23.57283333333334,24.39090909090909
18389,2021-07-11 13:30:00,2021-07-11 13:45:00,23.0,23.44546031746032,23.54988888888889,24.15909090909091
18390,2021-07-11 13:45:00,2021-07-11 14:00:00,23.0,23.196662698412702,23.15766666666666,23.85
18391,2021-07-11 14:00:00,2021-07-11 14:15:00,24.0,24.00112698412698,23.594833333333323,24.05
18392,2021-07-11 14:15:00,2021-07-11 14:30:00,24.0,25.291111111111118,25.033388888888894,25.04090909090909
18393,2021-07-11 14:30:00,2021-07-11 14:45:00,28.0,24.934238095238104,24.94905555555556,24.568181818181817
18394,2021-07-11 14:45:00,2021-07-11 15:00:00,27.0,26.555277777777786,26.254444444444452,26.25
18395,2021-07-11 15:00:00,2021-07-11 15:15:00,24.0,24.26794444444444,24.11766666666665,24.34090909090909
18396,2021-07-11 15:15:00,2021-07-11 15:30:00,24.0,23.337444444444444,23.409888888888887,22.87727272727273
18397,2021-07-11 15:30:00,2021-07-11 15:45:00,24.0,23.668722222222218,23.628833333333336,23.331818181818182
18398,2021-07-11 15:45:00,2021-07-11 16:00:00,24.0,23.586111111111105,23.617611111111106,23.75
18399,2021-07-11 16:00:00,2021-07-11 16:15:00,24.0,23.96844444444444,24.377388888888884,24.186363636363637
18400,2021-07-11 16:15:00,2021-07-11 16:30:00,24.0,24.017777777777777,23.84522222222223,23.795454545454547
18401,2021-07-11 16:30:00,2021-07-11 16:45:00,24.0,23.860944444444442,23.819833333333342,23.836363636363636
18402,2021-07-11 16:45:00,2021-07-11 17:00:00,26.0,23.64805555555556,23.674666666666678,24.01818181818182
18403,2021-07-11 17:00:00,2021-07-11 17:15:00,23.0,25.176793650793662,26.720722222222225,25.363636363636363
18404,2021-07-11 17:15:00,2021-07-11 17:30:00,23.0,22.919857142857143,22.863222222222216,22.745454545454546
18405,2021-07-11 17:30:00,2021-07-11 17:45:00,23.0,23.010226190476196,22.93861111111111,22.995454545454546
18406,2021-07-11 17:45:00,2021-07-11 18:00:00,26.0,22.997365079365093,22.937,22.4
18407,2021-07-11 18:00:00,2021-07-11 18:15:00,26.0,27.202468253968256,28.86066666666667,26.7
18408,2021-07-11 18:15:00,2021-07-11 18:30:00,23.0,22.93882936507937,23.737555555555556,23.572727272727274
18409,2021-07-11 18:30:00,2021-07-11 18:45:00,22.0,22.80324603174603,22.850055555555556,22.713636363636365
18410,2021-07-11 18:45:00,2021-07-11 19:00:00,22.0,22.35711111111111,22.545055555555557,22.404545454545456
18411,2021-07-11 19:00:00,2021-07-11 19:15:00,22.0,22.438134920634926,22.759185185185185,22.527272727272727
18412,2021-07-11 19:15:00,2021-07-11 19:30:00,23.0,22.351333333333322,22.28882613168724,23.995454545454546
18413,2021-07-11 19:30:00,2021-07-11 19:45:00,22.0,22.72305555555555,22.615333333333332,25.759090909090908
18414,2021-07-11 19:45:00,2021-07-11 20:00:00,22.0,22.69151587301588,22.607944515396632,23.445454545454545
18415,2021-07-11 20:00:00,2021-07-11 20:15:00,23.0,22.375222222222234,22.41738888888889,22.604545454545455
18416,2021-07-11 20:15:00,2021-07-11 20:30:00,23.0,22.946551587301578,22.69572222222222,22.46818181818182
18417,2021-07-11 20:30:00,2021-07-11 20:45:00,22.0,23.689873015873005,23.78361111111111,24.436363636363637
18418,2021-07-11 20:45:00,2021-07-11 21:00:00,23.0,23.935325396825395,23.944,22.777272727272727
18419,2021-07-11 21:00:00,2021-07-11 21:15:00,26.0,23.787888888888872,25.19699999999999,22.6
18420,2021-07-11 21:15:00,2021-07-11 21:30:00,28.0,25.660174603174614,25.608500000000003,26.12272727272727
18421,2021-07-11 21:30:00,2021-07-11 21:45:00,24.0,23.54780158730158,23.32494444444444,24.431818181818183
18422,2021-07-11 21:45:00,2021-07-11 22:00:00,23.0,22.848944444444438,22.884944444444436,23.022727272727273
18423,2021-07-11 22:00:00,2021-07-11 22:15:00,23.0,23.013142857142846,23.28238888888889,22.736363636363638
18424,2021-07-11 22:15:00,2021-07-11 22:30:00,22.0,22.841444444444452,22.718166666666658,22.818181818181817
18425,2021-07-11 22:30:00,2021-07-11 22:45:00,24.0,22.623166666666663,22.57544444444444,22.727272727272727
18426,2021-07-11 22:45:00,2021-07-11 23:00:00,23.0,24.65844444444446,26.171166666666668,24.136363636363637
18427,2021-07-11 23:00:00,2021-07-11 23:15:00,23.0,22.95637301587302,23.40422222222222,23.063636363636363
18428,2021-07-11 23:15:00,2021-07-11 23:30:00,22.0,22.667166666666667,22.71394444444444,22.84090909090909
18429,2021-07-11 23:30:00,2021-07-11 23:45:00,22.0,22.68361111111111,23.251055555555556,22.35909090909091
18430,2021-07-11 23:45:00,2021-07-12 00:00:00,23.0,23.831666666666653,23.43655555555555,22.96818181818182
18431,2021-07-12 00:00:00,2021-07-12 00:15:00,23.0,26.64016666666665,23.63361111111111,23.545454545454547
18432,2021-07-12 00:15:00,2021-07-12 00:30:00,26.0,22.820158730158727,23.117055555555552,22.94090909090909
18433,2021-07-12 00:30:00,2021-07-12 00:45:00,26.0,25.480000000000008,25.734666666666655,25.62272727272727
18434,2021-07-12 00:45:00,2021-07-12 01:00:00,23.0,22.999801587301583,23.07988888888889,23.84090909090909
18435,2021-07-12 01:00:00,2021-07-12 01:15:00,23.0,22.48411111111112,22.573499999999992,23.027272727272727
18436,2021-07-12 01:15:00,2021-07-12 01:30:00,23.0,22.3745,22.439944444444443,23.345454545454544
18437,2021-07-12 01:30:00,2021-07-12 01:45:00,23.0,22.400777777777794,22.69994444444444,23.568181818181817
18438,2021-07-12 01:45:00,2021-07-12 02:00:00,22.0,22.773166666666665,22.994222222222223,24.163636363636364
18439,2021-07-12 02:00:00,2021-07-12 02:15:00,23.0,22.601055555555547,22.76074279835391,23.081818181818182
18440,2021-07-12 02:15:00,2021-07-12 02:30:00,22.0,22.392119047619047,22.318333333333328,23.486363636363638
18441,2021-07-12 02:30:00,2021-07-12 02:45:00,23.0,22.419722222222216,22.3484732510288,22.8
18442,2021-07-12 02:45:00,2021-07-12 03:00:00,22.0,23.009841269841267,23.014,23.236363636363638
18443,2021-07-12 03:00:00,2021-07-12 03:15:00,22.0,23.07566666666667,23.240999999999996,24.4
18444,2021-07-12 03:15:00,2021-07-12 03:30:00,23.0,23.038444444444448,23.077666666666673,22.55909090909091
18445,2021-07-12 03:30:00,2021-07-12 03:45:00,24.0,22.8311111111111,23.13066666666667,23.45
18446,2021-07-12 03:45:00,2021-07-12 04:00:00,27.0,24.887499999999996,25.163722222222223,25.113636363636363
18447,2021-07-12 04:00:00,2021-07-12 04:15:00,23.0,25.19666666666667,24.46494444444446,24.5
18448,2021-07-12 04:15:00,2021-07-12 04:30:00,21.0,22.146142857142852,22.216222222222218,22.704545454545453
18449,2021-07-12 04:30:00,2021-07-12 04:45:00,22.0,21.383555555555546,21.397777777777772,21.331818181818182
18450,2021-07-12 04:45:00,2021-07-12 05:00:00,22.0,24.975833333333334,25.439833333333326,22.509090909090908
18451,2021-07-12 05:00:00,2021-07-12 05:15:00,23.0,22.790333333333333,23.273555555555564,23.995454545454546
18452,2021-07-12 05:15:00,2021-07-12 05:30:00,23.0,23.23299999999999,22.629388888888887,25.05
18453,2021-07-12 05:30:00,2021-07-12 05:45:00,23.0,22.847333333333328,22.493,23.62727272727273
18454,2021-07-12 05:45:00,2021-07-12 06:00:00,23.0,23.14544444444444,22.89577777777778,25.26818181818182
18455,2021-07-12 06:00:00,2021-07-12 06:15:00,23.0,23.362722222222217,23.15922222222222,24.227272727272727
18456,2021-07-12 06:15:00,2021-07-12 06:30:00,23.0,23.644222222222222,23.30216666666666,23.931818181818183
18457,2021-07-12 06:30:00,2021-07-12 06:45:00,23.0,23.987333333333325,23.527388888888883,23.772727272727273
18458,2021-07-12 06:45:00,2021-07-12 07:00:00,25.0,24.568499999999986,24.54144444444444,24.513636363636362
18459,2021-07-12 07:00:00,2021-07-12 07:15:00,31.0,31.145833333333357,28.938777777777783,31.054545454545455
18460,2021-07-12 07:15:00,2021-07-12 07:30:00,40.0,50.15492857142859,51.246222222222244,47.85
18461,2021-07-12 07:30:00,2021-07-12 07:45:00,66.0,66.76933333333332,65.90733333333334,66.17272727272727
18462,2021-07-12 07:45:00,2021-07-12 08:00:00,123.0,104.59444444444443,103.92688888888898,95.35909090909091
18463,2021-07-12 08:00:00,2021-07-12 08:15:00,153.0,148.2466111111111,141.12838888888888,153.97727272727272
18464,2021-07-12 08:15:00,2021-07-12 08:30:00,196.0,175.53695238095247,176.03311111111117,178.78181818181818
18465,2021-07-12 08:30:00,2021-07-12 08:45:00,198.0,202.71433333333323,202.4371666666665,202.86818181818182
18466,2021-07-12 08:45:00,2021-07-12 09:00:00,195.0,200.4489444444444,199.6484444444445,198.2
18467,2021-07-12 09:00:00,2021-07-12 09:15:00,195.0,184.52616666666663,184.43683333333334,183.73636363636365
18468,2021-07-12 09:15:00,2021-07-12 09:30:00,192.0,185.90877777777771,185.99961111111108,183.81363636363636
18469,2021-07-12 09:30:00,2021-07-12 09:45:00,187.0,182.7724444444445,182.58433333333338,185.82272727272726
18470,2021-07-12 09:45:00,2021-07-12 10:00:00,191.0,183.57322222222226,183.34088888888886,181.5681818181818
18471,2021-07-12 10:00:00,2021-07-12 10:15:00,149.0,148.88555555555558,152.91216666666662,162.3272727272727
18472,2021-07-12 10:15:00,2021-07-12 10:30:00,180.0,177.42999999999995,177.50788888888883,180.56363636363636
18473,2021-07-12 10:30:00,2021-07-12 10:45:00,183.0,179.17372222222227,179.99099999999996,183.67727272727274
18474,2021-07-12 10:45:00,2021-07-12 11:00:00,186.0,172.18272222222225,172.20455555555557,174.2
18475,2021-07-12 11:00:00,2021-07-12 11:15:00,188.0,174.42344444444444,166.61849999999993,176.99545454545455
18476,2021-07-12 11:15:00,2021-07-12 11:30:00,187.0,180.19061111111108,180.26049999999998,178.26818181818183
18477,2021-07-12 11:30:00,2021-07-12 11:45:00,187.0,177.63944444444442,178.63694444444437,176.83636363636364
18478,2021-07-12 11:45:00,2021-07-12 12:00:00,180.0,178.5322222222222,177.55855555555556,175.70909090909092
18479,2021-07-12 12:00:00,2021-07-12 12:15:00,134.0,124.20505555555552,129.52377777777775,122.92272727272727
18480,2021-07-12 12:15:00,2021-07-12 12:30:00,115.0,116.19977777777778,116.33883333333331,111.12272727272727
18481,2021-07-12 12:30:00,2021-07-12 12:45:00,107.0,102.99877777777776,111.42277777777768,108.77727272727273
18482,2021-07-12 12:45:00,2021-07-12 13:00:00,103.0,133.60611111111115,132.4222777777778,117.71818181818182
18483,2021-07-12 13:00:00,2021-07-12 13:15:00,146.0,138.12766666666664,133.0005,140.91363636363636
18484,2021-07-12 13:15:00,2021-07-12 13:30:00,169.0,163.44805555555556,162.43338888888889,166.46363636363637
18485,2021-07-12 13:30:00,2021-07-12 13:45:00,178.0,178.48455555555543,179.33083333333335,175.75
18486,2021-07-12 13:45:00,2021-07-12 14:00:00,174.0,176.7396666666666,176.15144444444437,178.59545454545454
18487,2021-07-12 14:00:00,2021-07-12 14:15:00,177.0,168.50105555555547,169.8047777777778,168.36818181818182
18488,2021-07-12 14:15:00,2021-07-12 14:30:00,184.0,169.97494444444445,169.96705555555556,170.95
18489,2021-07-12 14:30:00,2021-07-12 14:45:00,185.0,177.07128571428566,177.2975555555556,179.82272727272726
18490,2021-07-12 14:45:00,2021-07-12 15:00:00,190.0,178.9958412698413,178.19261111111112,177.7409090909091
18491,2021-07-12 15:00:00,2021-07-12 15:15:00,143.0,148.38083333333333,152.03355555555552,152.63181818181818
18492,2021-07-12 15:15:00,2021-07-12 15:30:00,143.0,166.78638888888884,163.7697777777778,161.8090909090909
18493,2021-07-12 15:30:00,2021-07-12 15:45:00,182.0,163.236,162.26238888888895,160.28636363636363
18494,2021-07-12 15:45:00,2021-07-12 16:00:00,188.0,177.04461111111107,178.20611111111108,170.61818181818182
18495,2021-07-12 16:00:00,2021-07-12 16:15:00,177.0,170.20733333333348,163.49694444444447,176.87272727272727
18496,2021-07-12 16:15:00,2021-07-12 16:30:00,164.0,169.02283333333332,169.2723888888889,170.21818181818182
18497,2021-07-12 16:30:00,2021-07-12 16:45:00,177.0,163.454,164.11149999999998,164.03181818181818
18498,2021-07-12 16:45:00,2021-07-12 17:00:00,177.0,170.04600000000002,172.57911111111116,167.4227272727273
18499,2021-07-12 17:00:00,2021-07-12 17:15:00,125.0,131.07094444444448,131.46066666666667,133.53181818181818
18500,2021-07-12 17:15:00,2021-07-12 17:30:00,105.0,115.04205555555554,113.78244444444444,116.96818181818182
18501,2021-07-12 17:30:00,2021-07-12 17:45:00,147.0,144.71733333333336,137.96066666666667,142.5909090909091
18502,2021-07-12 17:45:00,2021-07-12 18:00:00,173.0,165.93588888888888,165.59622222222225,158.62727272727273
18503,2021-07-12 18:00:00,2021-07-12 18:15:00,164.0,168.31900000000016,166.28177777777785,168.94545454545454
18504,2021-07-12 18:15:00,2021-07-12 18:30:00,153.0,158.96061111111112,159.23216666666664,155.18636363636364
18505,2021-07-12 18:30:00,2021-07-12 18:45:00,162.0,149.5581666666667,150.5501111111111,154.57272727272726
18506,2021-07-12 18:45:00,2021-07-12 19:00:00,149.0,161.25922222222232,159.86838888888883,158.88181818181818
18507,2021-07-12 19:00:00,2021-07-12 19:15:00,158.0,148.14561111111112,143.54772222222223,148.89545454545456
18508,2021-07-12 19:15:00,2021-07-12 19:30:00,175.0,153.45955555555557,153.26072222222223,153.35454545454544
18509,2021-07-12 19:30:00,2021-07-12 19:45:00,165.0,162.84311111111117,164.6067777777778,163.4909090909091
18510,2021-07-12 19:45:00,2021-07-12 20:00:00,129.0,143.06433333333328,149.29805555555555,132.01818181818183
18511,2021-07-12 20:00:00,2021-07-12 20:15:00,117.0,120.72683333333337,123.60272222222231,120.94545454545455
18512,2021-07-12 20:15:00,2021-07-12 20:30:00,119.0,123.39272222222225,125.25183333333332,121.68636363636364
18513,2021-07-12 20:30:00,2021-07-12 20:45:00,136.0,121.06605555555555,122.75227777777776,120.96363636363637
18514,2021-07-12 20:45:00,2021-07-12 21:00:00,127.0,129.1966111111111,133.12383333333335,131.0590909090909
18515,2021-07-12 21:00:00,2021-07-12 21:15:00,119.0,122.5925,122.39444444444443,123.43636363636364
18516,2021-07-12 21:15:00,2021-07-12 21:30:00,133.0,124.30183333333332,125.62555555555555,121.06818181818181
18517,2021-07-12 21:30:00,2021-07-12 21:45:00,120.0,125.71205555555557,127.44083333333332,126.37272727272727
18518,2021-07-12 21:45:00,2021-07-12 22:00:00,106.0,118.16777777777774,116.34555555555555,116.55909090909091
18519,2021-07-12 22:00:00,2021-07-12 22:15:00,104.0,103.26011111111106,102.46905555555554,100.67727272727272
18520,2021-07-12 22:15:00,2021-07-12 22:30:00,120.0,109.90833333333333,110.11305555555555,108.66818181818182
18521,2021-07-12 22:30:00,2021-07-12 22:45:00,125.0,117.60894444444445,118.14733333333328,116.28181818181818
18522,2021-07-12 22:45:00,2021-07-12 23:00:00,113.0,121.75816666666668,123.2821666666667,121.45
18523,2021-07-12 23:00:00,2021-07-12 23:15:00,112.0,107.58383333333335,105.3031666666667,107.9090909090909
18524,2021-07-12 23:15:00,2021-07-12 23:30:00,115.0,111.29783333333336,110.48955555555554,108.81818181818181
18525,2021-07-12 23:30:00,2021-07-12 23:45:00,105.0,108.19900000000004,110.80566666666664,108.44545454545455
18526,2021-07-12 23:45:00,2021-07-13 00:00:00,79.0,85.3687777777778,87.40883333333338,78.98181818181818
18720,2021-07-17 00:15:00,2021-07-17 00:30:00,63.0,64.82738888888889,65.06422222222223,64.47272727272727
18721,2021-07-17 00:30:00,2021-07-17 00:45:00,62.0,62.94288888888888,63.018333333333324,63.71363636363636
18722,2021-07-17 00:45:00,2021-07-17 01:00:00,63.0,61.632500000000014,62.00866666666666,62.30909090909091
18723,2021-07-17 01:00:00,2021-07-17 01:15:00,90.0,93.61294444444447,93.38844444444449,94.73636363636363
18724,2021-07-17 01:15:00,2021-07-17 01:30:00,110.0,101.45766666666668,101.84422222222223,100.2
18725,2021-07-17 01:30:00,2021-07-17 01:45:00,102.0,109.75944444444455,109.44100000000006,107.98636363636363
18726,2021-07-17 01:45:00,2021-07-17 02:00:00,100.0,101.43511111111113,101.34049999999999,100.89090909090909
18727,2021-07-17 02:00:00,2021-07-17 02:15:00,105.0,102.94083333333332,102.23905555555558,102.56818181818181
18728,2021-07-17 02:15:00,2021-07-17 02:30:00,101.0,104.59355555555562,104.29849999999999,102.55454545454545
18729,2021-07-17 02:30:00,2021-07-17 02:45:00,92.0,98.56088888888894,98.27011111111118,98.80909090909091
18730,2021-07-17 02:45:00,2021-07-17 03:00:00,95.0,101.09122222222219,99.80800000000002,98.41363636363636
18731,2021-07-17 03:00:00,2021-07-17 03:15:00,85.0,87.57327777777768,88.11416666666658,89.44090909090909
18732,2021-07-17 03:15:00,2021-07-17 03:30:00,90.0,101.46555555555554,98.02572222222217,101.75
18733,2021-07-17 03:30:00,2021-07-17 03:45:00,99.0,95.63700793650798,95.56855555555555,98.62727272727273
18734,2021-07-17 03:45:00,2021-07-17 04:00:00,102.0,101.12206349206356,101.01777777777774,103.0909090909091
18735,2021-07-17 04:00:00,2021-07-17 04:15:00,97.0,96.97116666666662,97.00127777777773,104.83181818181818
18736,2021-07-17 04:15:00,2021-07-17 04:30:00,89.0,99.34643650793652,99.33100000000006,101.43636363636364
18737,2021-07-17 04:30:00,2021-07-17 04:45:00,96.0,94.02877777777775,92.68233333333332,98.11363636363636
18738,2021-07-17 04:45:00,2021-07-17 05:00:00,103.0,96.72061904761902,97.25844444444448,100.57272727272728
18739,2021-07-17 05:00:00,2021-07-17 05:15:00,77.0,86.42233333333331,92.70722222222223,83.17727272727272
18740,2021-07-17 05:15:00,2021-07-17 05:30:00,64.0,68.77794444444446,70.079,68.51363636363637
18741,2021-07-17 05:30:00,2021-07-17 05:45:00,87.0,88.0255,84.23177777777776,91.19090909090909
18742,2021-07-17 05:45:00,2021-07-17 06:00:00,108.0,96.68294444444439,96.0425555555555,98.43636363636364
18743,2021-07-17 06:00:00,2021-07-17 06:15:00,96.0,109.9780873015873,110.17361111111114,109.53181818181818
18744,2021-07-17 06:15:00,2021-07-17 06:30:00,76.0,97.6196507936508,99.93266666666668,103.00909090909092
18745,2021-07-17 06:30:00,2021-07-17 06:45:00,81.0,76.45469047619052,75.22894444444444,86.92727272727272
18746,2021-07-17 06:45:00,2021-07-17 07:00:00,87.0,83.15767460317466,85.34377777777775,87.35909090909091
18747,2021-07-17 07:00:00,2021-07-17 07:15:00,88.0,91.63282539682545,93.60055555555552,91.57272727272728
18748,2021-07-17 07:15:00,2021-07-17 07:30:00,73.0,89.46184126984127,87.63183333333329,89.07272727272728
18749,2021-07-17 07:30:00,2021-07-17 07:45:00,40.0,64.34521428571429,64.95266666666667,55.42727272727273
18750,2021-07-17 07:45:00,2021-07-17 08:00:00,28.0,33.05189682539685,32.21100000000002,30.636363636363637
18751,2021-07-17 08:00:00,2021-07-17 08:15:00,25.0,25.240388888888894,23.66477777777779,32.972727272727276
18752,2021-07-17 08:15:00,2021-07-17 08:30:00,27.0,22.743833333333342,22.89350000000001,22.927272727272726
18753,2021-07-17 08:30:00,2021-07-17 08:45:00,24.0,25.134904761904753,24.52827777777777,24.436363636363637
18754,2021-07-17 08:45:00,2021-07-17 09:00:00,23.0,23.390698412698413,23.338444444444445,23.386363636363637
18755,2021-07-17 09:00:00,2021-07-17 09:15:00,23.0,23.535690476190474,23.3815,23.563636363636363
18756,2021-07-17 09:15:00,2021-07-17 09:30:00,23.0,22.987500000000004,23.007055555555553,23.15909090909091
18757,2021-07-17 09:30:00,2021-07-17 09:45:00,22.0,23.588650793650796,23.4016111111111,23.854545454545455
18758,2021-07-17 09:45:00,2021-07-17 10:00:00,24.0,22.60544444444444,22.852888888888888,22.636363636363637
18759,2021-07-17 10:00:00,2021-07-17 10:15:00,24.0,25.332222222222228,24.82738888888889,24.85
18760,2021-07-17 10:15:00,2021-07-17 10:30:00,23.0,25.16577777777778,24.971944444444446,27.645454545454545
18761,2021-07-17 10:30:00,2021-07-17 10:45:00,23.0,24.310888888888883,24.02116666666667,25.25
18762,2021-07-17 10:45:00,2021-07-17 11:00:00,23.0,24.51319047619048,24.031499999999998,25.009090909090908
18763,2021-07-17 11:00:00,2021-07-17 11:15:00,23.0,23.84505555555555,23.64138888888888,25.62727272727273
18764,2021-07-17 11:15:00,2021-07-17 11:30:00,24.0,24.62711111111111,24.342888888888886,25.12727272727273
18765,2021-07-17 11:30:00,2021-07-17 11:45:00,23.0,26.01150000000001,25.79127777777778,25.44090909090909
18766,2021-07-17 11:45:00,2021-07-17 12:00:00,27.0,24.02096825396825,23.475444444444438,25.136363636363637
18767,2021-07-17 12:00:00,2021-07-17 12:15:00,26.0,26.54330952380953,26.325000000000006,26.12727272727273
18768,2021-07-17 12:15:00,2021-07-17 12:30:00,24.0,22.828452380952378,23.085722222222216,23.40909090909091
18769,2021-07-17 12:30:00,2021-07-17 12:45:00,23.0,23.16138888888888,22.960611111111106,23.186363636363637
18770,2021-07-17 12:45:00,2021-07-17 13:00:00,24.0,22.817968253968242,22.771555555555558,23.168181818181818
18771,2021-07-17 13:00:00,2021-07-17 13:15:00,24.0,23.812611111111096,24.005388888888884,24.145454545454545
18772,2021-07-17 13:15:00,2021-07-17 13:30:00,23.0,23.657111111111124,23.541499999999996,25.12727272727273
18773,2021-07-17 13:30:00,2021-07-17 13:45:00,23.0,23.550499999999985,23.282722222222226,24.263636363636362
18774,2021-07-17 13:45:00,2021-07-17 14:00:00,23.0,23.504968253968247,23.235666666666663,24.745454545454546
18775,2021-07-17 14:00:00,2021-07-17 14:15:00,23.0,23.7195,24.436499999999995,24.263636363636362
18776,2021-07-17 14:15:00,2021-07-17 14:30:00,24.0,23.804222222222233,23.692722222222226,23.70909090909091
18777,2021-07-17 14:30:00,2021-07-17 14:45:00,23.0,25.2603888888889,25.104333333333333,24.186363636363637
18778,2021-07-17 14:45:00,2021-07-17 15:00:00,23.0,23.91724603174603,23.655333333333342,23.972727272727273
18779,2021-07-17 15:00:00,2021-07-17 15:15:00,28.0,24.27505555555556,24.23111111111111,24.077272727272728
18780,2021-07-17 15:15:00,2021-07-17 15:30:00,27.0,27.62140476190476,29.379111111111104,26.536363636363635
18781,2021-07-17 15:30:00,2021-07-17 15:45:00,23.0,23.235222222222227,23.253,23.145454545454545
18782,2021-07-17 15:45:00,2021-07-17 16:00:00,23.0,23.190555555555555,23.31644444444444,23.2
18783,2021-07-17 16:00:00,2021-07-17 16:15:00,23.0,23.104142857142847,23.30566666666666,23.55909090909091
18784,2021-07-17 16:15:00,2021-07-17 16:30:00,23.0,22.85894444444444,23.01338888888888,23.854545454545455
18785,2021-07-17 16:30:00,2021-07-17 16:45:00,24.0,22.83411111111111,22.858999999999998,23.322727272727274
18786,2021-07-17 16:45:00,2021-07-17 17:00:00,22.0,23.87605555555557,23.83716666666666,24.286363636363635
18787,2021-07-17 17:00:00,2021-07-17 17:15:00,22.0,22.541746031746037,22.521166666666655,22.60909090909091
18788,2021-07-17 17:15:00,2021-07-17 17:30:00,22.0,22.245833333333334,22.257743589743587,23.01818181818182
18789,2021-07-17 17:30:00,2021-07-17 17:45:00,23.0,22.282079365079372,22.37934126984127,22.727272727272727
18790,2021-07-17 17:45:00,2021-07-17 18:00:00,22.0,23.622714285714288,24.15705555555555,23.445454545454545
18791,2021-07-17 18:00:00,2021-07-17 18:15:00,22.0,23.969388888888894,24.119277777777782,22.98181818181818
18792,2021-07-17 18:15:00,2021-07-17 18:30:00,25.0,23.229234126984146,23.20301028104686,22.668181818181818
18793,2021-07-17 18:30:00,2021-07-17 18:45:00,27.0,26.896277777777783,27.15038888888889,26.695454545454545
18794,2021-07-17 18:45:00,2021-07-17 19:00:00,23.0,24.05680158730158,24.107944444444446,23.65
18795,2021-07-17 19:00:00,2021-07-17 19:15:00,22.0,23.30516666666667,22.649,22.8
18796,2021-07-17 19:15:00,2021-07-17 19:30:00,23.0,22.12344444444444,22.076777777777778,22.37727272727273
18797,2021-07-17 19:30:00,2021-07-17 19:45:00,23.0,22.570690476190475,22.825166666666668,23.46818181818182
18798,2021-07-17 19:45:00,2021-07-17 20:00:00,23.0,22.768277777777772,22.629000000000005,23.7
18799,2021-07-17 20:00:00,2021-07-17 20:15:00,23.0,22.682666666666663,22.69344444444445,23.404545454545456
18800,2021-07-17 20:15:00,2021-07-17 20:30:00,22.0,22.474666666666664,22.52027777777778,23.30909090909091
18801,2021-07-17 20:30:00,2021-07-17 20:45:00,23.0,22.584357142857137,22.619500000000006,23.045454545454547
18802,2021-07-17 20:45:00,2021-07-17 21:00:00,23.0,23.042087301587312,23.288944444444443,23.65909090909091
18803,2021-07-17 21:00:00,2021-07-17 21:15:00,24.0,23.131833333333326,23.1215,23.645454545454545
18804,2021-07-17 21:15:00,2021-07-17 21:30:00,24.0,24.709666666666664,24.970722222222225,25.6
18805,2021-07-17 21:30:00,2021-07-17 21:45:00,23.0,24.462349206349206,24.22972222222222,25.145454545454545
18806,2021-07-17 21:45:00,2021-07-17 22:00:00,24.0,23.57266666666667,23.554111111111112,23.96818181818182
18807,2021-07-17 22:00:00,2021-07-17 22:15:00,28.0,24.252333333333336,24.50766666666667,24.131818181818183
18808,2021-07-17 22:15:00,2021-07-17 22:30:00,24.0,26.383015873015875,27.069000000000003,25.695454545454545
18809,2021-07-17 22:30:00,2021-07-17 22:45:00,24.0,23.104166666666664,23.05605555555556,23.45
18810,2021-07-17 22:45:00,2021-07-17 23:00:00,24.0,23.423444444444442,23.616388888888885,23.668181818181818
18811,2021-07-17 23:00:00,2021-07-17 23:15:00,23.0,23.85438888888888,24.44516666666667,23.631818181818183
18812,2021-07-17 23:15:00,2021-07-17 23:30:00,22.0,23.563222222222223,23.3223888888889,23.913636363636364
18813,2021-07-17 23:30:00,2021-07-17 23:45:00,23.0,22.66627777777778,22.67577777777777,22.454545454545453
18814,2021-07-17 23:45:00,2021-07-18 00:00:00,24.0,23.231222222222215,23.538999999999998,23.177272727272726
18815,2021-07-18 00:00:00,2021-07-18 00:15:00,23.0,25.293777777777787,26.025888888888886,25.395454545454545
18816,2021-07-18 00:15:00,2021-07-18 00:30:00,22.0,23.191611111111115,23.049611111111115,23.286363636363635
18817,2021-07-18 00:30:00,2021-07-18 00:45:00,23.0,22.628134920634928,22.548666666666655,22.54090909090909
18818,2021-07-18 00:45:00,2021-07-18 01:00:00,24.0,23.47588095238095,23.876999999999995,23.145454545454545
18819,2021-07-18 01:00:00,2021-07-18 01:15:00,28.0,24.99922222222222,25.79961111111111,25.65
18820,2021-07-18 01:15:00,2021-07-18 01:30:00,26.0,26.369746031746036,27.597,24.836363636363636
18821,2021-07-18 01:30:00,2021-07-18 01:45:00,23.0,23.108611111111117,22.715555555555557,23.577272727272728
18822,2021-07-18 01:45:00,2021-07-18 02:00:00,23.0,22.797888888888888,22.922055555555552,23.054545454545455
18823,2021-07-18 02:00:00,2021-07-18 02:15:00,23.0,22.89522222222223,22.943388888888883,23.022727272727273
18824,2021-07-18 02:15:00,2021-07-18 02:30:00,23.0,22.642333333333333,22.624166666666667,22.954545454545453
18825,2021-07-18 02:30:00,2021-07-18 02:45:00,23.0,22.641777777777776,22.684277777777776,22.95909090909091
18826,2021-07-18 02:45:00,2021-07-18 03:00:00,24.0,22.90566666666666,22.885777777777776,23.177272727272726
18827,2021-07-18 03:00:00,2021-07-18 03:15:00,22.0,23.91527777777778,24.578000000000007,25.23181818181818
18828,2021-07-18 03:15:00,2021-07-18 03:30:00,23.0,22.247031746031734,22.197333333333322,22.35909090909091
18829,2021-07-18 03:30:00,2021-07-18 03:45:00,24.0,23.081055555555558,22.979888888888883,23.577272727272728
18830,2021-07-18 03:45:00,2021-07-18 04:00:00,23.0,24.554111111111112,24.776611111111112,24.754545454545454
18831,2021-07-18 04:00:00,2021-07-18 04:15:00,23.0,23.31146825396826,23.487555555555538,23.618181818181817
18832,2021-07-18 04:15:00,2021-07-18 04:30:00,28.0,23.026777777777777,22.76266666666666,22.740909090909092
18833,2021-07-18 04:30:00,2021-07-18 04:45:00,25.0,28.286111111111108,27.848444444444443,28.427272727272726
18834,2021-07-18 04:45:00,2021-07-18 05:00:00,23.0,22.974500000000006,23.05822222222222,22.53181818181818
18835,2021-07-18 05:00:00,2021-07-18 05:15:00,22.0,23.092079365079364,23.0696111111111,22.986363636363638
18836,2021-07-18 05:15:00,2021-07-18 05:30:00,22.0,22.37838888888889,22.313611111111108,22.431818181818183
18837,2021-07-18 05:30:00,2021-07-18 05:45:00,22.0,22.213333333333335,22.25272807017544,22.14090909090909
18838,2021-07-18 05:45:00,2021-07-18 06:00:00,22.0,22.29277513227513,22.240888888888886,23.05
18839,2021-07-18 06:00:00,2021-07-18 06:15:00,23.0,22.325547699214372,22.44572807017544,22.095454545454544
18840,2021-07-18 06:15:00,2021-07-18 06:30:00,23.0,22.787682539682535,22.41494444444444,23.927272727272726
18841,2021-07-18 06:30:00,2021-07-18 06:45:00,23.0,23.083158730158726,22.99911111111112,23.21818181818182
18842,2021-07-18 06:45:00,2021-07-18 07:00:00,22.0,23.332499999999992,23.320555555555554,23.554545454545455
18843,2021-07-18 07:00:00,2021-07-18 07:15:00,23.0,23.094706349206362,23.223111111111113,23.077272727272728
18844,2021-07-18 07:15:00,2021-07-18 07:30:00,25.0,24.238388888888895,23.83266666666667,23.631818181818183
18845,2021-07-18 07:30:00,2021-07-18 07:45:00,28.0,26.869999999999997,26.412277777777778,26.8
18846,2021-07-18 07:45:00,2021-07-18 08:00:00,25.0,25.729325396825384,24.26066666666669,25.79090909090909
18847,2021-07-18 08:00:00,2021-07-18 08:15:00,22.0,34.66505555555557,28.0465,23.904545454545456
18848,2021-07-18 08:15:00,2021-07-18 08:30:00,23.0,22.33807142857143,22.45105555555556,22.427272727272726
18849,2021-07-18 08:30:00,2021-07-18 08:45:00,23.0,22.904111111111114,22.57355555555555,22.89090909090909
18850,2021-07-18 08:45:00,2021-07-18 09:00:00,24.0,22.731500000000004,22.59744444444444,23.37727272727273
18851,2021-07-18 09:00:00,2021-07-18 09:15:00,22.0,25.741555555555543,25.729277777777778,26.163636363636364
18852,2021-07-18 09:15:00,2021-07-18 09:30:00,23.0,22.42244444444444,22.47516666666667,22.5
18853,2021-07-18 09:30:00,2021-07-18 09:45:00,23.0,22.76281746031746,22.52,23.631818181818183
18854,2021-07-18 09:45:00,2021-07-18 10:00:00,23.0,23.177690476190477,23.050666666666665,23.827272727272728
18855,2021-07-18 10:00:00,2021-07-18 10:15:00,22.0,23.260444444444445,23.70772222222221,24.381818181818183
18856,2021-07-18 10:15:00,2021-07-18 10:30:00,22.0,23.079777777777775,23.214666666666673,23.013636363636362
18857,2021-07-18 10:30:00,2021-07-18 10:45:00,23.0,22.911212962962967,23.349277777777772,22.686363636363637
18858,2021-07-18 10:45:00,2021-07-18 11:00:00,23.0,23.922277777777776,24.176944444444445,23.7
18859,2021-07-18 11:00:00,2021-07-18 11:15:00,24.0,23.22880952380951,23.270444444444436,23.918181818181818
18860,2021-07-18 11:15:00,2021-07-18 11:30:00,27.0,24.864999999999995,24.656777777777783,24.886363636363637
18861,2021-07-18 11:30:00,2021-07-18 11:45:00,23.0,23.991396825396826,24.033444444444445,24.53181818181818
18862,2021-07-18 11:45:00,2021-07-18 12:00:00,24.0,22.39977777777777,22.442499999999995,22.777272727272727
18863,2021-07-18 12:00:00,2021-07-18 12:15:00,23.0,24.125444444444444,23.82794444444445,24.086363636363636
18864,2021-07-18 12:15:00,2021-07-18 12:30:00,23.0,22.485055555555554,22.56916666666667,22.822727272727274
18865,2021-07-18 12:30:00,2021-07-18 12:45:00,22.0,22.61764682539682,22.565666666666665,23.454545454545453
18866,2021-07-18 12:45:00,2021-07-18 13:00:00,23.0,22.40902991452992,22.58641762452107,22.19090909090909
18867,2021-07-18 13:00:00,2021-07-18 13:15:00,23.0,22.71164285714286,23.03227777777778,23.40909090909091
18868,2021-07-18 13:15:00,2021-07-18 13:30:00,23.0,22.638444444444442,22.61377777777778,23.581818181818182
18869,2021-07-18 13:30:00,2021-07-18 13:45:00,23.0,23.28595238095238,23.100111111111108,24.15909090909091
18870,2021-07-18 13:45:00,2021-07-18 14:00:00,23.0,24.15481746031746,23.741277777777775,23.990909090909092
18871,2021-07-18 14:00:00,2021-07-18 14:15:00,24.0,23.639499999999998,23.97005555555555,23.76818181818182
18872,2021-07-18 14:15:00,2021-07-18 14:30:00,25.0,24.844333333333335,24.537055555555558,25.095454545454544
18873,2021-07-18 14:30:00,2021-07-18 14:45:00,27.0,24.660269841269834,25.240944444444445,25.595454545454544
18874,2021-07-18 14:45:00,2021-07-18 15:00:00,24.0,24.160833333333333,24.35116666666667,25.51818181818182
18875,2021-07-18 15:00:00,2021-07-18 15:15:00,24.0,22.785460317460316,23.012444444444434,22.913636363636364
18876,2021-07-18 15:15:00,2021-07-18 15:30:00,26.0,23.426222222222215,23.450000000000006,23.613636363636363
18877,2021-07-18 15:30:00,2021-07-18 15:45:00,24.0,24.19499206349207,25.155666666666672,23.94090909090909
18878,2021-07-18 15:45:00,2021-07-18 16:00:00,23.0,23.30260317460317,22.947166666666664,23.163636363636364
18879,2021-07-18 16:00:00,2021-07-18 16:15:00,23.0,23.018611111111102,23.33022222222223,23.05
18880,2021-07-18 16:15:00,2021-07-18 16:30:00,23.0,22.904611111111116,22.75877777777778,22.46818181818182
18881,2021-07-18 16:30:00,2021-07-18 16:45:00,23.0,22.67502777777778,22.739222222222228,22.89090909090909
18882,2021-07-18 16:45:00,2021-07-18 17:00:00,23.0,22.7178611111111,22.848777777777777,22.713636363636365
18883,2021-07-18 17:00:00,2021-07-18 17:15:00,23.0,22.78322222222223,23.00333333333334,22.51818181818182
18884,2021-07-18 17:15:00,2021-07-18 17:30:00,24.0,22.65627777777777,22.725666666666672,22.381818181818183
18885,2021-07-18 17:30:00,2021-07-18 17:45:00,23.0,24.675230158730166,24.215166666666665,25.572727272727274
18886,2021-07-18 17:45:00,2021-07-18 18:00:00,27.0,23.397444444444442,23.479499999999994,22.822727272727274
18887,2021-07-18 18:00:00,2021-07-18 18:15:00,25.0,26.210309523809528,25.805722222222222,26.095454545454544
18888,2021-07-18 18:15:00,2021-07-18 18:30:00,23.0,22.64599999999999,22.63922222222222,22.95909090909091
18889,2021-07-18 18:30:00,2021-07-18 18:45:00,23.0,22.665833333333335,22.75438888888889,22.73181818181818
18890,2021-07-18 18:45:00,2021-07-18 19:00:00,23.0,22.611499999999985,22.434888888888878,22.245454545454546
18891,2021-07-18 19:00:00,2021-07-18 19:15:00,23.0,22.752444444444443,23.50405555555556,22.495454545454546
18892,2021-07-18 19:15:00,2021-07-18 19:30:00,23.0,22.500444444444437,22.48638888888889,22.595454545454544
18893,2021-07-18 19:30:00,2021-07-18 19:45:00,23.0,22.52066666666666,22.454333333333338,23.345454545454544
18894,2021-07-18 19:45:00,2021-07-18 20:00:00,22.0,22.51899999999999,22.507555555555555,22.513636363636362
18895,2021-07-18 20:00:00,2021-07-18 20:15:00,23.0,22.85655555555556,22.504499999999997,23.068181818181817
18896,2021-07-18 20:15:00,2021-07-18 20:30:00,23.0,22.815698412698417,22.932000000000002,22.477272727272727
18897,2021-07-18 20:30:00,2021-07-18 20:45:00,22.0,23.3409126984127,23.805222222222227,23.695454545454545
18898,2021-07-18 20:45:00,2021-07-18 21:00:00,23.0,23.460722222222227,23.747055555555555,23.10909090909091
18899,2021-07-18 21:00:00,2021-07-18 21:15:00,26.0,23.745944444444433,24.40333333333333,22.759090909090908
18900,2021-07-18 21:15:00,2021-07-18 21:30:00,28.0,25.85367460317461,25.9575,26.522727272727273
18901,2021-07-18 21:30:00,2021-07-18 21:45:00,23.0,23.55524603174603,23.29955555555556,23.84090909090909
18902,2021-07-18 21:45:00,2021-07-18 22:00:00,24.0,22.757722222222217,22.74966666666666,23.03181818181818
18903,2021-07-18 22:00:00,2021-07-18 22:15:00,23.0,23.66683333333333,24.94805555555556,23.740909090909092
18904,2021-07-18 22:15:00,2021-07-18 22:30:00,23.0,22.93683333333334,22.952388888888883,22.759090909090908
18905,2021-07-18 22:30:00,2021-07-18 22:45:00,24.0,22.52466666666667,22.594777777777775,23.145454545454545
18906,2021-07-18 22:45:00,2021-07-18 23:00:00,24.0,23.726000000000006,23.67716666666666,24.581818181818182
18907,2021-07-18 23:00:00,2021-07-18 23:15:00,23.0,23.906904761904755,24.178499999999996,24.37272727272727
18908,2021-07-18 23:15:00,2021-07-18 23:30:00,22.0,23.08372222222222,23.007166666666677,23.054545454545455
18909,2021-07-18 23:30:00,2021-07-18 23:45:00,22.0,22.71833333333334,22.849388888888893,22.263636363636362
18910,2021-07-18 23:45:00,2021-07-19 00:00:00,23.0,24.016484126984118,23.897888888888886,23.30909090909091
18911,2021-07-19 00:00:00,2021-07-19 00:15:00,23.0,28.739277777777776,26.314666666666664,23.59090909090909
18912,2021-07-19 00:15:00,2021-07-19 00:30:00,25.0,22.789103174603174,23.015777777777775,22.977272727272727
18913,2021-07-19 00:30:00,2021-07-19 00:45:00,28.0,26.065579365079376,26.17194444444445,26.054545454545455
18914,2021-07-19 00:45:00,2021-07-19 01:00:00,26.0,25.664769841269834,25.38672222222223,25.445454545454545
18915,2021-07-19 01:00:00,2021-07-19 01:15:00,24.0,23.802992063492063,24.751444444444434,23.186363636363637
18916,2021-07-19 01:15:00,2021-07-19 01:30:00,24.0,23.233523809523824,23.279333333333334,23.368181818181817
18917,2021-07-19 01:30:00,2021-07-19 01:45:00,23.0,23.62994444444447,23.769777777777776,23.8
18918,2021-07-19 01:45:00,2021-07-19 02:00:00,23.0,22.916166666666673,23.084111111111106,23.30909090909091
18919,2021-07-19 02:00:00,2021-07-19 02:15:00,23.0,23.122611111111116,23.202777777777772,23.572727272727274
18920,2021-07-19 02:15:00,2021-07-19 02:30:00,22.0,22.620666666666665,22.74333333333333,23.445454545454545
18921,2021-07-19 02:30:00,2021-07-19 02:45:00,24.0,22.496388888888895,22.392222222222223,23.304545454545455
18922,2021-07-19 02:45:00,2021-07-19 03:00:00,24.0,24.655666666666665,24.386555555555553,25.39090909090909
18923,2021-07-19 03:00:00,2021-07-19 03:15:00,24.0,24.17594444444444,24.275499999999997,24.772727272727273
18924,2021-07-19 03:15:00,2021-07-19 03:30:00,23.0,24.47938888888889,25.175666666666675,24.595454545454544
18925,2021-07-19 03:30:00,2021-07-19 03:45:00,22.0,22.855055555555552,23.082944444444447,23.686363636363637
18926,2021-07-19 03:45:00,2021-07-19 04:00:00,23.0,22.62077777777778,22.923388888888887,22.986363636363638
18927,2021-07-19 04:00:00,2021-07-19 04:15:00,27.0,23.64688888888888,24.413444444444444,23.413636363636364
18928,2021-07-19 04:15:00,2021-07-19 04:30:00,27.0,29.86896031746031,30.557055555555568,26.04090909090909
18929,2021-07-19 04:30:00,2021-07-19 04:45:00,22.0,23.241555555555554,23.092833333333335,22.990909090909092
18930,2021-07-19 04:45:00,2021-07-19 05:00:00,22.0,21.91838888888888,21.97005555555555,22.19090909090909
18931,2021-07-19 05:00:00,2021-07-19 05:15:00,22.0,22.604222222222223,22.760333333333328,22.8
18932,2021-07-19 05:15:00,2021-07-19 05:30:00,23.0,22.178096491228075,22.279000000000007,22.527272727272727
18933,2021-07-19 05:30:00,2021-07-19 05:45:00,23.0,23.24866666666667,22.60244444444444,24.504545454545454
18934,2021-07-19 05:45:00,2021-07-19 06:00:00,23.0,23.318444444444435,22.77411111111111,24.62272727272727
18935,2021-07-19 06:00:00,2021-07-19 06:15:00,23.0,23.436166666666658,23.214999999999996,24.886363636363637
18936,2021-07-19 06:15:00,2021-07-19 06:30:00,23.0,22.772666666666666,22.657611111111112,24.2
18937,2021-07-19 06:30:00,2021-07-19 06:45:00,22.0,23.42449999999999,22.886833333333332,24.095454545454544
18938,2021-07-19 06:45:00,2021-07-19 07:00:00,23.0,23.20166666666666,23.387388888888893,23.068181818181817
18939,2021-07-19 07:00:00,2021-07-19 07:15:00,24.0,25.649111111111093,24.540611111111115,28.195454545454545
18940,2021-07-19 07:15:00,2021-07-19 07:30:00,39.0,27.718888888888888,25.94188888888889,35.38636363636363
18941,2021-07-19 07:30:00,2021-07-19 07:45:00,76.0,66.88216666666663,67.50977777777778,69.76363636363637
18942,2021-07-19 07:45:00,2021-07-19 08:00:00,119.0,105.2360555555556,104.29461111111117,102.74545454545455
18943,2021-07-19 08:00:00,2021-07-19 08:15:00,172.0,145.57588888888887,134.52444444444444,153.6590909090909
18944,2021-07-19 08:15:00,2021-07-19 08:30:00,200.0,182.84179365079353,182.0103333333332,182.12727272727273
18945,2021-07-19 08:30:00,2021-07-19 08:45:00,194.0,204.574111111111,203.4682777777777,203.72727272727272
18946,2021-07-19 08:45:00,2021-07-19 09:00:00,185.0,197.5686666666667,197.44838888888899,198.51363636363635
18947,2021-07-19 09:00:00,2021-07-19 09:15:00,182.0,179.60388888888883,180.1490555555556,176.5818181818182
18948,2021-07-19 09:15:00,2021-07-19 09:30:00,174.0,178.02094444444444,176.34616666666668,179.12272727272727
18949,2021-07-19 09:30:00,2021-07-19 09:45:00,185.0,176.1694444444445,176.41166666666663,173.31363636363636
18950,2021-07-19 09:45:00,2021-07-19 10:00:00,176.0,183.5754444444444,182.54500000000004,179.57272727272726
18951,2021-07-19 10:00:00,2021-07-19 10:15:00,146.0,143.99855555555555,143.40077777777776,156.7409090909091
18952,2021-07-19 10:15:00,2021-07-19 10:30:00,180.0,174.4637777777777,174.88005555555551,173.2
18953,2021-07-19 10:30:00,2021-07-19 10:45:00,209.0,176.86983333333333,177.32249999999996,179.3272727272727
18954,2021-07-19 10:45:00,2021-07-19 11:00:00,203.0,189.99927777777773,191.63733333333334,189.87727272727273
18955,2021-07-19 11:00:00,2021-07-19 11:15:00,182.0,178.1022777777778,166.38316666666663,189.2590909090909
18956,2021-07-19 11:15:00,2021-07-19 11:30:00,222.0,177.76744444444438,179.07588888888887,177.26818181818183
18957,2021-07-19 11:30:00,2021-07-19 11:45:00,207.0,192.84338888888874,193.88761111111106,194.00454545454545
18958,2021-07-19 11:45:00,2021-07-19 12:00:00,186.0,188.20161111111108,186.86288888888885,189.37272727272727
18959,2021-07-19 12:00:00,2021-07-19 12:15:00,134.0,154.7389444444444,139.65594444444437,139.97272727272727
18960,2021-07-19 12:15:00,2021-07-19 12:30:00,111.0,110.34061111111106,112.5987777777777,110.96818181818182
18961,2021-07-19 12:30:00,2021-07-19 12:45:00,111.0,100.0818888888888,104.39799999999987,106.15454545454546
18962,2021-07-19 12:45:00,2021-07-19 13:00:00,113.0,130.80255555555556,131.56105555555558,121.54545454545455
18963,2021-07-19 13:00:00,2021-07-19 13:15:00,157.0,148.22822222222214,141.2752222222222,151.16363636363636
18964,2021-07-19 13:15:00,2021-07-19 13:30:00,188.0,172.72227777777772,172.39377777777779,164.04545454545453
18965,2021-07-19 13:30:00,2021-07-19 13:45:00,193.0,190.86638888888896,191.60183333333333,189.0681818181818
18966,2021-07-19 13:45:00,2021-07-19 14:00:00,174.0,191.56061111111111,191.8174444444445,192.04090909090908
18967,2021-07-19 14:00:00,2021-07-19 14:15:00,175.0,171.69338888888876,171.77888888888887,170.4181818181818
18968,2021-07-19 14:15:00,2021-07-19 14:30:00,190.0,177.94261111111112,176.4278888888889,175.35454545454544
18969,2021-07-19 14:30:00,2021-07-19 14:45:00,177.0,189.94277777777782,189.2924999999999,188.56363636363636
18970,2021-07-19 14:45:00,2021-07-19 15:00:00,170.0,181.65894444444444,181.407,176.13636363636363
18971,2021-07-19 15:00:00,2021-07-19 15:15:00,141.0,146.6613888888889,146.0341111111111,149.72727272727272
18972,2021-07-19 15:15:00,2021-07-19 15:30:00,141.0,171.6591111111111,165.4040555555556,164.72272727272727
18973,2021-07-19 15:30:00,2021-07-19 15:45:00,194.0,162.29183333333341,160.83811111111117,160.05454545454546
18974,2021-07-19 15:45:00,2021-07-19 16:00:00,201.0,187.8648888888889,189.68483333333336,185.9409090909091
18975,2021-07-19 16:00:00,2021-07-19 16:15:00,187.0,174.32783333333353,166.8666666666667,186.09545454545454
18976,2021-07-19 16:15:00,2021-07-19 16:30:00,183.0,176.8254999999999,177.86594444444444,177.54545454545453
18977,2021-07-19 16:30:00,2021-07-19 16:45:00,185.0,172.16372222222213,175.24366666666663,174.5818181818182
18978,2021-07-19 16:45:00,2021-07-19 17:00:00,178.0,173.1225555555555,176.39811111111112,172.77272727272728
18979,2021-07-19 17:00:00,2021-07-19 17:15:00,136.0,133.14155555555558,132.73427777777772,139.45454545454547
18980,2021-07-19 17:15:00,2021-07-19 17:30:00,110.0,132.3096111111111,129.66244444444445,129.93636363636364
18981,2021-07-19 17:30:00,2021-07-19 17:45:00,161.0,136.8727777777778,124.68888888888888,146.1090909090909
18982,2021-07-19 17:45:00,2021-07-19 18:00:00,190.0,174.04405555555553,172.6206111111111,170.05
18983,2021-07-19 18:00:00,2021-07-19 18:15:00,188.0,176.21272222222257,170.2748333333335,181.41363636363636
18984,2021-07-19 18:15:00,2021-07-19 18:30:00,167.0,180.11127777777764,183.27466666666655,182.02727272727273
18985,2021-07-19 18:30:00,2021-07-19 18:45:00,166.0,164.6613888888889,168.6042222222222,164.9181818181818
18986,2021-07-19 18:45:00,2021-07-19 19:00:00,162.0,165.9032222222222,167.6012777777777,164.63636363636363
18987,2021-07-19 19:00:00,2021-07-19 19:15:00,154.0,157.8004444444444,152.57466666666662,161.9318181818182
18988,2021-07-19 19:15:00,2021-07-19 19:30:00,162.0,151.7516111111111,153.19988888888884,155.05454545454546
18989,2021-07-19 19:30:00,2021-07-19 19:45:00,156.0,158.69605555555557,159.1904444444444,158.9227272727273
18990,2021-07-19 19:45:00,2021-07-19 20:00:00,131.0,123.64355555555534,128.69194444444426,131.78181818181818
18991,2021-07-19 20:00:00,2021-07-19 20:15:00,115.0,121.88477777777783,124.72755555555564,121.96363636363637
18992,2021-07-19 20:15:00,2021-07-19 20:30:00,126.0,122.90027777777779,122.78866666666666,125.87727272727273
18993,2021-07-19 20:30:00,2021-07-19 20:45:00,136.0,123.28433333333332,122.35916666666667,125.00454545454545
18994,2021-07-19 20:45:00,2021-07-19 21:00:00,132.0,127.69755555555557,127.62561111111111,129.65
18995,2021-07-19 21:00:00,2021-07-19 21:15:00,129.0,124.67844444444444,122.23938888888887,124.67727272727272
18996,2021-07-19 21:15:00,2021-07-19 21:30:00,126.0,126.6734444444444,126.80227777777777,127.53636363636363
18997,2021-07-19 21:30:00,2021-07-19 21:45:00,127.0,125.52188888888887,125.00055555555558,123.17727272727272
18998,2021-07-19 21:45:00,2021-07-19 22:00:00,114.0,122.25450000000002,121.9482222222222,118.45
18999,2021-07-19 22:00:00,2021-07-19 22:15:00,94.0,100.20622222222218,102.72544444444443,102.89545454545454
19000,2021-07-19 22:15:00,2021-07-19 22:30:00,106.0,112.54366666666668,110.2056666666667,109.24545454545455
19001,2021-07-19 22:30:00,2021-07-19 22:45:00,109.0,111.89127777777777,111.6786111111111,108.27727272727273
19002,2021-07-19 22:45:00,2021-07-19 23:00:00,114.0,113.78161111111112,114.11711111111109,107.31363636363636
19003,2021-07-19 23:00:00,2021-07-19 23:15:00,119.0,110.52433333333335,110.31488888888886,109.48181818181818
19004,2021-07-19 23:15:00,2021-07-19 23:30:00,120.0,116.38472222222234,116.82377777777775,117.87727272727273
19005,2021-07-19 23:30:00,2021-07-19 23:45:00,106.0,111.44122222222218,111.94716666666667,111.0
19006,2021-07-19 23:45:00,2021-07-20 00:00:00,93.0,82.79416666666664,83.32350000000002,82.92727272727272
19007,2021-07-20 00:00:00,2021-07-20 00:15:00,76.0,82.46253174603173,84.01994444444445,92.18636363636364
19008,2021-07-20 00:15:00,2021-07-20 00:30:00,69.0,71.0859444444445,70.72472222222224,67.5
19009,2021-07-20 00:30:00,2021-07-20 00:45:00,68.0,66.97727777777777,65.39083333333336,64.30454545454545
19010,2021-07-20 00:45:00,2021-07-20 01:00:00,69.0,65.37794444444447,63.461166666666635,66.06363636363636
19011,2021-07-20 01:00:00,2021-07-20 01:15:00,83.0,95.04461111111114,92.5221111111111,84.71818181818182
19012,2021-07-20 01:15:00,2021-07-20 01:30:00,104.0,99.77438888888891,100.0053333333333,91.02272727272727
19013,2021-07-20 01:30:00,2021-07-20 01:45:00,112.0,109.08516666666665,108.66583333333334,109.68181818181819
19014,2021-07-20 01:45:00,2021-07-20 02:00:00,102.0,111.49905555555556,111.33027777777777,112.23636363636363
19015,2021-07-20 02:00:00,2021-07-20 02:15:00,106.0,104.44172222222228,103.51683333333334,99.24090909090908
19016,2021-07-20 02:15:00,2021-07-20 02:30:00,104.0,105.37855555555561,106.89283333333333,102.7909090909091
19017,2021-07-20 02:30:00,2021-07-20 02:45:00,100.0,102.36053968253968,103.46611111111112,101.96818181818182
19018,2021-07-20 02:45:00,2021-07-20 03:00:00,103.0,104.75483333333338,104.4987222222222,98.53636363636363
19019,2021-07-20 03:00:00,2021-07-20 03:15:00,87.0,93.60227777777784,95.58561111111115,97.83181818181818
19020,2021-07-20 03:15:00,2021-07-20 03:30:00,103.0,102.53083333333335,99.281,95.47272727272727
19021,2021-07-20 03:30:00,2021-07-20 03:45:00,116.0,103.71372222222219,103.78116666666668,101.65454545454546
19022,2021-07-20 03:45:00,2021-07-20 04:00:00,112.0,113.12477777777778,115.10055555555557,110.76363636363637
19023,2021-07-20 04:00:00,2021-07-20 04:15:00,110.0,108.34911111111114,107.10516666666668,108.8409090909091
19024,2021-07-20 04:15:00,2021-07-20 04:30:00,110.0,108.30566666666672,110.18761111111114,108.7090909090909
19025,2021-07-20 04:30:00,2021-07-20 04:45:00,108.0,109.24466666666665,111.24366666666668,110.73181818181818
19026,2021-07-20 04:45:00,2021-07-20 05:00:00,100.0,105.32772222222222,107.31155555555556,103.2909090909091
19027,2021-07-20 05:00:00,2021-07-20 05:15:00,91.0,85.19000000000007,88.17977777777779,92.9090909090909
19028,2021-07-20 05:15:00,2021-07-20 05:30:00,79.0,84.84045238095236,86.85911111111108,92.35
19029,2021-07-20 05:30:00,2021-07-20 05:45:00,87.0,95.61800000000001,94.19049999999999,84.92272727272727
19030,2021-07-20 05:45:00,2021-07-20 06:00:00,106.0,94.60133333333337,94.76105555555557,93.35909090909091
19031,2021-07-20 06:00:00,2021-07-20 06:15:00,109.0,111.94325396825397,111.58233333333332,111.41363636363636
19032,2021-07-20 06:15:00,2021-07-20 06:30:00,110.0,106.18855555555551,106.61527777777776,108.52272727272727
19033,2021-07-20 06:30:00,2021-07-20 06:45:00,117.0,108.56458730158728,108.51122222222222,109.08181818181818
19034,2021-07-20 06:45:00,2021-07-20 07:00:00,104.0,113.39394444444437,116.17805555555557,115.21818181818182
19035,2021-07-20 07:00:00,2021-07-20 07:15:00,109.0,98.10483333333335,97.97455555555557,100.43181818181819
19036,2021-07-20 07:15:00,2021-07-20 07:30:00,130.0,118.43499999999997,117.57688888888893,116.66818181818182
19037,2021-07-20 07:30:00,2021-07-20 07:45:00,148.0,151.20383333333342,148.5945555555555,144.0818181818182
19038,2021-07-20 07:45:00,2021-07-20 08:00:00,146.0,149.2061111111111,150.15188888888886,142.36363636363637
19039,2021-07-20 08:00:00,2021-07-20 08:15:00,170.0,159.81872222222222,158.73755555555562,153.46363636363637
19040,2021-07-20 08:15:00,2021-07-20 08:30:00,191.0,178.68277777777777,179.2505555555555,165.12727272727273
19041,2021-07-20 08:30:00,2021-07-20 08:45:00,201.0,196.85605555555557,195.43172222222222,176.25454545454545
19042,2021-07-20 08:45:00,2021-07-20 09:00:00,191.0,189.09472222222203,189.03816666666665,177.87727272727273
19043,2021-07-20 09:00:00,2021-07-20 09:15:00,199.0,182.881611111111,183.5748888888889,165.6590909090909
19044,2021-07-20 09:15:00,2021-07-20 09:30:00,195.0,186.85444444444437,187.65577777777773,168.72272727272727
19045,2021-07-20 09:30:00,2021-07-20 09:45:00,171.0,180.09388888888887,180.48133333333328,169.3090909090909
19046,2021-07-20 09:45:00,2021-07-20 10:00:00,200.0,182.1893888888889,183.18066666666667,165.31363636363636
19047,2021-07-20 10:00:00,2021-07-20 10:15:00,164.0,159.9332222222222,149.40911111111114,146.45909090909092
19048,2021-07-20 10:15:00,2021-07-20 10:30:00,196.0,184.66061111111105,185.16099999999997,163.9
19049,2021-07-20 10:30:00,2021-07-20 10:45:00,197.0,190.06605555555535,188.40338888888883,174.65
19050,2021-07-20 10:45:00,2021-07-20 11:00:00,197.0,185.62605555555544,186.02138888888885,173.78636363636363
19051,2021-07-20 11:00:00,2021-07-20 11:15:00,192.0,174.78161111111106,162.09649999999988,164.77727272727273
19052,2021-07-20 11:15:00,2021-07-20 11:30:00,191.0,181.60266666666666,183.20999999999998,165.1590909090909
19053,2021-07-20 11:30:00,2021-07-20 11:45:00,188.0,181.77866666666668,182.8732777777778,167.00454545454545
19054,2021-07-20 11:45:00,2021-07-20 12:00:00,190.0,180.94383333333334,180.86250000000007,166.1909090909091
19055,2021-07-20 12:00:00,2021-07-20 12:15:00,142.0,131.20605555555557,137.5494444444444,132.8272727272727
19056,2021-07-20 12:15:00,2021-07-20 12:30:00,121.0,131.16133333333337,136.71277777777777,131.43636363636364
19057,2021-07-20 12:30:00,2021-07-20 12:45:00,109.0,108.35516666666666,119.79138888888883,113.78181818181818
19058,2021-07-20 12:45:00,2021-07-20 13:00:00,112.0,128.86894444444442,125.75683333333335,117.52727272727273
19059,2021-07-20 13:00:00,2021-07-20 13:15:00,157.0,145.63155555555548,138.99816666666666,139.58636363636364
19060,2021-07-20 13:15:00,2021-07-20 13:30:00,177.0,171.93444444444447,170.2371111111111,160.4181818181818
19061,2021-07-20 13:30:00,2021-07-20 13:45:00,183.0,181.4331666666666,180.19755555555548,168.3909090909091
19062,2021-07-20 13:45:00,2021-07-20 14:00:00,194.0,180.7982777777778,180.74699999999996,171.5090909090909
19063,2021-07-20 14:00:00,2021-07-20 14:15:00,192.0,175.4028888888888,174.64349999999996,159.22727272727272
19064,2021-07-20 14:15:00,2021-07-20 14:30:00,186.0,183.30044444444454,183.15599999999998,168.61363636363637
19065,2021-07-20 14:30:00,2021-07-20 14:45:00,185.0,181.16266666666667,179.88805555555552,168.2409090909091
19066,2021-07-20 14:45:00,2021-07-20 15:00:00,183.0,181.37805555555553,181.19105555555555,168.94545454545454
19067,2021-07-20 15:00:00,2021-07-20 15:15:00,145.0,148.94911111111122,151.0955555555555,146.64545454545456
19068,2021-07-20 15:15:00,2021-07-20 15:30:00,144.0,173.31605555555558,166.70122222222224,154.79090909090908
19069,2021-07-20 15:30:00,2021-07-20 15:45:00,180.0,166.6725000000001,164.44027777777785,154.67727272727274
19070,2021-07-20 15:45:00,2021-07-20 16:00:00,199.0,175.6205,176.2405,164.01818181818183
19071,2021-07-20 16:00:00,2021-07-20 16:15:00,201.0,175.56327777777796,168.2300000000001,166.87272727272727
19072,2021-07-20 16:15:00,2021-07-20 16:30:00,179.0,182.45644444444432,183.5976666666666,171.1590909090909
19073,2021-07-20 16:30:00,2021-07-20 16:45:00,179.0,170.97438888888883,173.35688888888888,164.95454545454547
19074,2021-07-20 16:45:00,2021-07-20 17:00:00,181.0,170.37338888888883,173.64705555555557,161.9409090909091
19075,2021-07-20 17:00:00,2021-07-20 17:15:00,116.0,135.32511111111114,136.33038888888885,140.89545454545456
19076,2021-07-20 17:15:00,2021-07-20 17:30:00,107.0,109.2242777777778,105.60283333333334,109.42727272727272
19077,2021-07-20 17:30:00,2021-07-20 17:45:00,145.0,147.36577777777785,139.73783333333336,134.52272727272728
19078,2021-07-20 17:45:00,2021-07-20 18:00:00,159.0,165.05300000000003,164.64333333333335,156.31363636363636
19079,2021-07-20 18:00:00,2021-07-20 18:15:00,179.0,167.24905555555563,165.30038888888893,158.71363636363637
19080,2021-07-20 18:15:00,2021-07-20 18:30:00,182.0,175.77916666666655,177.66799999999992,164.08636363636364
19081,2021-07-20 18:30:00,2021-07-20 18:45:00,160.0,174.84766666666644,178.1777222222221,164.5681818181818
19082,2021-07-20 18:45:00,2021-07-20 19:00:00,177.0,159.1010555555556,158.42983333333333,155.97272727272727
19083,2021-07-20 19:00:00,2021-07-20 19:15:00,176.0,163.25755555555563,165.80838888888897,151.0090909090909
19084,2021-07-20 19:15:00,2021-07-20 19:30:00,173.0,167.61566666666667,169.2585555555555,159.78181818181818
19085,2021-07-20 19:30:00,2021-07-20 19:45:00,173.0,162.83544444444456,166.78338888888888,157.6090909090909
19086,2021-07-20 19:45:00,2021-07-20 20:00:00,159.0,150.4097777777777,160.4142222222222,142.2590909090909
19087,2021-07-20 20:00:00,2021-07-20 20:15:00,132.0,137.50427777777773,144.17061111111104,137.58636363636364
19088,2021-07-20 20:15:00,2021-07-20 20:30:00,131.0,132.92072222222222,134.31288888888892,132.90454545454546
19089,2021-07-20 20:30:00,2021-07-20 20:45:00,124.0,132.9906111111111,135.33422222222222,131.98181818181817
19090,2021-07-20 20:45:00,2021-07-20 21:00:00,120.0,124.36411111111113,126.25772222222224,122.53181818181818
19091,2021-07-20 21:00:00,2021-07-20 21:15:00,121.0,122.01283333333335,122.59538888888889,115.91818181818182
19092,2021-07-20 21:15:00,2021-07-20 21:30:00,127.0,126.37066666666668,125.83466666666668,118.56818181818181
19093,2021-07-20 21:30:00,2021-07-20 21:45:00,137.0,126.39850000000006,126.19438888888888,124.10909090909091
19094,2021-07-20 21:45:00,2021-07-20 22:00:00,133.0,128.4483333333334,130.7151111111111,127.41363636363636
19095,2021-07-20 22:00:00,2021-07-20 22:15:00,108.0,120.68377777777785,123.21638888888889,117.72727272727273
19096,2021-07-20 22:15:00,2021-07-20 22:30:00,111.0,111.96288888888894,110.88922222222219,110.89090909090909
19097,2021-07-20 22:30:00,2021-07-20 22:45:00,108.0,114.34294444444446,114.86483333333332,112.9090909090909
19098,2021-07-20 22:45:00,2021-07-20 23:00:00,121.0,114.74116666666669,114.87538888888888,112.57727272727273
19099,2021-07-20 23:00:00,2021-07-20 23:15:00,117.0,115.53072222222225,114.65055555555554,115.94545454545455
19100,2021-07-20 23:15:00,2021-07-20 23:30:00,111.0,116.12116666666661,115.5453333333333,115.2090909090909
19101,2021-07-20 23:30:00,2021-07-20 23:45:00,112.0,108.68277777777779,109.1866111111111,106.36818181818182
19102,2021-07-20 23:45:00,2021-07-21 00:00:00,96.0,94.77955555555556,101.70733333333332,101.17727272727272
19103,2021-07-21 00:00:00,2021-07-21 00:15:00,85.0,81.9331666666667,83.36027777777775,80.57272727272728
19104,2021-07-21 00:15:00,2021-07-21 00:30:00,79.0,81.28716666666668,83.78850000000003,77.45454545454545
19105,2021-07-21 00:30:00,2021-07-21 00:45:00,74.0,73.21561111111114,76.29016666666669,72.25454545454545
19106,2021-07-21 00:45:00,2021-07-21 01:00:00,72.0,71.4492222222222,71.01072222222223,71.4
19107,2021-07-21 01:00:00,2021-07-21 01:15:00,96.0,95.68783333333333,93.35611111111109,94.7909090909091
19108,2021-07-21 01:15:00,2021-07-21 01:30:00,105.0,109.13444444444444,108.94700000000002,108.6590909090909
19109,2021-07-21 01:30:00,2021-07-21 01:45:00,112.0,108.28083333333333,108.55394444444445,108.71818181818182
19110,2021-07-21 01:45:00,2021-07-21 02:00:00,113.0,113.32477777777781,113.10258730158733,110.17727272727272
19111,2021-07-21 02:00:00,2021-07-21 02:15:00,89.0,109.95811111111104,109.37872222222221,108.85909090909091
19112,2021-07-21 02:15:00,2021-07-21 02:30:00,100.0,103.41205555555557,99.33955555555553,105.36818181818182
19113,2021-07-21 02:30:00,2021-07-21 02:45:00,108.0,104.08855555555559,104.5991666666666,103.48181818181818
19114,2021-07-21 02:45:00,2021-07-21 03:00:00,101.0,108.09744444444443,108.61481746031745,107.12727272727273
19115,2021-07-21 03:00:00,2021-07-21 03:15:00,85.0,97.82477777777777,97.45455555555554,89.17727272727272
19116,2021-07-21 03:15:00,2021-07-21 03:30:00,104.0,100.9911666666667,96.75966666666667,101.97272727272727
19117,2021-07-21 03:30:00,2021-07-21 03:45:00,106.0,103.67442857142856,103.89011111111108,105.65454545454546
19118,2021-07-21 03:45:00,2021-07-21 04:00:00,111.0,106.42549999999999,106.55983333333336,107.21818181818182
19119,2021-07-21 04:00:00,2021-07-21 04:15:00,100.0,107.92322222222226,105.34549999999997,110.39090909090909
19120,2021-07-21 04:15:00,2021-07-21 04:30:00,117.0,101.50955555555554,101.9259444444444,102.75454545454545
19121,2021-07-21 04:30:00,2021-07-21 04:45:00,111.0,116.95455555555559,116.86488888888888,117.36818181818182
19122,2021-07-21 04:45:00,2021-07-21 05:00:00,99.0,106.95338888888888,107.4004444444444,105.58181818181818
19123,2021-07-21 05:00:00,2021-07-21 05:15:00,86.0,83.97761111111112,86.07683333333333,82.93181818181819
19124,2021-07-21 05:15:00,2021-07-21 05:30:00,78.0,77.67444444444442,80.18755555555556,75.88636363636364
19125,2021-07-21 05:30:00,2021-07-21 05:45:00,99.0,97.82172222222222,96.41661111111108,93.47727272727273
19126,2021-07-21 05:45:00,2021-07-21 06:00:00,111.0,106.59999999999992,107.96827777777773,105.58181818181818
19127,2021-07-21 06:00:00,2021-07-21 06:15:00,108.0,113.20217460317457,112.99019841269838,112.74545454545455
19128,2021-07-21 06:15:00,2021-07-21 06:30:00,99.0,106.67605555555552,106.88388888888888,106.55909090909091
19129,2021-07-21 06:30:00,2021-07-21 06:45:00,110.0,102.9086111111111,103.13572222222224,102.55
19130,2021-07-21 06:45:00,2021-07-21 07:00:00,106.0,105.30834920634918,105.55677777777775,107.48181818181818
19131,2021-07-21 07:00:00,2021-07-21 07:15:00,104.0,101.44194444444447,99.46274358974361,103.10909090909091
19132,2021-07-21 07:15:00,2021-07-21 07:30:00,111.0,109.00415079365075,108.80961111111112,114.46363636363637
19133,2021-07-21 07:30:00,2021-07-21 07:45:00,149.0,138.7911111111111,131.57555555555558,141.93636363636364
19134,2021-07-21 07:45:00,2021-07-21 08:00:00,148.0,144.95583333333332,146.03544444444435,147.25
19135,2021-07-21 08:00:00,2021-07-21 08:15:00,164.0,159.03716666666668,158.29766666666674,158.52727272727273
19136,2021-07-21 08:15:00,2021-07-21 08:30:00,200.0,171.97422222222218,171.3804444444444,174.09545454545454
19137,2021-07-21 08:30:00,2021-07-21 08:45:00,209.0,203.05522222222214,202.18777777777765,197.1090909090909
19138,2021-07-21 08:45:00,2021-07-21 09:00:00,199.0,191.2436666666666,190.60266666666666,192.08636363636364
19139,2021-07-21 09:00:00,2021-07-21 09:15:00,195.0,184.85133333333332,184.84883333333332,186.29090909090908
19140,2021-07-21 09:15:00,2021-07-21 09:30:00,200.0,187.20816666666664,186.32705555555555,188.1
19141,2021-07-21 09:30:00,2021-07-21 09:45:00,205.0,183.89888888888882,185.3641666666666,186.14545454545456
19142,2021-07-21 09:45:00,2021-07-21 10:00:00,214.0,186.72277777777765,186.66077777777775,188.80454545454546
19143,2021-07-21 10:00:00,2021-07-21 10:15:00,164.0,153.9278888888888,157.50005555555555,180.6409090909091
19144,2021-07-21 10:15:00,2021-07-21 10:30:00,197.0,189.57227777777777,190.7143888888889,182.01363636363635
19145,2021-07-21 10:30:00,2021-07-21 10:45:00,183.0,190.35699999999977,190.3400555555555,192.8272727272727
19146,2021-07-21 10:45:00,2021-07-21 11:00:00,173.0,179.21950000000004,178.97761111111112,178.6681818181818
19147,2021-07-21 11:00:00,2021-07-21 11:15:00,180.0,167.22899999999998,157.97172222222216,174.64545454545456
19148,2021-07-21 11:15:00,2021-07-21 11:30:00,200.0,179.91355555555555,179.02672222222213,175.15
19149,2021-07-21 11:30:00,2021-07-21 11:45:00,200.0,191.2568888888887,192.44649999999993,191.7590909090909
19150,2021-07-21 11:45:00,2021-07-21 12:00:00,206.0,189.67216666666653,188.84694444444438,194.62727272727273
19151,2021-07-21 12:00:00,2021-07-21 12:15:00,150.0,138.89250000000004,141.29633333333325,139.29090909090908
19152,2021-07-21 12:15:00,2021-07-21 12:30:00,128.0,142.72450000000006,154.0616666666667,128.44545454545454
19153,2021-07-21 12:30:00,2021-07-21 12:45:00,116.0,113.5453333333333,123.22411111111106,110.7
19154,2021-07-21 12:45:00,2021-07-21 13:00:00,116.0,129.18116666666666,129.43988888888893,115.91363636363636
19155,2021-07-21 13:00:00,2021-07-21 13:15:00,177.0,145.9846111111111,139.55172222222222,150.63181818181818
19156,2021-07-21 13:15:00,2021-07-21 13:30:00,181.0,187.12342063492048,186.87294444444439,182.07272727272726
19157,2021-07-21 13:30:00,2021-07-21 13:45:00,193.0,182.7708888888888,181.9131111111111,176.3090909090909
19158,2021-07-21 13:45:00,2021-07-21 14:00:00,204.0,190.87572222222212,190.68361111111113,187.6090909090909
19159,2021-07-21 14:00:00,2021-07-21 14:15:00,197.0,171.27200000000002,170.12983333333332,183.4409090909091
19160,2021-07-21 14:15:00,2021-07-21 14:30:00,203.0,186.10555555555547,185.7590555555555,184.25
19161,2021-07-21 14:30:00,2021-07-21 14:45:00,201.0,190.16672222222215,190.3233888888888,185.95
19162,2021-07-21 14:45:00,2021-07-21 15:00:00,194.0,189.72272222222213,188.80699999999996,189.5090909090909
19163,2021-07-21 15:00:00,2021-07-21 15:15:00,151.0,149.01161111111114,146.81122222222206,151.35
19164,2021-07-21 15:15:00,2021-07-21 15:30:00,151.0,171.7837777777778,168.64944444444444,155.45
19165,2021-07-21 15:30:00,2021-07-21 15:45:00,199.0,165.22444444444452,163.3721111111111,160.87727272727273
19166,2021-07-21 15:45:00,2021-07-21 16:00:00,183.0,187.35233333333318,189.22133333333332,176.54545454545453
19167,2021-07-21 16:00:00,2021-07-21 16:15:00,180.0,170.3145,161.75461111111107,170.85454545454544
19168,2021-07-21 16:15:00,2021-07-21 16:30:00,178.0,171.07111111111104,173.20777777777775,167.78636363636363
19169,2021-07-21 16:30:00,2021-07-21 16:45:00,182.0,169.44994444444438,172.18461111111108,170.95909090909092
19170,2021-07-21 16:45:00,2021-07-21 17:00:00,189.0,169.58894444444437,171.62166666666664,167.12727272727273
19171,2021-07-21 17:00:00,2021-07-21 17:15:00,133.0,135.74949999999995,138.6884444444444,140.20909090909092
19172,2021-07-21 17:15:00,2021-07-21 17:30:00,116.0,121.47472222222227,117.82927777777775,127.09545454545454
19173,2021-07-21 17:30:00,2021-07-21 17:45:00,149.0,144.78005555555566,132.71233333333336,146.7590909090909
19174,2021-07-21 17:45:00,2021-07-21 18:00:00,153.0,167.49327777777782,164.30505555555555,163.78636363636363
19175,2021-07-21 18:00:00,2021-07-21 18:15:00,162.0,160.20922222222228,157.288,156.42727272727274
19176,2021-07-21 18:15:00,2021-07-21 18:30:00,168.0,160.74138888888893,159.87961111111107,157.97727272727272
19177,2021-07-21 18:30:00,2021-07-21 18:45:00,152.0,167.30583333333328,167.92977777777773,162.8909090909091
19178,2021-07-21 18:45:00,2021-07-21 19:00:00,167.0,155.49727777777787,154.52566666666664,158.41363636363636
19179,2021-07-21 19:00:00,2021-07-21 19:15:00,170.0,157.6726666666667,154.76383333333342,161.45909090909092
19180,2021-07-21 19:15:00,2021-07-21 19:30:00,161.0,163.04811111111118,162.36233333333334,164.87727272727273
19181,2021-07-21 19:30:00,2021-07-21 19:45:00,174.0,160.9288888888889,160.12150000000003,159.20909090909092
19182,2021-07-21 19:45:00,2021-07-21 20:00:00,143.0,147.26716666666655,155.90788888888883,148.79090909090908
19183,2021-07-21 20:00:00,2021-07-21 20:15:00,126.0,129.17950000000002,131.63222222222223,128.4
19184,2021-07-21 20:15:00,2021-07-21 20:30:00,138.0,126.92572222222222,129.16333333333333,125.83636363636364
19185,2021-07-21 20:30:00,2021-07-21 20:45:00,131.0,135.65683333333328,138.68894444444445,132.65
19186,2021-07-21 20:45:00,2021-07-21 21:00:00,128.0,125.63566666666668,125.7016111111111,119.8
19187,2021-07-21 21:00:00,2021-07-21 21:15:00,118.0,123.8585555555555,122.37305555555555,123.50454545454545
19188,2021-07-21 21:15:00,2021-07-21 21:30:00,116.0,124.35538888888892,123.71349999999998,118.0909090909091
19189,2021-07-21 21:30:00,2021-07-21 21:45:00,118.0,119.13813492063494,120.52544444444446,116.83181818181818
19190,2021-07-21 21:45:00,2021-07-21 22:00:00,116.0,117.44044444444447,117.52650000000001,116.47272727272727
19191,2021-07-21 22:00:00,2021-07-21 22:15:00,88.0,109.07944444444448,114.07655555555556,105.02727272727273
19192,2021-07-21 22:15:00,2021-07-21 22:30:00,102.0,110.57038888888887,111.38955555555556,109.75454545454545
19193,2021-07-21 22:30:00,2021-07-21 22:45:00,110.0,109.52088888888888,108.04472222222222,107.06363636363636
19194,2021-07-21 22:45:00,2021-07-21 23:00:00,114.0,112.6377222222222,112.39338888888885,110.19545454545455
19195,2021-07-21 23:00:00,2021-07-21 23:15:00,106.0,111.9633888888889,110.21855555555553,111.91818181818182
19196,2021-07-21 23:15:00,2021-07-21 23:30:00,111.0,106.94444444444447,107.16655555555558,103.55454545454545
19197,2021-07-21 23:30:00,2021-07-21 23:45:00,107.0,106.91244444444443,109.0927222222222,106.05454545454545
19198,2021-07-21 23:45:00,2021-07-22 00:00:00,88.0,80.50705555555551,85.22505555555556,81.78636363636363
19199,2021-07-22 00:00:00,2021-07-22 00:15:00,73.0,71.49394444444445,72.91383333333333,84.3
19200,2021-07-22 00:15:00,2021-07-22 00:30:00,72.0,68.10074999999999,69.11488888888888,65.1590909090909
19201,2021-07-22 00:30:00,2021-07-22 00:45:00,70.0,69.22200000000001,69.8003888888889,68.73636363636363
19202,2021-07-22 00:45:00,2021-07-22 01:00:00,67.0,68.14316666666666,67.76294444444444,72.93181818181819
19203,2021-07-22 01:00:00,2021-07-22 01:15:00,88.0,93.96611111111112,93.8867222222222,88.85
19204,2021-07-22 01:15:00,2021-07-22 01:30:00,96.0,101.05800000000004,100.46938888888889,98.98636363636363
19205,2021-07-22 01:30:00,2021-07-22 01:45:00,106.0,104.5421111111111,104.03027777777774,105.63181818181818
19206,2021-07-22 01:45:00,2021-07-22 02:00:00,106.0,106.67712698412697,106.5259444444445,110.85
19207,2021-07-22 02:00:00,2021-07-22 02:15:00,97.0,106.0962777777778,106.00072222222217,101.47727272727273
19208,2021-07-22 02:15:00,2021-07-22 02:30:00,111.0,103.1009444444445,102.11644444444444,102.11363636363636
19209,2021-07-22 02:30:00,2021-07-22 02:45:00,108.0,109.03061111111116,109.39372222222222,109.76818181818182
19210,2021-07-22 02:45:00,2021-07-22 03:00:00,95.0,103.29727777777781,103.75927777777777,102.37727272727273
19211,2021-07-22 03:00:00,2021-07-22 03:15:00,86.0,90.26311111111107,88.74455555555555,95.42727272727272
19212,2021-07-22 03:15:00,2021-07-22 03:30:00,104.0,101.64933333333333,100.42233333333331,100.26363636363637
19213,2021-07-22 03:30:00,2021-07-22 03:45:00,103.0,102.42405555555551,102.23399999999998,102.83181818181818
19214,2021-07-22 03:45:00,2021-07-22 04:00:00,105.0,103.66577777777773,102.3856666666667,103.82727272727273
19215,2021-07-22 04:00:00,2021-07-22 04:15:00,101.0,102.49527777777779,100.00205555555557,103.08636363636364
19216,2021-07-22 04:15:00,2021-07-22 04:30:00,105.0,102.11000000000003,102.0203888888889,104.16363636363636
19217,2021-07-22 04:30:00,2021-07-22 04:45:00,106.0,104.03325396825402,105.05378787878794,103.94090909090909
19218,2021-07-22 04:45:00,2021-07-22 05:00:00,108.0,104.31972222222217,104.44705555555558,101.94090909090909
19219,2021-07-22 05:00:00,2021-07-22 05:15:00,80.0,85.50411111111113,87.90316666666668,93.78181818181818
19220,2021-07-22 05:15:00,2021-07-22 05:30:00,74.0,71.70844444444442,71.6536111111111,72.22272727272727
19221,2021-07-22 05:30:00,2021-07-22 05:45:00,85.0,96.53383333333332,96.16077777777778,83.5909090909091
19222,2021-07-22 05:45:00,2021-07-22 06:00:00,103.0,92.81883333333333,92.4127222222222,93.24090909090908
19223,2021-07-22 06:00:00,2021-07-22 06:15:00,104.0,108.5120555555556,109.03066666666668,107.45
19224,2021-07-22 06:15:00,2021-07-22 06:30:00,106.0,101.81475396825398,102.54716666666667,103.58181818181818
19225,2021-07-22 06:30:00,2021-07-22 06:45:00,109.0,103.01327777777777,103.6816111111111,105.42272727272727
19226,2021-07-22 06:45:00,2021-07-22 07:00:00,104.0,104.68888888888887,105.49988888888889,104.36363636363636
19227,2021-07-22 07:00:00,2021-07-22 07:15:00,101.0,101.40792857142856,99.25633333333333,100.55
19228,2021-07-22 07:15:00,2021-07-22 07:30:00,108.0,108.34666666666669,108.30875396825398,103.8409090909091
19229,2021-07-22 07:30:00,2021-07-22 07:45:00,132.0,136.09133333333332,133.74250000000004,127.22727272727273
19230,2021-07-22 07:45:00,2021-07-22 08:00:00,146.0,132.1917777777777,134.05322222222216,134.51818181818183
19231,2021-07-22 08:00:00,2021-07-22 08:15:00,184.0,156.07477777777777,153.878,148.93636363636364
19232,2021-07-22 08:15:00,2021-07-22 08:30:00,213.0,182.63983333333326,180.5923333333333,177.76818181818183
19233,2021-07-22 08:30:00,2021-07-22 08:45:00,193.0,204.41188888888883,203.72666666666672,180.50454545454545
19234,2021-07-22 08:45:00,2021-07-22 09:00:00,196.0,190.58127777777773,189.91138888888895,178.00454545454545
19235,2021-07-22 09:00:00,2021-07-22 09:15:00,186.0,183.06355555555552,184.1157222222222,165.5909090909091
19236,2021-07-22 09:15:00,2021-07-22 09:30:00,197.0,183.52905555555557,183.45344444444447,169.15454545454546
19237,2021-07-22 09:30:00,2021-07-22 09:45:00,192.0,182.32455555555552,183.5268888888889,170.71818181818182
19238,2021-07-22 09:45:00,2021-07-22 10:00:00,191.0,183.7661111111111,182.7521111111111,172.71818181818182
19239,2021-07-22 10:00:00,2021-07-22 10:15:00,148.0,152.0229444444444,157.6716111111111,151.71818181818182
19240,2021-07-22 10:15:00,2021-07-22 10:30:00,192.0,178.01922222222217,177.63605555555552,160.1090909090909
19241,2021-07-22 10:30:00,2021-07-22 10:45:00,188.0,188.85349999999983,189.9065555555555,176.6818181818182
19242,2021-07-22 10:45:00,2021-07-22 11:00:00,190.0,181.30161111111116,181.00944444444445,173.7
19243,2021-07-22 11:00:00,2021-07-22 11:15:00,177.0,179.4637777777778,164.28533333333328,169.32272727272726
19244,2021-07-22 11:15:00,2021-07-22 11:30:00,188.0,176.58133333333325,176.27933333333326,160.27727272727273
19245,2021-07-22 11:30:00,2021-07-22 11:45:00,188.0,185.57044444444443,185.13299999999998,168.73636363636365
19246,2021-07-22 11:45:00,2021-07-22 12:00:00,192.0,180.43716666666668,181.03000000000003,168.6727272727273
19247,2021-07-22 12:00:00,2021-07-22 12:15:00,119.0,131.6002222222222,138.37944444444432,138.20454545454547
19248,2021-07-22 12:15:00,2021-07-22 12:30:00,99.0,97.51649999999998,100.18799999999999,112.41363636363636
19249,2021-07-22 12:30:00,2021-07-22 12:45:00,99.0,96.1358333333332,98.40044444444432,104.25909090909092
19250,2021-07-22 12:45:00,2021-07-22 13:00:00,97.0,127.68294444444449,125.81444444444448,118.75
19251,2021-07-22 13:00:00,2021-07-22 13:15:00,157.0,136.7816666666666,132.50077777777776,122.63636363636364
19252,2021-07-22 13:15:00,2021-07-22 13:30:00,174.0,170.45288888888888,170.25549999999993,162.6909090909091
19253,2021-07-22 13:30:00,2021-07-22 13:45:00,177.0,180.34966666666665,180.03394444444444,169.37272727272727
19254,2021-07-22 13:45:00,2021-07-22 14:00:00,174.0,177.35688888888882,177.0807777777778,168.8
19255,2021-07-22 14:00:00,2021-07-22 14:15:00,178.0,170.6902777777778,172.70266666666666,151.66363636363636
19256,2021-07-22 14:15:00,2021-07-22 14:30:00,178.0,172.32327777777772,171.61705555555557,160.52727272727273
19257,2021-07-22 14:30:00,2021-07-22 14:45:00,182.0,174.27255555555558,173.3311666666666,164.81363636363636
19258,2021-07-22 14:45:00,2021-07-22 15:00:00,189.0,178.97972222222225,178.64927777777774,165.07272727272726
19259,2021-07-22 15:00:00,2021-07-22 15:15:00,149.0,147.74938888888894,152.0738888888889,145.6818181818182
19260,2021-07-22 15:15:00,2021-07-22 15:30:00,143.0,174.07066666666665,173.0107777777778,158.23181818181817
19261,2021-07-22 15:30:00,2021-07-22 15:45:00,182.0,165.3238333333334,163.1849444444445,153.64545454545456
19262,2021-07-22 15:45:00,2021-07-22 16:00:00,180.0,176.49827777777773,177.9188888888889,164.9318181818182
19263,2021-07-22 16:00:00,2021-07-22 16:15:00,172.0,165.0396111111112,162.81455555555567,158.25454545454545
19264,2021-07-22 16:15:00,2021-07-22 16:30:00,166.0,166.4361111111111,166.6338333333333,161.0909090909091
19265,2021-07-22 16:30:00,2021-07-22 16:45:00,166.0,164.82566666666662,164.87161111111115,160.0681818181818
19266,2021-07-22 16:45:00,2021-07-22 17:00:00,157.0,168.90699999999995,169.1632222222222,162.46363636363637
19267,2021-07-22 17:00:00,2021-07-22 17:15:00,110.0,125.55459523809523,126.58749999999995,130.68636363636364
19268,2021-07-22 17:15:00,2021-07-22 17:30:00,97.0,106.66892063492064,112.00000000000003,99.7909090909091
19269,2021-07-22 17:30:00,2021-07-22 17:45:00,133.0,140.56361111111116,136.0696666666666,133.99545454545455
19270,2021-07-22 17:45:00,2021-07-22 18:00:00,155.0,157.3374444444444,157.95355555555557,144.07272727272726
19271,2021-07-22 18:00:00,2021-07-22 18:15:00,157.0,158.69216666666657,158.0723888888889,152.55454545454546
19272,2021-07-22 18:15:00,2021-07-22 18:30:00,168.0,157.28905555555554,157.3573333333333,155.04090909090908
19273,2021-07-22 18:30:00,2021-07-22 18:45:00,160.0,168.51155555555562,168.63494444444441,160.93636363636364
19274,2021-07-22 18:45:00,2021-07-22 19:00:00,169.0,160.16122222222222,159.6435,157.77272727272728
19275,2021-07-22 19:00:00,2021-07-22 19:15:00,163.0,158.9887222222222,157.5859444444445,155.1409090909091
19276,2021-07-22 19:15:00,2021-07-22 19:30:00,152.0,160.24905555555554,158.9569444444445,155.95454545454547
19277,2021-07-22 19:30:00,2021-07-22 19:45:00,162.0,150.4563333333334,150.9091666666667,148.13636363636363
19278,2021-07-22 19:45:00,2021-07-22 20:00:00,138.0,145.48483333333334,151.34605555555552,141.35454545454544
19279,2021-07-22 20:00:00,2021-07-22 20:15:00,132.0,127.12955555555564,127.36172222222223,129.05
19280,2021-07-22 20:15:00,2021-07-22 20:30:00,138.0,131.71077777777776,132.49055555555557,129.30454545454546
19281,2021-07-22 20:30:00,2021-07-22 20:45:00,127.0,136.5030555555555,136.31838888888888,132.9181818181818
19282,2021-07-22 20:45:00,2021-07-22 21:00:00,130.0,123.63566666666665,124.96738888888892,122.00454545454545
19283,2021-07-22 21:00:00,2021-07-22 21:15:00,119.0,124.29911111111113,123.07383333333331,122.3
19284,2021-07-22 21:15:00,2021-07-22 21:30:00,119.0,124.59994444444447,124.55927777777772,115.8409090909091
19285,2021-07-22 21:30:00,2021-07-22 21:45:00,123.0,122.56424603174604,123.40950000000002,115.11818181818182
19286,2021-07-22 21:45:00,2021-07-22 22:00:00,118.0,122.12561111111114,120.47561111111112,118.43636363636364
19287,2021-07-22 22:00:00,2021-07-22 22:15:00,104.0,106.62966666666667,107.7153888888889,103.44090909090909
19288,2021-07-22 22:15:00,2021-07-22 22:30:00,122.0,113.32194444444448,111.33899999999998,106.76818181818182
19289,2021-07-22 22:30:00,2021-07-22 22:45:00,119.0,119.7178333333333,120.93133333333334,117.92272727272727
19290,2021-07-22 22:45:00,2021-07-22 23:00:00,114.0,116.70313492063491,116.42155555555553,115.43636363636364
19291,2021-07-22 23:00:00,2021-07-22 23:15:00,107.0,107.31611111111113,106.43138888888889,107.86363636363636
19292,2021-07-22 23:15:00,2021-07-22 23:30:00,104.0,111.07822222222222,110.53877777777775,108.28181818181818
19293,2021-07-22 23:30:00,2021-07-22 23:45:00,114.0,104.97322222222223,105.0412222222222,104.06818181818181
19294,2021-07-22 23:45:00,2021-07-23 00:00:00,104.0,99.73719047619046,103.63844444444445,103.14090909090909
19295,2021-07-23 00:00:00,2021-07-23 00:15:00,87.0,84.30833333333328,87.87261111111114,78.35
19296,2021-07-23 00:15:00,2021-07-23 00:30:00,79.0,88.57133333333334,91.04800000000004,77.08181818181818
19297,2021-07-23 00:30:00,2021-07-23 00:45:00,74.0,74.78483333333337,79.99922222222223,72.85909090909091
19298,2021-07-23 00:45:00,2021-07-23 01:00:00,71.0,70.17161111111112,70.3113888888889,70.99090909090908
19299,2021-07-23 01:00:00,2021-07-23 01:15:00,98.0,92.79166666666669,88.12983333333331,94.26818181818182
19300,2021-07-23 01:15:00,2021-07-23 01:30:00,111.0,109.19088888888894,108.54005555555554,107.03181818181818
19301,2021-07-23 01:30:00,2021-07-23 01:45:00,106.0,111.47011111111115,111.15261111111109,111.14090909090909
19302,2021-07-23 01:45:00,2021-07-23 02:00:00,103.0,107.12422222222222,106.06755555555557,104.81363636363636
19303,2021-07-23 02:00:00,2021-07-23 02:15:00,104.0,103.72111111111113,103.66238888888897,98.03636363636363
19304,2021-07-23 02:15:00,2021-07-23 02:30:00,105.0,105.17433333333337,104.9351111111111,104.75909090909092
19305,2021-07-23 02:30:00,2021-07-23 02:45:00,102.0,104.89288888888888,106.5512777777778,103.62272727272727
19306,2021-07-23 02:45:00,2021-07-23 03:00:00,110.0,102.58133333333332,102.7637063492064,101.01818181818182
19307,2021-07-23 03:00:00,2021-07-23 03:15:00,89.0,97.49661111111118,100.2545,94.26818181818182
19308,2021-07-23 03:15:00,2021-07-23 03:30:00,103.0,105.02572222222224,101.82083333333331,105.97272727272727
19309,2021-07-23 03:30:00,2021-07-23 03:45:00,109.0,103.00133333333333,102.72427777777774,103.31818181818181
19310,2021-07-23 03:45:00,2021-07-23 04:00:00,106.0,106.31488888888887,106.09814285714286,106.88181818181818
19311,2021-07-23 04:00:00,2021-07-23 04:15:00,100.0,104.28955555555555,101.35816666666663,105.97272727272727
19312,2021-07-23 04:15:00,2021-07-23 04:30:00,97.0,101.18111111111112,100.93925396825394,103.22727272727273
19313,2021-07-23 04:30:00,2021-07-23 04:45:00,101.0,101.12003968253968,99.09177777777778,102.85454545454546
19314,2021-07-23 04:45:00,2021-07-23 05:00:00,98.0,102.42072222222225,102.5052777777778,102.0409090909091
19315,2021-07-23 05:00:00,2021-07-23 05:15:00,87.0,85.7513888888889,88.86838888888892,81.70454545454545
19316,2021-07-23 05:15:00,2021-07-23 05:30:00,76.0,78.7220555555555,80.15677777777778,76.43636363636364
19317,2021-07-23 05:30:00,2021-07-23 05:45:00,93.0,93.75694444444441,93.47861111111112,92.9090909090909
19318,2021-07-23 05:45:00,2021-07-23 06:00:00,99.0,100.29105555555556,99.80155555555554,101.90454545454546
19319,2021-07-23 06:00:00,2021-07-23 06:15:00,103.0,106.60083333333334,106.03838888888886,105.86363636363636
19320,2021-07-23 06:15:00,2021-07-23 06:30:00,105.0,102.76788888888888,103.86183333333337,103.4590909090909
19321,2021-07-23 06:30:00,2021-07-23 06:45:00,100.0,101.16905555555556,101.11699999999993,102.8
19322,2021-07-23 06:45:00,2021-07-23 07:00:00,105.0,99.174,98.12111111111112,104.24545454545455
19323,2021-07-23 07:00:00,2021-07-23 07:15:00,98.0,102.57505555555554,102.57438888888893,104.15454545454546
19324,2021-07-23 07:15:00,2021-07-23 07:30:00,104.0,101.4694444444444,102.33872222222219,105.80909090909091
19325,2021-07-23 07:30:00,2021-07-23 07:45:00,143.0,129.84453968253968,125.8967777777778,133.90454545454546
19326,2021-07-23 07:45:00,2021-07-23 08:00:00,144.0,140.6751666666667,142.58172222222223,141.18636363636364
19327,2021-07-23 08:00:00,2021-07-23 08:15:00,169.0,157.23611111111114,155.79516666666666,157.25
19328,2021-07-23 08:15:00,2021-07-23 08:30:00,202.0,174.97883333333337,175.11744444444443,179.23636363636365
19329,2021-07-23 08:30:00,2021-07-23 08:45:00,199.0,204.18977777777772,202.36155555555547,198.91363636363636
19330,2021-07-23 08:45:00,2021-07-23 09:00:00,192.0,186.6743888888888,185.56283333333332,188.90454545454546
19331,2021-07-23 09:00:00,2021-07-23 09:15:00,179.0,183.44311111111094,184.18649999999997,185.0772727272727
19332,2021-07-23 09:15:00,2021-07-23 09:30:00,183.0,178.43038888888896,177.13461111111107,177.45
19333,2021-07-23 09:30:00,2021-07-23 09:45:00,190.0,181.9761666666666,182.23677777777775,178.97727272727272
19334,2021-07-23 09:45:00,2021-07-23 10:00:00,189.0,184.17838888888886,183.65977777777778,184.6818181818182
19335,2021-07-23 10:00:00,2021-07-23 10:15:00,162.0,146.2386666666666,151.8273888888889,142.22272727272727
19336,2021-07-23 10:15:00,2021-07-23 10:30:00,189.0,178.27649999999994,179.6217777777777,176.0681818181818
19337,2021-07-23 10:30:00,2021-07-23 10:45:00,182.0,186.55704761904758,186.75538888888886,187.20454545454547
19338,2021-07-23 10:45:00,2021-07-23 11:00:00,182.0,173.22877777777776,173.18811111111108,175.4090909090909
19339,2021-07-23 11:00:00,2021-07-23 11:15:00,179.0,166.4690555555555,167.33855555555553,174.3090909090909
19340,2021-07-23 11:15:00,2021-07-23 11:30:00,185.0,176.94305555555556,176.4123333333333,174.72272727272727
19341,2021-07-23 11:30:00,2021-07-23 11:45:00,199.0,179.8336666666666,179.3212222222222,178.12727272727273
19342,2021-07-23 11:45:00,2021-07-23 12:00:00,189.0,190.8320555555554,192.1736666666666,190.95
19343,2021-07-23 12:00:00,2021-07-23 12:15:00,125.0,131.69111111111107,137.77905555555546,132.81363636363636
19344,2021-07-23 12:15:00,2021-07-23 12:30:00,110.0,104.8523333333333,107.14277777777775,104.12727272727273
19345,2021-07-23 12:30:00,2021-07-23 12:45:00,108.0,99.47561111111108,104.01777777777768,105.93181818181819
19346,2021-07-23 12:45:00,2021-07-23 13:00:00,109.0,135.25833333333338,134.572,129.73181818181817
19347,2021-07-23 13:00:00,2021-07-23 13:15:00,161.0,145.98727777777773,139.65294444444444,149.1681818181818
19348,2021-07-23 13:15:00,2021-07-23 13:30:00,192.0,173.92099999999996,174.31655555555554,165.76363636363635
19349,2021-07-23 13:30:00,2021-07-23 13:45:00,178.0,190.44677777777773,191.30033333333327,188.55454545454546
19350,2021-07-23 13:45:00,2021-07-23 14:00:00,188.0,180.76577777777769,180.32449999999994,177.5818181818182
19351,2021-07-23 14:00:00,2021-07-23 14:15:00,177.0,175.58694444444444,175.13066666666666,175.5818181818182
19352,2021-07-23 14:15:00,2021-07-23 14:30:00,186.0,175.94005555555555,175.11311111111112,169.64545454545456
19353,2021-07-23 14:30:00,2021-07-23 14:45:00,190.0,183.4377777777777,181.99427777777774,179.0909090909091
19354,2021-07-23 14:45:00,2021-07-23 15:00:00,183.0,185.6647222222221,185.2673333333333,182.06363636363636
19355,2021-07-23 15:00:00,2021-07-23 15:15:00,152.0,148.66494444444444,150.14516666666665,145.89545454545456
19356,2021-07-23 15:15:00,2021-07-23 15:30:00,151.0,175.59094444444446,175.72455555555553,157.47727272727272
19357,2021-07-23 15:30:00,2021-07-23 15:45:00,192.0,169.8647222222223,167.84655555555554,162.1590909090909
19358,2021-07-23 15:45:00,2021-07-23 16:00:00,206.0,187.05061111111115,188.83849999999998,186.03181818181818
19359,2021-07-23 16:00:00,2021-07-23 16:15:00,195.0,175.3551666666669,164.77366666666666,182.3409090909091
19360,2021-07-23 16:15:00,2021-07-23 16:30:00,197.0,180.65333333333328,181.2627222222222,179.58636363636364
19361,2021-07-23 16:30:00,2021-07-23 16:45:00,188.0,178.98022222222227,182.8155555555555,174.45909090909092
19362,2021-07-23 16:45:00,2021-07-23 17:00:00,177.0,176.69361111111112,179.25327777777778,170.9409090909091
19363,2021-07-23 17:00:00,2021-07-23 17:15:00,110.0,134.3925,135.1563333333333,135.31363636363636
19364,2021-07-23 17:15:00,2021-07-23 17:30:00,111.0,107.48338888888888,105.29661111111112,97.89090909090909
19365,2021-07-23 17:30:00,2021-07-23 17:45:00,154.0,146.19461111111121,136.62916666666666,145.96363636363637
19366,2021-07-23 17:45:00,2021-07-23 18:00:00,178.0,173.15872222222222,172.30738888888888,171.28181818181818
19367,2021-07-23 18:00:00,2021-07-23 18:15:00,175.0,172.4288333333336,169.0436111111113,166.55454545454546
19368,2021-07-23 18:15:00,2021-07-23 18:30:00,174.0,173.9978888888888,176.22305555555556,168.46818181818182
19369,2021-07-23 18:30:00,2021-07-23 18:45:00,173.0,169.71044444444433,173.62216666666663,166.61818181818182
19370,2021-07-23 18:45:00,2021-07-23 19:00:00,176.0,166.09450000000004,168.09355555555555,165.29545454545453
19371,2021-07-23 19:00:00,2021-07-23 19:15:00,165.0,159.05505555555555,159.10072222222226,163.12727272727273
19372,2021-07-23 19:15:00,2021-07-23 19:30:00,148.0,161.27583333333337,161.54516666666666,161.12727272727273
19373,2021-07-23 19:30:00,2021-07-23 19:45:00,145.0,148.36783333333332,149.5984444444444,145.55
19374,2021-07-23 19:45:00,2021-07-23 20:00:00,120.0,125.71266666666668,130.1069444444444,120.80909090909091
19375,2021-07-23 20:00:00,2021-07-23 20:15:00,107.0,112.67077777777784,113.65933333333344,109.76818181818182
19376,2021-07-23 20:15:00,2021-07-23 20:30:00,115.0,114.41394444444443,116.4150555555556,110.9
19377,2021-07-23 20:30:00,2021-07-23 20:45:00,115.0,115.55855555555557,117.86238888888889,113.9090909090909
19378,2021-07-23 20:45:00,2021-07-23 21:00:00,105.0,114.76304761904765,115.53033333333336,112.28636363636363
19379,2021-07-23 21:00:00,2021-07-23 21:15:00,104.0,107.18844444444449,108.9242777777778,107.82727272727273
19380,2021-07-23 21:15:00,2021-07-23 21:30:00,110.0,111.64977777777776,112.34849999999999,109.79545454545455
19381,2021-07-23 21:30:00,2021-07-23 21:45:00,107.0,110.84266666666663,111.95400000000001,110.12272727272727
19382,2021-07-23 21:45:00,2021-07-23 22:00:00,105.0,109.13049999999998,109.23077777777776,108.38636363636364
19383,2021-07-23 22:00:00,2021-07-23 22:15:00,93.0,91.09916666666662,94.79922222222218,95.13181818181818
19384,2021-07-23 22:15:00,2021-07-23 22:30:00,104.0,103.57990476190476,102.2146666666667,105.46363636363637
19385,2021-07-23 22:30:00,2021-07-23 22:45:00,107.0,105.82662698412699,105.21166666666666,107.0409090909091
19386,2021-07-23 22:45:00,2021-07-23 23:00:00,96.0,106.45938888888882,106.30688888888889,106.91818181818182
19387,2021-07-23 23:00:00,2021-07-23 23:15:00,98.0,98.88949999999996,96.9504444444444,104.97272727272727
19388,2021-07-23 23:15:00,2021-07-23 23:30:00,111.0,102.22294444444445,100.05138888888885,104.91363636363636
19389,2021-07-23 23:30:00,2021-07-23 23:45:00,107.0,106.18405555555552,106.64394444444443,108.0409090909091
19390,2021-07-23 23:45:00,2021-07-24 00:00:00,91.0,83.62044444444444,84.17038888888891,87.18636363636364
19391,2021-07-24 00:00:00,2021-07-24 00:15:00,72.0,77.24372222222222,80.66538888888884,76.7090909090909
19392,2021-07-24 00:15:00,2021-07-24 00:30:00,67.0,66.62183333333336,69.19822222222223,68.98636363636363
19393,2021-07-24 00:30:00,2021-07-24 00:45:00,65.0,64.85238888888892,65.41388888888893,66.2090909090909
19394,2021-07-24 00:45:00,2021-07-24 01:00:00,69.0,62.95994444444452,63.70377777777781,64.60454545454546
19395,2021-07-24 01:00:00,2021-07-24 01:15:00,93.0,94.65377777777775,90.69877777777775,97.88636363636364
19396,2021-07-24 01:15:00,2021-07-24 01:30:00,92.0,103.29133333333337,102.78899999999997,106.66363636363636
19397,2021-07-24 01:30:00,2021-07-24 01:45:00,101.0,106.56511111111108,107.09105555555557,106.20454545454545
19398,2021-07-24 01:45:00,2021-07-24 02:00:00,99.0,103.07801587301586,102.57411111111111,104.95454545454545
19399,2021-07-24 02:00:00,2021-07-24 02:15:00,100.0,100.76699999999994,102.22222222222224,102.22272727272727
19400,2021-07-24 02:15:00,2021-07-24 02:30:00,99.0,99.63822222222217,99.90594444444447,100.3
19401,2021-07-24 02:30:00,2021-07-24 02:45:00,97.0,96.64160317460323,97.4896111111111,94.27727272727273
19402,2021-07-24 02:45:00,2021-07-24 03:00:00,84.0,100.63810317460323,100.1432222222222,99.55
19403,2021-07-24 03:00:00,2021-07-24 03:15:00,72.0,90.79088888888889,87.63644444444441,86.14090909090909
19404,2021-07-24 03:15:00,2021-07-24 03:30:00,96.0,85.76284126984125,80.39827777777776,94.65
19405,2021-07-24 03:30:00,2021-07-24 03:45:00,104.0,100.16781746031747,100.66355555555555,102.99090909090908
19406,2021-07-24 03:45:00,2021-07-24 04:00:00,101.0,104.72466666666668,104.93872222222224,104.2909090909091
19407,2021-07-24 04:00:00,2021-07-24 04:15:00,100.0,99.37377777777779,99.16199999999999,102.40454545454546
19408,2021-07-24 04:15:00,2021-07-24 04:30:00,98.0,101.4015555555555,101.09572222222225,98.31818181818181
19409,2021-07-24 04:30:00,2021-07-24 04:45:00,98.0,99.2315,98.93877777777779,100.85
19410,2021-07-24 04:45:00,2021-07-24 05:00:00,90.0,98.5926111111111,98.00866666666663,100.37272727272727
19411,2021-07-24 05:00:00,2021-07-24 05:15:00,75.0,82.8847777777778,85.78777777777778,79.72272727272727
19412,2021-07-24 05:15:00,2021-07-24 05:30:00,69.0,67.64290476190477,68.98472222222217,67.27727272727273
19413,2021-07-24 05:30:00,2021-07-24 05:45:00,87.0,90.22216666666667,87.18233333333332,94.24090909090908
19414,2021-07-24 05:45:00,2021-07-24 06:00:00,91.0,96.00156349206351,96.48144444444439,98.52727272727273
19415,2021-07-24 06:00:00,2021-07-24 06:15:00,98.0,100.93094444444452,99.74900000000002,100.49545454545455
19416,2021-07-24 06:15:00,2021-07-24 06:30:00,97.0,101.52355555555555,102.53861111111111,97.85454545454546
19417,2021-07-24 06:30:00,2021-07-24 06:45:00,96.0,100.1430158730159,100.47699999999998,98.15454545454546
19418,2021-07-24 06:45:00,2021-07-24 07:00:00,87.0,94.784,95.85572222222221,94.08636363636364
19419,2021-07-24 07:00:00,2021-07-24 07:15:00,81.0,84.55572222222224,84.6995,85.24545454545455
19420,2021-07-24 07:15:00,2021-07-24 07:30:00,75.0,75.98388888888887,75.49233333333332,76.3409090909091
19421,2021-07-24 07:30:00,2021-07-24 07:45:00,56.0,62.4022857142857,63.079111111111146,49.89545454545455
19422,2021-07-24 07:45:00,2021-07-24 08:00:00,32.0,39.92323015873018,42.1998888888889,37.70909090909091
19423,2021-07-24 08:00:00,2021-07-24 08:15:00,28.0,26.76194444444445,26.49938888888888,31.78181818181818
19424,2021-07-24 08:15:00,2021-07-24 08:30:00,23.0,25.611333333333338,25.074500000000008,27.836363636363636
19425,2021-07-24 08:30:00,2021-07-24 08:45:00,23.0,22.842499999999994,22.957166666666673,23.10909090909091
19426,2021-07-24 08:45:00,2021-07-24 09:00:00,24.0,23.11727777777778,22.987666666666666,23.395454545454545
19427,2021-07-24 09:00:00,2021-07-24 09:15:00,24.0,25.087349206349195,24.92322222222222,24.022727272727273
19428,2021-07-24 09:15:00,2021-07-24 09:30:00,24.0,24.18546031746032,24.178388888888882,24.936363636363637
19429,2021-07-24 09:30:00,2021-07-24 09:45:00,24.0,24.549055555555565,24.559388888888893,24.254545454545454
19430,2021-07-24 09:45:00,2021-07-24 10:00:00,24.0,25.90266666666668,25.93744444444444,24.881818181818183
19431,2021-07-24 10:00:00,2021-07-24 10:15:00,24.0,24.245238095238093,24.571500000000007,24.704545454545453
19432,2021-07-24 10:15:00,2021-07-24 10:30:00,24.0,25.625555555555554,25.377999999999997,24.35
19433,2021-07-24 10:30:00,2021-07-24 10:45:00,24.0,25.824333333333335,25.663333333333334,24.168181818181818
19434,2021-07-24 10:45:00,2021-07-24 11:00:00,24.0,25.849111111111117,25.74416666666667,24.51818181818182
19435,2021-07-24 11:00:00,2021-07-24 11:15:00,26.0,24.310444444444443,24.709000000000007,24.286363636363635
19436,2021-07-24 11:15:00,2021-07-24 11:30:00,27.0,25.814722222222212,26.346333333333337,24.84090909090909
19437,2021-07-24 11:30:00,2021-07-24 11:45:00,29.0,24.636452380952374,24.847555555555555,23.55909090909091
19438,2021-07-24 11:45:00,2021-07-24 12:00:00,25.0,25.972904761904765,26.049944444444442,32.31818181818182
19439,2021-07-24 12:00:00,2021-07-24 12:15:00,24.0,23.896999999999988,25.036611111111107,23.986363636363638
19440,2021-07-24 12:15:00,2021-07-24 12:30:00,22.0,23.946111111111104,24.010999999999996,23.62272727272727
19441,2021-07-24 12:30:00,2021-07-24 12:45:00,23.0,22.47744444444444,22.389499999999998,22.436363636363637
19442,2021-07-24 12:45:00,2021-07-24 13:00:00,23.0,23.387833333333333,23.256037037037036,23.577272727272728
19443,2021-07-24 13:00:00,2021-07-24 13:15:00,23.0,23.57311111111111,23.522499999999997,24.39090909090909
19444,2021-07-24 13:15:00,2021-07-24 13:30:00,24.0,23.502666666666663,23.312611111111107,24.681818181818183
19445,2021-07-24 13:30:00,2021-07-24 13:45:00,24.0,24.066944444444445,23.844444444444438,24.818181818181817
19446,2021-07-24 13:45:00,2021-07-24 14:00:00,24.0,23.843722222222233,23.64722222222222,24.763636363636362
19447,2021-07-24 14:00:00,2021-07-24 14:15:00,24.0,24.36661111111111,24.171277777777775,24.354545454545455
19448,2021-07-24 14:15:00,2021-07-24 14:30:00,24.0,24.969277777777776,24.83605555555556,24.05909090909091
19449,2021-07-24 14:30:00,2021-07-24 14:45:00,24.0,24.979944444444453,25.071722222222224,23.827272727272728
19450,2021-07-24 14:45:00,2021-07-24 15:00:00,24.0,24.88416666666667,24.686777777777774,24.263636363636362
19451,2021-07-24 15:00:00,2021-07-24 15:15:00,27.0,24.25905555555556,24.04055555555555,24.70909090909091
19452,2021-07-24 15:15:00,2021-07-24 15:30:00,28.0,23.715666666666667,23.598111111111105,23.836363636363636
19453,2021-07-24 15:30:00,2021-07-24 15:45:00,24.0,24.027468253968255,23.931611111111113,24.195454545454545
19454,2021-07-24 15:45:00,2021-07-24 16:00:00,24.0,23.618531746031746,23.42855555555556,23.386363636363637
19455,2021-07-24 16:00:00,2021-07-24 16:15:00,24.0,23.879611111111114,23.841999999999995,23.62272727272727
19456,2021-07-24 16:15:00,2021-07-24 16:30:00,24.0,23.85122222222222,23.74855555555556,23.736363636363638
19457,2021-07-24 16:30:00,2021-07-24 16:45:00,24.0,23.58977777777778,23.594388888888886,23.8
19458,2021-07-24 16:45:00,2021-07-24 17:00:00,25.0,23.932722222222235,23.843611111111105,23.98181818181818
19459,2021-07-24 17:00:00,2021-07-24 17:15:00,24.0,24.507658730158745,25.783388888888894,26.495454545454546
19460,2021-07-24 17:15:00,2021-07-24 17:30:00,24.0,23.60022222222222,23.506944444444446,23.37727272727273
19461,2021-07-24 17:30:00,2021-07-24 17:45:00,24.0,23.531111111111112,23.48855555555555,23.740909090909092
19462,2021-07-24 17:45:00,2021-07-24 18:00:00,24.0,24.494611111111112,24.367111111111118,24.1
19463,2021-07-24 18:00:00,2021-07-24 18:15:00,24.0,24.310952380952386,24.203722222222225,23.84090909090909
19464,2021-07-24 18:15:00,2021-07-24 18:30:00,23.0,24.73266666666666,24.757388888888897,23.8
19465,2021-07-24 18:30:00,2021-07-24 18:45:00,24.0,23.709777777777767,24.00661111111111,24.545454545454547
19466,2021-07-24 18:45:00,2021-07-24 19:00:00,29.0,24.688777777777773,24.580166666666678,24.39090909090909
19467,2021-07-24 19:00:00,2021-07-24 19:15:00,28.0,27.53838095238095,29.24927777777778,29.868181818181817
19468,2021-07-24 19:15:00,2021-07-24 19:30:00,24.0,24.233492063492058,24.235277777777778,24.69090909090909
19469,2021-07-24 19:30:00,2021-07-24 19:45:00,23.0,23.60544444444444,23.878333333333334,23.44090909090909
19470,2021-07-24 19:45:00,2021-07-24 20:00:00,23.0,23.540611111111115,23.524611111111113,23.26818181818182
19471,2021-07-24 20:00:00,2021-07-24 20:15:00,23.0,23.38144444444445,23.575611111111108,23.05909090909091
19472,2021-07-24 20:15:00,2021-07-24 20:30:00,23.0,23.194833333333335,23.20199999999999,23.15909090909091
19473,2021-07-24 20:30:00,2021-07-24 20:45:00,24.0,23.078333333333326,23.151999999999997,23.431818181818183
19474,2021-07-24 20:45:00,2021-07-24 21:00:00,25.0,24.12644444444444,24.150333333333332,25.70909090909091
19475,2021-07-24 21:00:00,2021-07-24 21:15:00,24.0,25.347158730158743,28.43711111111112,24.8
19476,2021-07-24 21:15:00,2021-07-24 21:30:00,24.0,23.391999999999996,23.459333333333333,23.913636363636364
19477,2021-07-24 21:30:00,2021-07-24 21:45:00,25.0,24.43099999999999,24.368944444444452,24.077272727272728
19478,2021-07-24 21:45:00,2021-07-24 22:00:00,25.0,25.076500000000003,24.922499999999992,24.886363636363637
19479,2021-07-24 22:00:00,2021-07-24 22:15:00,24.0,24.760440476190485,27.299333333333344,25.604545454545455
19480,2021-07-24 22:15:00,2021-07-24 22:30:00,25.0,24.11388888888888,24.13977777777778,23.831818181818182
19481,2021-07-24 22:30:00,2021-07-24 22:45:00,28.0,25.54136507936508,25.083444444444442,25.568181818181817
19482,2021-07-24 22:45:00,2021-07-24 23:00:00,25.0,25.543380952380947,24.908722222222227,25.472727272727273
19483,2021-07-24 23:00:00,2021-07-24 23:15:00,24.0,25.285047619047617,26.013777777777783,24.20909090909091
19484,2021-07-24 23:15:00,2021-07-24 23:30:00,24.0,24.160555555555554,24.34788888888889,23.577272727272728
19485,2021-07-24 23:30:00,2021-07-24 23:45:00,24.0,24.560666666666666,24.168444444444447,23.745454545454546
19486,2021-07-24 23:45:00,2021-07-25 00:00:00,24.0,24.99383333333333,24.78127777777777,24.154545454545456
19487,2021-07-25 00:00:00,2021-07-25 00:15:00,24.0,27.566777777777787,27.929833333333335,23.963636363636365
19488,2021-07-25 00:15:00,2021-07-25 00:30:00,24.0,24.450055555555554,24.129888888888892,23.868181818181817
19489,2021-07-25 00:30:00,2021-07-25 00:45:00,24.0,24.267555555555557,24.05594444444445,23.98181818181818
19490,2021-07-25 00:45:00,2021-07-25 01:00:00,24.0,23.92283333333334,23.615055555555553,24.063636363636363
19491,2021-07-25 01:00:00,2021-07-25 01:15:00,24.0,23.842055555555557,24.657111111111117,24.131818181818183
19492,2021-07-25 01:15:00,2021-07-25 01:30:00,24.0,25.390944444444433,25.525666666666677,23.904545454545456
19493,2021-07-25 01:30:00,2021-07-25 01:45:00,24.0,25.279388888888878,25.40522222222223,24.045454545454547
19494,2021-07-25 01:45:00,2021-07-25 02:00:00,26.0,24.944277777777774,25.064111111111114,24.21818181818182
19495,2021-07-25 02:00:00,2021-07-25 02:15:00,29.0,25.73296031746032,28.438555555555563,25.318181818181817
19496,2021-07-25 02:15:00,2021-07-25 02:30:00,25.0,25.60406349206349,25.34577777777778,27.213636363636365
19497,2021-07-25 02:30:00,2021-07-25 02:45:00,23.0,23.467817460317466,23.901,23.363636363636363
19498,2021-07-25 02:45:00,2021-07-25 03:00:00,24.0,23.365666666666666,23.446277777777773,22.87727272727273
19499,2021-07-25 03:00:00,2021-07-25 03:15:00,24.0,23.97766666666667,24.982944444444453,23.931818181818183
19500,2021-07-25 03:15:00,2021-07-25 03:30:00,26.0,24.071166666666674,24.042111111111115,24.60909090909091
19501,2021-07-25 03:30:00,2021-07-25 03:45:00,23.0,25.571103174603177,26.32305555555556,24.90909090909091
19502,2021-07-25 03:45:00,2021-07-25 04:00:00,23.0,23.240722222222228,23.137,23.095454545454544
19503,2021-07-25 04:00:00,2021-07-25 04:15:00,23.0,23.185777777777783,23.277444444444438,23.204545454545453
19504,2021-07-25 04:15:00,2021-07-25 04:30:00,24.0,23.099944444444446,23.16649999999999,23.19090909090909
19505,2021-07-25 04:30:00,2021-07-25 04:45:00,24.0,24.296166666666657,24.137500000000003,25.20909090909091
19506,2021-07-25 04:45:00,2021-07-25 05:00:00,24.0,23.95138888888889,23.957222222222228,25.245454545454546
19507,2021-07-25 05:00:00,2021-07-25 05:15:00,24.0,24.20372222222223,24.500388888888903,24.954545454545453
19508,2021-07-25 05:15:00,2021-07-25 05:30:00,24.0,24.09133333333333,24.216500000000007,24.427272727272726
19509,2021-07-25 05:30:00,2021-07-25 05:45:00,28.0,24.725111111111108,24.74316666666667,24.363636363636363
19510,2021-07-25 05:45:00,2021-07-25 06:00:00,27.0,27.5845634920635,26.562333333333335,26.818181818181817
19511,2021-07-25 06:00:00,2021-07-25 06:15:00,23.0,25.387222222222213,27.06955555555555,23.35
19512,2021-07-25 06:15:00,2021-07-25 06:30:00,24.0,23.217166666666678,23.380555555555546,23.10909090909091
19513,2021-07-25 06:30:00,2021-07-25 06:45:00,24.0,23.70195238095238,23.798000000000005,23.954545454545453
19514,2021-07-25 06:45:00,2021-07-25 07:00:00,24.0,23.70155555555556,23.834944444444446,23.740909090909092
19515,2021-07-25 07:00:00,2021-07-25 07:15:00,24.0,25.528777777777787,24.501333333333353,25.263636363636362
19516,2021-07-25 07:15:00,2021-07-25 07:30:00,24.0,24.88844444444446,24.05372222222223,25.568181818181817
19517,2021-07-25 07:30:00,2021-07-25 07:45:00,24.0,24.849888888888895,23.95200000000001,25.01818181818182
19518,2021-07-25 07:45:00,2021-07-25 08:00:00,24.0,24.855555555555572,23.905388888888897,24.563636363636363
19519,2021-07-25 08:00:00,2021-07-25 08:15:00,24.0,28.657055555555573,25.7015,24.327272727272728
19520,2021-07-25 08:15:00,2021-07-25 08:30:00,23.0,25.378111111111103,25.622611111111123,24.363636363636363
19521,2021-07-25 08:30:00,2021-07-25 08:45:00,23.0,23.938027777777787,24.159944444444438,23.754545454545454
19522,2021-07-25 08:45:00,2021-07-25 09:00:00,24.0,24.35355158730159,24.22888888888888,23.522727272727273
19523,2021-07-25 09:00:00,2021-07-25 09:15:00,25.0,27.06344444444443,26.89194444444444,25.15
19524,2021-07-25 09:15:00,2021-07-25 09:30:00,29.0,25.482904761904752,26.21033333333334,24.64090909090909
19525,2021-07-25 09:30:00,2021-07-25 09:45:00,25.0,28.53671428571429,27.226277777777778,29.563636363636363
19526,2021-07-25 09:45:00,2021-07-25 10:00:00,24.0,24.305000000000007,23.994055555555555,23.536363636363635
19527,2021-07-25 10:00:00,2021-07-25 10:15:00,24.0,23.74466666666666,25.66511111111111,23.0
19528,2021-07-25 10:15:00,2021-07-25 10:30:00,23.0,23.834388888888896,23.9265,23.354545454545455
19529,2021-07-25 10:30:00,2021-07-25 10:45:00,24.0,23.481250000000003,23.455500000000008,23.827272727272728
19530,2021-07-25 10:45:00,2021-07-25 11:00:00,24.0,24.10294444444444,23.914388888888897,24.759090909090908
19531,2021-07-25 11:00:00,2021-07-25 11:15:00,23.0,24.10938888888889,24.882277777777787,24.068181818181817
19532,2021-07-25 11:15:00,2021-07-25 11:30:00,23.0,23.963563492063493,23.464555555555556,23.51818181818182
19533,2021-07-25 11:30:00,2021-07-25 11:45:00,24.0,24.22051587301588,23.410111111111103,24.236363636363638
19534,2021-07-25 11:45:00,2021-07-25 12:00:00,24.0,25.57233333333332,25.447833333333335,24.886363636363637
19535,2021-07-25 12:00:00,2021-07-25 12:15:00,26.0,24.904833333333322,25.758833333333328,24.8
19536,2021-07-25 12:15:00,2021-07-25 12:30:00,25.0,24.75611111111112,25.589722222222225,24.71818181818182
19537,2021-07-25 12:30:00,2021-07-25 12:45:00,28.0,23.81999206349206,25.0205,23.76818181818182
19538,2021-07-25 12:45:00,2021-07-25 13:00:00,26.0,25.33454761904761,24.68977777777778,25.913636363636364
19539,2021-07-25 13:00:00,2021-07-25 13:15:00,24.0,24.624992063492062,25.549,23.686363636363637
19540,2021-07-25 13:15:00,2021-07-25 13:30:00,24.0,23.37116666666667,23.39338888888889,22.936363636363637
19541,2021-07-25 13:30:00,2021-07-25 13:45:00,24.0,23.578277777777796,23.71061111111111,23.545454545454547
19542,2021-07-25 13:45:00,2021-07-25 14:00:00,23.0,23.793388888888895,23.880055555555554,24.227272727272727
19543,2021-07-25 14:00:00,2021-07-25 14:15:00,24.0,23.397634920634918,23.794722222222216,23.681818181818183
19544,2021-07-25 14:15:00,2021-07-25 14:30:00,24.0,23.83122222222223,23.841111111111115,24.563636363636363
19545,2021-07-25 14:30:00,2021-07-25 14:45:00,25.0,23.79883333333335,23.82238888888889,23.95
19546,2021-07-25 14:45:00,2021-07-25 15:00:00,24.0,24.615111111111123,25.63288888888889,24.44090909090909
19547,2021-07-25 15:00:00,2021-07-25 15:15:00,24.0,23.570611111111113,24.333333333333332,23.65909090909091
19548,2021-07-25 15:15:00,2021-07-25 15:30:00,24.0,24.83477777777777,25.03211111111112,23.95909090909091
19549,2021-07-25 15:30:00,2021-07-25 15:45:00,25.0,24.83805555555555,24.874277777777785,24.054545454545455
19550,2021-07-25 15:45:00,2021-07-25 16:00:00,25.0,25.527833333333337,26.146388888888886,24.71818181818182
19551,2021-07-25 16:00:00,2021-07-25 16:15:00,29.0,25.059686507936505,29.132166666666667,23.972727272727273
19552,2021-07-25 16:15:00,2021-07-25 16:30:00,27.0,27.01696825396826,27.1345,27.095454545454544
19553,2021-07-25 16:30:00,2021-07-25 16:45:00,25.0,23.719488095238106,24.217166666666664,24.4
19554,2021-07-25 16:45:00,2021-07-25 17:00:00,24.0,24.055753968253967,23.877888888888886,23.118181818181817
19555,2021-07-25 17:00:00,2021-07-25 17:15:00,24.0,24.2175,24.856777777777776,23.14090909090909
19556,2021-07-25 17:15:00,2021-07-25 17:30:00,24.0,23.85511111111112,23.887166666666666,23.536363636363635
19557,2021-07-25 17:30:00,2021-07-25 17:45:00,24.0,24.042833333333338,24.023166666666672,23.95
19558,2021-07-25 17:45:00,2021-07-25 18:00:00,23.0,24.076500000000003,24.05027777777778,23.945454545454545
19559,2021-07-25 18:00:00,2021-07-25 18:15:00,23.0,23.27622222222223,23.606555555555552,23.0
19560,2021-07-25 18:15:00,2021-07-25 18:30:00,24.0,23.303753968253965,23.2745,22.695454545454545
19561,2021-07-25 18:30:00,2021-07-25 18:45:00,23.0,24.10583333333333,24.014777777777777,24.95
19562,2021-07-25 18:45:00,2021-07-25 19:00:00,23.0,23.626587301587303,23.665166666666675,23.286363636363635
19563,2021-07-25 19:00:00,2021-07-25 19:15:00,24.0,23.243111111111105,23.697277777777774,22.95909090909091
19564,2021-07-25 19:15:00,2021-07-25 19:30:00,24.0,24.966194444444447,24.88477777777779,24.463636363636365
19565,2021-07-25 19:30:00,2021-07-25 19:45:00,25.0,25.39755555555556,25.43944444444445,24.286363636363635
19566,2021-07-25 19:45:00,2021-07-25 20:00:00,28.0,24.607722222222225,25.454888888888885,24.26818181818182
19567,2021-07-25 20:00:00,2021-07-25 20:15:00,23.0,24.96561111111111,24.621388888888895,24.618181818181817
19568,2021-07-25 20:15:00,2021-07-25 20:30:00,24.0,23.230055555555563,23.18911111111111,22.85909090909091
19569,2021-07-25 20:30:00,2021-07-25 20:45:00,24.0,23.600388888888887,23.733499999999996,23.7
19570,2021-07-25 20:45:00,2021-07-25 21:00:00,24.0,23.625888888888902,23.751277777777776,23.454545454545453
19571,2021-07-25 21:00:00,2021-07-25 21:15:00,24.0,23.626333333333342,25.08961111111111,24.136363636363637
19572,2021-07-25 21:15:00,2021-07-25 21:30:00,24.0,23.95455555555556,23.814722222222233,24.472727272727273
19573,2021-07-25 21:30:00,2021-07-25 21:45:00,23.0,23.852500000000003,23.73561111111112,24.013636363636362
19574,2021-07-25 21:45:00,2021-07-25 22:00:00,24.0,23.636499999999998,23.69683333333334,23.35909090909091
19575,2021-07-25 22:00:00,2021-07-25 22:15:00,23.0,23.902944444444454,24.317222222222224,24.063636363636363
19576,2021-07-25 22:15:00,2021-07-25 22:30:00,24.0,23.875388888888896,23.79766666666667,23.431818181818183
19577,2021-07-25 22:30:00,2021-07-25 22:45:00,24.0,26.01630555555556,26.017722222222236,24.895454545454545
19578,2021-07-25 22:45:00,2021-07-25 23:00:00,24.0,24.844611111111124,24.619555555555575,23.631818181818183
19579,2021-07-25 23:00:00,2021-07-25 23:15:00,26.0,24.441055555555554,24.75644444444444,24.177272727272726
19580,2021-07-25 23:15:00,2021-07-25 23:30:00,28.0,24.99994444444445,25.521,24.704545454545453
19581,2021-07-25 23:30:00,2021-07-25 23:45:00,24.0,24.40535714285715,24.10627777777778,25.063636363636363
19582,2021-07-25 23:45:00,2021-07-26 00:00:00,24.0,25.201531746031748,23.396444444444437,24.354545454545455
19583,2021-07-26 00:00:00,2021-07-26 00:15:00,24.0,27.93555555555557,26.14416666666666,24.240909090909092
19584,2021-07-26 00:15:00,2021-07-26 00:30:00,24.0,23.99427777777779,24.142833333333332,23.854545454545455
19585,2021-07-26 00:30:00,2021-07-26 00:45:00,24.0,24.159444444444457,24.147611111111114,24.85
19586,2021-07-26 00:45:00,2021-07-26 01:00:00,24.0,24.24916666666668,24.14261111111111,24.272727272727273
19587,2021-07-26 01:00:00,2021-07-26 01:15:00,23.0,24.09761111111113,24.186000000000007,24.295454545454547
19588,2021-07-26 01:15:00,2021-07-26 01:30:00,24.0,23.338444444444445,23.543499999999995,23.713636363636365
19589,2021-07-26 01:30:00,2021-07-26 01:45:00,24.0,24.770833333333336,24.90566666666667,24.568181818181817
19590,2021-07-26 01:45:00,2021-07-26 02:00:00,24.0,25.223944444444456,25.672777777777785,24.586363636363636
19591,2021-07-26 02:00:00,2021-07-26 02:15:00,24.0,24.492055555555563,24.73105555555555,24.754545454545454
19592,2021-07-26 02:15:00,2021-07-26 02:30:00,24.0,25.087388888888896,25.838555555555565,24.336363636363636
19593,2021-07-26 02:30:00,2021-07-26 02:45:00,24.0,25.350166666666677,25.931444444444452,24.304545454545455
19594,2021-07-26 02:45:00,2021-07-26 03:00:00,27.0,25.100444444444456,25.590222222222224,24.70909090909091
19595,2021-07-26 03:00:00,2021-07-26 03:15:00,27.0,26.012222222222224,26.46061111111112,24.563636363636363
19596,2021-07-26 03:15:00,2021-07-26 03:30:00,24.0,23.760468253968266,23.965166666666672,23.70909090909091
19597,2021-07-26 03:30:00,2021-07-26 03:45:00,24.0,23.1862777777778,23.365833333333338,23.104545454545455
19598,2021-07-26 03:45:00,2021-07-26 04:00:00,24.0,23.636833333333353,23.96555555555556,24.331818181818182
19599,2021-07-26 04:00:00,2021-07-26 04:15:00,23.0,24.121555555555574,24.459111111111113,24.931818181818183
19600,2021-07-26 04:15:00,2021-07-26 04:30:00,23.0,23.14294444444445,23.51983333333333,24.186363636363637
19601,2021-07-26 04:30:00,2021-07-26 04:45:00,24.0,23.131055555555566,23.397388888888884,23.645454545454545
19602,2021-07-26 04:45:00,2021-07-26 05:00:00,24.0,24.281444444444457,24.203666666666667,25.413636363636364
19603,2021-07-26 05:00:00,2021-07-26 05:15:00,24.0,24.249833333333342,24.401555555555557,25.19090909090909
19604,2021-07-26 05:15:00,2021-07-26 05:30:00,24.0,24.4183888888889,24.54022222222222,24.96818181818182
19605,2021-07-26 05:30:00,2021-07-26 05:45:00,23.0,24.736111111111118,24.943500000000004,24.395454545454545
19606,2021-07-26 05:45:00,2021-07-26 06:00:00,23.0,23.757333333333335,24.17122222222221,24.495454545454546
19607,2021-07-26 06:00:00,2021-07-26 06:15:00,25.0,24.15622222222222,24.274555555555544,24.4
19608,2021-07-26 06:15:00,2021-07-26 06:30:00,26.0,27.328841269841263,28.354666666666684,26.181818181818183
19609,2021-07-26 06:30:00,2021-07-26 06:45:00,26.0,23.699317460317467,23.88266666666667,23.54090909090909
19610,2021-07-26 06:45:00,2021-07-26 07:00:00,27.0,23.87642857142858,23.52694444444444,23.40909090909091
19611,2021-07-26 07:00:00,2021-07-26 07:15:00,30.0,26.595242063492087,25.124777777777766,24.013636363636362
19612,2021-07-26 07:15:00,2021-07-26 07:30:00,50.0,35.81818253968256,35.219333333333346,40.02272727272727
19613,2021-07-26 07:30:00,2021-07-26 07:45:00,75.0,73.82899999999994,77.02961111111111,75.82727272727273
19614,2021-07-26 07:45:00,2021-07-26 08:00:00,127.0,103.92866666666673,103.35433333333334,101.21818181818182
19615,2021-07-26 08:00:00,2021-07-26 08:15:00,177.0,153.6310555555555,148.6921666666666,156.5909090909091
19616,2021-07-26 08:15:00,2021-07-26 08:30:00,217.0,182.11369841269843,177.6218333333332,184.2590909090909
19617,2021-07-26 08:30:00,2021-07-26 08:45:00,206.0,205.62072222222216,204.8821111111112,203.69545454545454
19618,2021-07-26 08:45:00,2021-07-26 09:00:00,191.0,198.78300000000004,198.71100000000015,197.35
19619,2021-07-26 09:00:00,2021-07-26 09:15:00,182.0,183.86522222222214,182.92572222222222,185.5772727272727
19620,2021-07-26 09:15:00,2021-07-26 09:30:00,178.0,178.5476111111112,177.81022222222225,178.1681818181818
19621,2021-07-26 09:30:00,2021-07-26 09:45:00,189.0,177.61377777777778,177.06261111111104,176.02272727272728
19622,2021-07-26 09:45:00,2021-07-26 10:00:00,186.0,186.1334444444445,185.0908888888889,184.67727272727274
19623,2021-07-26 10:00:00,2021-07-26 10:15:00,148.0,151.97322222222218,153.13105555555555,155.56363636363636
19624,2021-07-26 10:15:00,2021-07-26 10:30:00,192.0,177.7338888888889,178.55105555555545,176.87727272727273
19625,2021-07-26 10:30:00,2021-07-26 10:45:00,191.0,189.609611111111,191.08538888888882,191.97272727272727
19626,2021-07-26 10:45:00,2021-07-26 11:00:00,207.0,182.6622222222222,183.0007222222223,186.1681818181818
19627,2021-07-26 11:00:00,2021-07-26 11:15:00,202.0,178.35283333333336,166.29944444444433,187.6681818181818
19628,2021-07-26 11:15:00,2021-07-26 11:30:00,190.0,186.5267777777777,187.18261111111107,190.97727272727272
19629,2021-07-26 11:30:00,2021-07-26 11:45:00,182.0,184.95255555555553,184.09483333333333,186.0090909090909
19630,2021-07-26 11:45:00,2021-07-26 12:00:00,186.0,178.50988888888895,177.03211111111116,177.25454545454545
19631,2021-07-26 12:00:00,2021-07-26 12:15:00,130.0,133.46644444444436,137.88316666666663,129.9227272727273
19632,2021-07-26 12:15:00,2021-07-26 12:30:00,111.0,103.95127777777775,106.0669444444444,107.24090909090908
19633,2021-07-26 12:30:00,2021-07-26 12:45:00,105.0,100.12738888888879,104.82127777777762,108.48636363636363
19634,2021-07-26 12:45:00,2021-07-26 13:00:00,106.0,131.5000555555556,131.419,123.97727272727273
19635,2021-07-26 13:00:00,2021-07-26 13:15:00,151.0,143.23061111111105,136.92350000000002,146.8409090909091
19636,2021-07-26 13:15:00,2021-07-26 13:30:00,178.0,166.51561111111113,166.3977777777778,164.52727272727273
19637,2021-07-26 13:30:00,2021-07-26 13:45:00,180.0,182.6362222222222,180.01433333333333,182.29090909090908
19638,2021-07-26 13:45:00,2021-07-26 14:00:00,167.0,178.8879444444444,178.28072222222224,176.8409090909091
19639,2021-07-26 14:00:00,2021-07-26 14:15:00,176.0,167.7133888888889,169.84438888888886,166.21818181818182
19640,2021-07-26 14:15:00,2021-07-26 14:30:00,182.0,176.8826666666666,174.6638333333333,175.62272727272727
19641,2021-07-26 14:30:00,2021-07-26 14:45:00,199.0,181.12027777777766,180.6077222222222,183.1
19642,2021-07-26 14:45:00,2021-07-26 15:00:00,185.0,193.040722222222,193.23033333333322,187.46363636363637
19643,2021-07-26 15:00:00,2021-07-26 15:15:00,137.0,151.89822222222213,154.3807777777777,151.98636363636365
19644,2021-07-26 15:15:00,2021-07-26 15:30:00,136.0,158.79227777777777,151.65177777777782,163.7409090909091
19645,2021-07-26 15:30:00,2021-07-26 15:45:00,180.0,159.32927777777786,160.28927777777784,158.35
19646,2021-07-26 15:45:00,2021-07-26 16:00:00,177.0,175.32494444444444,176.68261111111113,170.24545454545455
19647,2021-07-26 16:00:00,2021-07-26 16:15:00,163.0,166.0995555555556,162.03938888888896,165.36363636363637
19648,2021-07-26 16:15:00,2021-07-26 16:30:00,163.0,161.05749999999995,162.72800000000004,159.64545454545456
19649,2021-07-26 16:30:00,2021-07-26 16:45:00,177.0,162.6012222222222,163.80294444444445,163.03636363636363
19650,2021-07-26 16:45:00,2021-07-26 17:00:00,173.0,168.32105555555557,170.63455555555555,167.13181818181818
19651,2021-07-26 17:00:00,2021-07-26 17:15:00,122.0,130.38433333333336,131.8041111111111,131.7409090909091
19652,2021-07-26 17:15:00,2021-07-26 17:30:00,108.0,112.7087222222222,110.06283333333336,114.86363636363636
19653,2021-07-26 17:30:00,2021-07-26 17:45:00,144.0,141.20400000000004,133.76505555555556,149.52272727272728
19654,2021-07-26 17:45:00,2021-07-26 18:00:00,169.0,162.59322222222224,162.7143888888889,159.6590909090909
19655,2021-07-26 18:00:00,2021-07-26 18:15:00,186.0,164.33025396825403,161.81599999999997,164.4409090909091
19656,2021-07-26 18:15:00,2021-07-26 18:30:00,181.0,178.17899999999977,179.75055555555548,179.3
19657,2021-07-26 18:30:00,2021-07-26 18:45:00,169.0,172.6796111111109,174.5538888888888,171.4409090909091
19658,2021-07-26 18:45:00,2021-07-26 19:00:00,162.0,161.4370555555556,158.8242777777778,166.53181818181818
19659,2021-07-26 19:00:00,2021-07-26 19:15:00,169.0,159.05988888888885,157.71561111111106,161.30454545454546
19660,2021-07-26 19:15:00,2021-07-26 19:30:00,177.0,162.99455555555562,163.20277777777784,163.6818181818182
19661,2021-07-26 19:30:00,2021-07-26 19:45:00,160.0,166.08900000000006,170.9095,168.65
19662,2021-07-26 19:45:00,2021-07-26 20:00:00,122.0,139.6920555555555,144.8766111111111,133.32272727272726
19663,2021-07-26 20:00:00,2021-07-26 20:15:00,98.0,112.55911111111125,115.58577777777793,112.50909090909092
19664,2021-07-26 20:15:00,2021-07-26 20:30:00,103.0,113.7778333333333,118.95861111111113,116.36363636363636
19665,2021-07-26 20:30:00,2021-07-26 20:45:00,103.0,114.29577777777779,115.70183333333337,116.33181818181818
19666,2021-07-26 20:45:00,2021-07-26 21:00:00,102.0,110.79711111111111,112.28116666666664,111.17272727272727
19667,2021-07-26 21:00:00,2021-07-26 21:15:00,105.0,105.94594444444441,107.65383333333335,104.66818181818182
19668,2021-07-26 21:15:00,2021-07-26 21:30:00,108.0,110.50016666666667,111.04361111111112,105.3
19669,2021-07-26 21:30:00,2021-07-26 21:45:00,116.0,110.16044444444447,112.27338888888885,106.01363636363637
19670,2021-07-26 21:45:00,2021-07-26 22:00:00,110.0,115.87738888888885,116.6746111111111,114.94545454545455
19671,2021-07-26 22:00:00,2021-07-26 22:15:00,96.0,97.12561111111111,97.24155555555548,93.52727272727273
19672,2021-07-26 22:15:00,2021-07-26 22:30:00,112.0,105.046,103.54038888888894,106.10909090909091
19673,2021-07-26 22:30:00,2021-07-26 22:45:00,116.0,109.13883333333332,110.34344444444449,108.37272727272727
19674,2021-07-26 22:45:00,2021-07-26 23:00:00,114.0,114.50200000000004,115.04033333333335,116.48181818181818
19675,2021-07-26 23:00:00,2021-07-26 23:15:00,106.0,109.35800000000003,105.61099999999996,110.23181818181818
19676,2021-07-26 23:15:00,2021-07-26 23:30:00,107.0,107.16733333333337,106.62822222222226,108.95454545454545
19677,2021-07-26 23:30:00,2021-07-26 23:45:00,95.0,106.12677777777779,106.42627777777774,104.89545454545454
19678,2021-07-26 23:45:00,2021-07-27 00:00:00,72.0,77.18549206349206,77.25444444444443,88.26818181818182
19679,2021-07-27 00:00:00,2021-07-27 00:15:00,70.0,61.84533333333331,62.37055555555556,67.76818181818182
19680,2021-07-27 00:15:00,2021-07-27 00:30:00,70.0,65.90944444444443,66.40355555555557,66.60454545454546
19681,2021-07-27 00:30:00,2021-07-27 00:45:00,67.0,67.8824444444444,67.90499999999997,69.4
19682,2021-07-27 00:45:00,2021-07-27 01:00:00,65.0,65.54383333333337,66.84188888888889,65.62727272727273
19683,2021-07-27 01:00:00,2021-07-27 01:15:00,84.0,93.30133333333335,93.0517777777778,93.0409090909091
19684,2021-07-27 01:15:00,2021-07-27 01:30:00,106.0,97.93166666666669,97.75088888888888,96.11363636363636
19685,2021-07-27 01:30:00,2021-07-27 01:45:00,109.0,109.78622222222218,108.4788888888889,110.4
19686,2021-07-27 01:45:00,2021-07-27 02:00:00,110.0,110.62127777777769,109.98633333333332,110.80454545454545
19687,2021-07-27 02:00:00,2021-07-27 02:15:00,116.0,110.2975238095238,109.161,106.99545454545455
19688,2021-07-27 02:15:00,2021-07-27 02:30:00,113.0,113.32522222222222,113.96194444444443,112.41363636363636
19689,2021-07-27 02:30:00,2021-07-27 02:45:00,119.0,111.87577777777784,111.65111111111109,110.8409090909091
19690,2021-07-27 02:45:00,2021-07-27 03:00:00,112.0,113.5158888888889,115.48727777777778,114.36363636363636
19691,2021-07-27 03:00:00,2021-07-27 03:15:00,95.0,96.15633333333331,97.18905555555556,93.59545454545454
19692,2021-07-27 03:15:00,2021-07-27 03:30:00,109.0,108.74351587301585,107.03472222222223,105.91818181818182
19693,2021-07-27 03:30:00,2021-07-27 03:45:00,111.0,107.57099999999996,108.40588888888887,108.0909090909091
19694,2021-07-27 03:45:00,2021-07-27 04:00:00,106.0,111.18066666666668,110.99444444444443,108.10909090909091
19695,2021-07-27 04:00:00,2021-07-27 04:15:00,114.0,107.07899999999994,105.07916666666671,105.86818181818182
19696,2021-07-27 04:15:00,2021-07-27 04:30:00,113.0,112.57144444444445,112.48716666666667,110.33636363636364
19697,2021-07-27 04:30:00,2021-07-27 04:45:00,110.0,110.62833333333332,109.41272222222214,110.65454545454546
19698,2021-07-27 04:45:00,2021-07-27 05:00:00,96.0,106.80488888888888,107.29127777777776,104.82272727272728
19699,2021-07-27 05:00:00,2021-07-27 05:15:00,81.0,80.8941984126984,82.35855555555553,86.86818181818182
19700,2021-07-27 05:15:00,2021-07-27 05:30:00,76.0,75.00711111111109,75.74116666666664,75.42272727272727
19701,2021-07-27 05:30:00,2021-07-27 05:45:00,92.0,97.0737222222222,97.00288888888888,94.58636363636364
19702,2021-07-27 05:45:00,2021-07-27 06:00:00,106.0,100.44199999999998,101.52488888888885,97.58181818181818
19703,2021-07-27 06:00:00,2021-07-27 06:15:00,111.0,113.39522222222227,113.33633333333336,111.49090909090908
19704,2021-07-27 06:15:00,2021-07-27 06:30:00,109.0,110.01172222222216,109.42666666666666,109.45454545454545
19705,2021-07-27 06:30:00,2021-07-27 06:45:00,103.0,107.4086666666666,106.84727777777776,109.05454545454545
19706,2021-07-27 06:45:00,2021-07-27 07:00:00,98.0,100.00998412698412,100.00538888888894,100.52272727272727
19707,2021-07-27 07:00:00,2021-07-27 07:15:00,104.0,101.71350000000002,100.96411111111115,103.70454545454545
19708,2021-07-27 07:15:00,2021-07-27 07:30:00,122.0,110.49631746031744,110.66988888888892,114.63636363636364
19709,2021-07-27 07:30:00,2021-07-27 07:45:00,148.0,145.9509444444445,140.32299999999995,148.36818181818182
19710,2021-07-27 07:45:00,2021-07-27 08:00:00,161.0,147.61022222222218,147.84277777777777,148.61363636363637
19711,2021-07-27 08:00:00,2021-07-27 08:15:00,179.0,170.10155555555554,171.5495,170.6681818181818
19712,2021-07-27 08:15:00,2021-07-27 08:30:00,207.0,184.83744444444443,180.61322222222222,187.8090909090909
19713,2021-07-27 08:30:00,2021-07-27 08:45:00,202.0,202.29366666666667,201.12461111111114,197.5909090909091
19714,2021-07-27 08:45:00,2021-07-27 09:00:00,187.0,187.87777777777757,188.53761111111112,189.5681818181818
19715,2021-07-27 09:00:00,2021-07-27 09:15:00,171.0,179.75672222222212,180.35755555555556,179.6
19716,2021-07-27 09:15:00,2021-07-27 09:30:00,172.0,177.89611111111114,177.0402777777777,173.9318181818182
19717,2021-07-27 09:30:00,2021-07-27 09:45:00,188.0,181.2498888888889,181.1906666666666,175.37727272727273
19718,2021-07-27 09:45:00,2021-07-27 10:00:00,192.0,185.79494444444447,184.25766666666672,185.49545454545455
19719,2021-07-27 10:00:00,2021-07-27 10:15:00,152.0,150.73805555555546,152.41211111111105,174.48636363636365
19720,2021-07-27 10:15:00,2021-07-27 10:30:00,194.0,177.8213888888889,178.5813333333333,175.9318181818182
19721,2021-07-27 10:30:00,2021-07-27 10:45:00,206.0,189.46111111111097,189.4365555555555,193.20909090909092
19722,2021-07-27 10:45:00,2021-07-27 11:00:00,201.0,189.21049999999988,189.56911111111106,190.28181818181818
19723,2021-07-27 11:00:00,2021-07-27 11:15:00,203.0,178.48705555555546,160.8701666666666,188.1818181818182
19724,2021-07-27 11:15:00,2021-07-27 11:30:00,210.0,185.10788888888885,186.90877777777771,188.72272727272727
19725,2021-07-27 11:30:00,2021-07-27 11:45:00,211.0,187.48916666666653,188.80355555555548,189.3318181818182
19726,2021-07-27 11:45:00,2021-07-27 12:00:00,203.0,188.6567222222221,188.54188888888885,191.46818181818182
19727,2021-07-27 12:00:00,2021-07-27 12:15:00,124.0,134.21205555555548,140.23061111111102,142.3909090909091
19728,2021-07-27 12:15:00,2021-07-27 12:30:00,97.0,100.52316666666663,102.18633333333331,111.85
19729,2021-07-27 12:30:00,2021-07-27 12:45:00,105.0,91.94244444444428,95.97911111111097,96.18181818181819
19730,2021-07-27 12:45:00,2021-07-27 13:00:00,112.0,131.33766666666662,131.27522222222223,121.93636363636364
19731,2021-07-27 13:00:00,2021-07-27 13:15:00,156.0,150.32616666666664,143.52088888888886,152.77272727272728
19732,2021-07-27 13:15:00,2021-07-27 13:30:00,186.0,171.74277777777775,171.7179444444444,163.0772727272727
19733,2021-07-27 13:30:00,2021-07-27 13:45:00,187.0,186.72605555555558,187.61344444444444,182.5590909090909
19734,2021-07-27 13:45:00,2021-07-27 14:00:00,198.0,187.2066111111111,187.17322222222222,185.1909090909091
19735,2021-07-27 14:00:00,2021-07-27 14:15:00,194.0,174.5002777777778,172.82455555555555,180.58636363636364
19736,2021-07-27 14:15:00,2021-07-27 14:30:00,192.0,185.83494444444437,185.50138888888884,182.63636363636363
19737,2021-07-27 14:30:00,2021-07-27 14:45:00,199.0,187.74238888888885,187.0838333333333,184.77727272727273
19738,2021-07-27 14:45:00,2021-07-27 15:00:00,195.0,191.5625555555553,192.06727777777772,188.21818181818182
19739,2021-07-27 15:00:00,2021-07-27 15:15:00,155.0,149.9548333333333,149.65349999999987,150.93636363636364
19740,2021-07-27 15:15:00,2021-07-27 15:30:00,162.0,176.02827777777773,171.73411111111108,162.1409090909091
19741,2021-07-27 15:30:00,2021-07-27 15:45:00,199.0,175.38522222222224,173.7225,168.00454545454545
19742,2021-07-27 15:45:00,2021-07-27 16:00:00,201.0,187.80283333333318,189.36122222222215,187.14545454545456
19743,2021-07-27 16:00:00,2021-07-27 16:15:00,184.0,174.5399444444447,165.75205555555556,180.4318181818182
19744,2021-07-27 16:15:00,2021-07-27 16:30:00,186.0,172.97294444444432,174.67266666666663,170.87727272727273
19745,2021-07-27 16:30:00,2021-07-27 16:45:00,187.0,174.52827777777776,178.3782222222222,174.59545454545454
19746,2021-07-27 16:45:00,2021-07-27 17:00:00,186.0,174.8308333333333,177.03716666666662,172.69545454545454
19747,2021-07-27 17:00:00,2021-07-27 17:15:00,143.0,135.64816666666667,136.81272222222213,139.68636363636364
19748,2021-07-27 17:15:00,2021-07-27 17:30:00,136.0,143.01788888888893,146.1227777777778,135.05
19749,2021-07-27 17:30:00,2021-07-27 17:45:00,172.0,151.64366666666672,143.97938888888885,151.64545454545456
19750,2021-07-27 17:45:00,2021-07-27 18:00:00,184.0,172.53616666666665,171.39811111111115,170.0090909090909
19751,2021-07-27 18:00:00,2021-07-27 18:15:00,170.0,171.38027777777802,159.66261111111123,168.78181818181818
19752,2021-07-27 18:15:00,2021-07-27 18:30:00,159.0,164.58138888888885,165.71816666666666,163.08636363636364
19753,2021-07-27 18:30:00,2021-07-27 18:45:00,172.0,161.1604444444444,156.1003888888889,160.99545454545455
19754,2021-07-27 18:45:00,2021-07-27 19:00:00,174.0,166.74088888888892,167.50433333333334,166.5590909090909
19755,2021-07-27 19:00:00,2021-07-27 19:15:00,172.0,157.61605555555562,156.08511111111113,165.96818181818182
19756,2021-07-27 19:15:00,2021-07-27 19:30:00,162.0,163.56477777777786,164.68455555555548,162.41363636363636
19757,2021-07-27 19:30:00,2021-07-27 19:45:00,180.0,159.48222222222225,159.2876111111111,158.33636363636364
19758,2021-07-27 19:45:00,2021-07-27 20:00:00,161.0,154.479111111111,164.46155555555552,156.93636363636364
19759,2021-07-27 20:00:00,2021-07-27 20:15:00,146.0,138.49544444444444,146.50355555555555,136.9227272727273
19760,2021-07-27 20:15:00,2021-07-27 20:30:00,147.0,138.62727777777772,143.92661111111107,137.14545454545456
19761,2021-07-27 20:30:00,2021-07-27 20:45:00,141.0,137.4388888888888,140.21927777777776,139.0818181818182
19762,2021-07-27 20:45:00,2021-07-27 21:00:00,141.0,130.9326111111111,129.85383333333334,129.60454545454544
19763,2021-07-27 21:00:00,2021-07-27 21:15:00,144.0,133.03427777777776,133.6354444444445,131.71363636363637
19764,2021-07-27 21:15:00,2021-07-27 21:30:00,138.0,138.919,143.62233333333333,133.39545454545456
19765,2021-07-27 21:30:00,2021-07-27 21:45:00,144.0,133.3356666666666,137.4041666666667,131.31363636363636
19766,2021-07-27 21:45:00,2021-07-27 22:00:00,148.0,132.879,136.1498888888889,131.84545454545454
19767,2021-07-27 22:00:00,2021-07-27 22:15:00,131.0,134.5691111111111,136.92488888888892,124.83636363636364
19768,2021-07-27 22:15:00,2021-07-27 22:30:00,132.0,124.08044444444447,124.34772222222225,120.78181818181818
19769,2021-07-27 22:30:00,2021-07-27 22:45:00,127.0,126.44111111111107,127.87422222222219,121.35909090909091
19770,2021-07-27 22:45:00,2021-07-27 23:00:00,127.0,120.6295,120.89972222222221,121.00909090909092
19771,2021-07-27 23:00:00,2021-07-27 23:15:00,139.0,119.74827777777779,119.19544444444442,121.23636363636363
19772,2021-07-27 23:15:00,2021-07-27 23:30:00,138.0,131.38777777777779,134.62983333333338,127.38181818181818
19773,2021-07-27 23:30:00,2021-07-27 23:45:00,116.0,129.34105555555556,133.66316666666665,124.5409090909091
19774,2021-07-27 23:45:00,2021-07-28 00:00:00,93.0,107.38666666666667,109.00472222222221,101.84545454545454
19775,2021-07-28 00:00:00,2021-07-28 00:15:00,91.0,90.61905555555552,94.41383333333334,81.85909090909091
19776,2021-07-28 00:15:00,2021-07-28 00:30:00,88.0,93.95383333333332,96.27888888888889,83.93636363636364
19777,2021-07-28 00:30:00,2021-07-28 00:45:00,86.0,85.27455555555554,89.40088888888887,77.99090909090908
19778,2021-07-28 00:45:00,2021-07-28 01:00:00,85.0,85.81877777777775,86.60155555555556,71.03636363636363
19779,2021-07-28 01:00:00,2021-07-28 01:15:00,110.0,91.93583333333332,92.80222222222226,86.96363636363637
19780,2021-07-28 01:15:00,2021-07-28 01:30:00,123.0,114.18655555555551,117.23411111111112,109.52727272727273
19781,2021-07-28 01:30:00,2021-07-28 01:45:00,130.0,124.21722222222222,125.6139444444444,121.56363636363636
19782,2021-07-28 01:45:00,2021-07-28 02:00:00,122.0,120.84538888888888,125.29322222222223,121.40454545454546
19783,2021-07-28 02:00:00,2021-07-28 02:15:00,119.0,117.88566666666665,120.67994444444443,109.50909090909092
19784,2021-07-28 02:15:00,2021-07-28 02:30:00,113.0,114.1938888888889,117.35649999999997,113.97727272727273
19785,2021-07-28 02:30:00,2021-07-28 02:45:00,115.0,108.9475,110.31877777777777,111.37727272727273
19786,2021-07-28 02:45:00,2021-07-28 03:00:00,130.0,110.73266666666665,111.64266666666667,108.24090909090908
19787,2021-07-28 03:00:00,2021-07-28 03:15:00,109.0,116.43016666666662,126.50327777777771,109.35454545454546
19788,2021-07-28 03:15:00,2021-07-28 03:30:00,124.0,110.33444444444446,108.42944444444446,107.73636363636363
19789,2021-07-28 03:30:00,2021-07-28 03:45:00,128.0,122.18711111111115,123.68961111111113,119.00454545454545
19790,2021-07-28 03:45:00,2021-07-28 04:00:00,127.0,121.83738888888887,121.78588888888888,120.95
19791,2021-07-28 04:00:00,2021-07-28 04:15:00,119.0,114.82849999999999,114.11994444444446,113.87272727272727
19792,2021-07-28 04:15:00,2021-07-28 04:30:00,123.0,115.17244444444444,116.77499999999998,116.02727272727273
19793,2021-07-28 04:30:00,2021-07-28 04:45:00,116.0,118.69133333333329,121.62594444444444,117.31818181818181
19794,2021-07-28 04:45:00,2021-07-28 05:00:00,118.0,112.94888888888887,112.83461111111109,108.04545454545455
19795,2021-07-28 05:00:00,2021-07-28 05:15:00,97.0,106.70083333333332,112.41649999999998,102.02272727272727
19796,2021-07-28 05:15:00,2021-07-28 05:30:00,91.0,92.0272777777778,97.2041111111111,85.13181818181818
19797,2021-07-28 05:30:00,2021-07-28 05:45:00,113.0,104.39544444444441,101.70233333333334,99.24090909090908
19798,2021-07-28 05:45:00,2021-07-28 06:00:00,119.0,113.46849999999996,113.15616666666664,111.52272727272727
19799,2021-07-28 06:00:00,2021-07-28 06:15:00,123.0,119.67194444444443,119.6325,119.23181818181818
19800,2021-07-28 06:15:00,2021-07-28 06:30:00,122.0,120.94877777777778,121.45788888888887,117.57727272727273
19801,2021-07-28 06:30:00,2021-07-28 06:45:00,122.0,116.95427777777778,118.54827777777777,117.18636363636364
19802,2021-07-28 06:45:00,2021-07-28 07:00:00,127.0,115.89205555555556,115.84744444444443,116.57727272727273
19803,2021-07-28 07:00:00,2021-07-28 07:15:00,132.0,122.03455555555556,118.11977777777776,117.51818181818182
19804,2021-07-28 07:15:00,2021-07-28 07:30:00,144.0,141.83488888888888,144.81288888888884,125.13636363636364
19805,2021-07-28 07:30:00,2021-07-28 07:45:00,174.0,157.08383333333344,155.7302777777778,153.8590909090909
19806,2021-07-28 07:45:00,2021-07-28 08:00:00,174.0,171.50566666666674,170.62922222222224,170.29090909090908
19807,2021-07-28 08:00:00,2021-07-28 08:15:00,187.0,167.91100000000003,167.72955555555555,174.63636363636363
19808,2021-07-28 08:15:00,2021-07-28 08:30:00,200.0,187.56699999999998,188.4741111111111,190.61363636363637
19809,2021-07-28 08:30:00,2021-07-28 08:45:00,200.0,191.95544444444434,190.01255555555554,192.1909090909091
19810,2021-07-28 08:45:00,2021-07-28 09:00:00,204.0,188.80316666666644,189.49716666666666,190.59545454545454
19811,2021-07-28 09:00:00,2021-07-28 09:15:00,192.0,175.6231666666667,173.12872222222222,185.75454545454545
19812,2021-07-28 09:15:00,2021-07-28 09:30:00,198.0,183.78488888888884,182.74866666666662,187.8318181818182
19813,2021-07-28 09:30:00,2021-07-28 09:45:00,199.0,181.63538888888883,183.50672222222218,185.0909090909091
19814,2021-07-28 09:45:00,2021-07-28 10:00:00,204.0,185.1520555555554,185.9545555555555,188.3590909090909
19815,2021-07-28 10:00:00,2021-07-28 10:15:00,160.0,152.5538333333333,157.49816666666666,178.26818181818183
19816,2021-07-28 10:15:00,2021-07-28 10:30:00,196.0,182.19405555555554,181.86394444444437,178.7590909090909
19817,2021-07-28 10:30:00,2021-07-28 10:45:00,194.0,189.55338888888872,188.0772777777777,192.8409090909091
19818,2021-07-28 10:45:00,2021-07-28 11:00:00,202.0,183.25972222222217,182.82138888888886,186.86363636363637
19819,2021-07-28 11:00:00,2021-07-28 11:15:00,202.0,176.59344444444443,159.3487777777777,188.08636363636364
19820,2021-07-28 11:15:00,2021-07-28 11:30:00,211.0,184.79083333333327,186.5179444444444,188.61363636363637
19821,2021-07-28 11:30:00,2021-07-28 11:45:00,205.0,188.8147222222221,189.9488888888888,190.70909090909092
19822,2021-07-28 11:45:00,2021-07-28 12:00:00,212.0,189.247111111111,188.03261111111107,191.19545454545454
19823,2021-07-28 12:00:00,2021-07-28 12:15:00,145.0,135.46877777777775,141.82561111111102,155.6818181818182
19824,2021-07-28 12:15:00,2021-07-28 12:30:00,111.0,124.8558888888889,133.13966666666667,128.98181818181817
19825,2021-07-28 12:30:00,2021-07-28 12:45:00,111.0,100.52377777777765,103.64655555555544,107.32727272727273
19826,2021-07-28 12:45:00,2021-07-28 13:00:00,116.0,129.94033333333334,129.1866666666667,124.95
19827,2021-07-28 13:00:00,2021-07-28 13:15:00,178.0,149.04999999999998,143.08127777777779,157.8909090909091
19828,2021-07-28 13:15:00,2021-07-28 13:30:00,200.0,186.9366666666665,187.23627777777767,185.29545454545453
19829,2021-07-28 13:30:00,2021-07-28 13:45:00,200.0,191.50305555555548,192.19744444444441,188.96363636363637
19830,2021-07-28 13:45:00,2021-07-28 14:00:00,199.0,192.46327777777768,192.0622222222222,191.8272727272727
19831,2021-07-28 14:00:00,2021-07-28 14:15:00,190.0,170.34633333333338,166.53794444444443,181.36818181818182
19832,2021-07-28 14:15:00,2021-07-28 14:30:00,196.0,184.9888333333333,185.2953888888889,182.29545454545453
19833,2021-07-28 14:30:00,2021-07-28 14:45:00,203.0,189.31555555555542,188.52399999999992,184.67727272727274
19834,2021-07-28 14:45:00,2021-07-28 15:00:00,196.0,191.5749999999998,190.9447777777777,189.67727272727274
19835,2021-07-28 15:00:00,2021-07-28 15:15:00,135.0,149.12638888888887,146.9952222222221,161.03636363636363
19836,2021-07-28 15:15:00,2021-07-28 15:30:00,143.0,146.46061111111115,135.5472222222222,169.5090909090909
19837,2021-07-28 15:30:00,2021-07-28 15:45:00,187.0,159.35438888888893,159.76438888888896,159.92727272727274
19838,2021-07-28 15:45:00,2021-07-28 16:00:00,180.0,178.21083333333326,179.23950000000002,180.88181818181818
19839,2021-07-28 16:00:00,2021-07-28 16:15:00,181.0,169.18455555555565,165.30916666666675,164.0090909090909
19840,2021-07-28 16:15:00,2021-07-28 16:30:00,177.0,172.05694444444435,174.98911111111113,168.46363636363637
19841,2021-07-28 16:30:00,2021-07-28 16:45:00,171.0,169.5855555555555,171.71977777777775,168.86363636363637
19842,2021-07-28 16:45:00,2021-07-28 17:00:00,165.0,169.04877777777776,170.30377777777773,169.35
19843,2021-07-28 17:00:00,2021-07-28 17:15:00,123.0,129.33588888888892,129.3062222222222,136.9090909090909
19844,2021-07-28 17:15:00,2021-07-28 17:30:00,106.0,107.48238888888888,108.43166666666667,115.10909090909091
19845,2021-07-28 17:30:00,2021-07-28 17:45:00,169.0,145.7628888888889,137.1345,146.79090909090908
19846,2021-07-28 17:45:00,2021-07-28 18:00:00,190.0,174.09311111111126,172.65838888888894,170.2590909090909
19847,2021-07-28 18:00:00,2021-07-28 18:15:00,190.0,174.39416666666688,170.0514444444446,176.98636363636365
19848,2021-07-28 18:15:00,2021-07-28 18:30:00,177.0,183.10188888888874,185.33999999999995,177.75454545454545
19849,2021-07-28 18:30:00,2021-07-28 18:45:00,181.0,170.0468333333332,174.841,168.96818181818182
19850,2021-07-28 18:45:00,2021-07-28 19:00:00,185.0,170.38633333333317,174.30266666666665,166.37272727272727
19851,2021-07-28 19:00:00,2021-07-28 19:15:00,175.0,158.7958888888889,160.30161111111113,168.1818181818182
19852,2021-07-28 19:15:00,2021-07-28 19:30:00,152.0,166.3173333333334,169.4232777777777,167.1727272727273
19853,2021-07-28 19:30:00,2021-07-28 19:45:00,153.0,153.58080158730158,156.62488888888888,156.3318181818182
19854,2021-07-28 19:45:00,2021-07-28 20:00:00,124.0,134.71011111111105,141.13838888888884,143.9090909090909
19855,2021-07-28 20:00:00,2021-07-28 20:15:00,104.0,116.25550000000003,121.6587222222223,119.50454545454545
19856,2021-07-28 20:15:00,2021-07-28 20:30:00,110.0,115.02438888888886,119.42938888888891,116.05909090909091
19857,2021-07-28 20:30:00,2021-07-28 20:45:00,100.0,115.37672222222223,116.09027777777774,116.75454545454545
19858,2021-07-28 20:45:00,2021-07-28 21:00:00,113.0,109.6343888888889,110.19827777777779,110.12727272727273
19859,2021-07-28 21:00:00,2021-07-28 21:15:00,115.0,113.85905555555553,116.76138888888887,111.86363636363636
19860,2021-07-28 21:15:00,2021-07-28 21:30:00,104.0,115.6528333333333,116.9085,115.81363636363636
19861,2021-07-28 21:30:00,2021-07-28 21:45:00,108.0,109.95683333333332,110.75977777777776,109.25
19862,2021-07-28 21:45:00,2021-07-28 22:00:00,111.0,111.10088888888883,111.92111111111109,111.38636363636364
19863,2021-07-28 22:00:00,2021-07-28 22:15:00,95.0,99.87511111111112,101.00238888888886,105.44545454545455
19864,2021-07-28 22:15:00,2021-07-28 22:30:00,107.0,105.72473809523812,103.66338888888897,105.97272727272727
19865,2021-07-28 22:30:00,2021-07-28 22:45:00,101.0,107.04633333333334,107.10216666666666,107.24090909090908
19866,2021-07-28 22:45:00,2021-07-28 23:00:00,109.0,103.86716666666668,102.56166666666667,104.81818181818181
19867,2021-07-28 23:00:00,2021-07-28 23:15:00,116.0,105.32111111111107,103.41355555555556,110.36363636363636
19868,2021-07-28 23:15:00,2021-07-28 23:30:00,111.0,115.47661111111115,116.1708333333333,118.7090909090909
19869,2021-07-28 23:30:00,2021-07-28 23:45:00,103.0,104.04566666666668,104.62305555555551,106.85
19870,2021-07-28 23:45:00,2021-07-29 00:00:00,80.0,79.07138888888886,79.12377777777773,83.85
19871,2021-07-29 00:00:00,2021-07-29 00:15:00,68.0,64.48116666666668,62.019055555555546,68.55454545454545
19872,2021-07-29 00:15:00,2021-07-29 00:30:00,70.0,64.18994444444448,65.04444444444447,70.0909090909091
19873,2021-07-29 00:30:00,2021-07-29 00:45:00,67.0,67.7201111111111,67.77966666666663,72.24090909090908
19874,2021-07-29 00:45:00,2021-07-29 01:00:00,67.0,65.50194444444449,65.834,71.47727272727273
19875,2021-07-29 01:00:00,2021-07-29 01:15:00,98.0,95.13444444444445,95.18466666666664,95.62272727272727
19876,2021-07-29 01:15:00,2021-07-29 01:30:00,118.0,107.45222222222226,106.59544444444445,109.56363636363636
19877,2021-07-29 01:30:00,2021-07-29 01:45:00,116.0,116.37655555555561,116.31633333333332,117.91363636363636
19878,2021-07-29 01:45:00,2021-07-29 02:00:00,109.0,114.66155555555558,115.54066666666665,115.31363636363636
19879,2021-07-29 02:00:00,2021-07-29 02:15:00,103.0,109.99374603174603,108.44800000000001,108.89090909090909
19880,2021-07-29 02:15:00,2021-07-29 02:30:00,118.0,105.69311111111108,105.05400000000002,109.24090909090908
19881,2021-07-29 02:30:00,2021-07-29 02:45:00,115.0,115.56194444444445,117.74116666666666,116.57272727272728
19882,2021-07-29 02:45:00,2021-07-29 03:00:00,106.0,111.89382539682533,111.45833333333333,111.17727272727272
19883,2021-07-29 03:00:00,2021-07-29 03:15:00,91.0,99.17133333333331,98.06961111111113,97.48636363636363
19884,2021-07-29 03:15:00,2021-07-29 03:30:00,116.0,105.65917460317465,103.8460555555556,105.47272727272727
19885,2021-07-29 03:30:00,2021-07-29 03:45:00,117.0,119.5103888888889,120.4682222222222,119.8409090909091
19886,2021-07-29 03:45:00,2021-07-29 04:00:00,117.0,115.90772222222226,116.2907222222222,117.50909090909092
19887,2021-07-29 04:00:00,2021-07-29 04:15:00,113.0,114.29377777777782,113.17266666666663,116.74090909090908
19888,2021-07-29 04:15:00,2021-07-29 04:30:00,110.0,110.78755555555551,111.13433333333332,111.89090909090909
19889,2021-07-29 04:30:00,2021-07-29 04:45:00,116.0,111.15811111111114,110.84438888888891,112.28636363636363
19890,2021-07-29 04:45:00,2021-07-29 05:00:00,105.0,113.52988888888892,114.74355555555557,114.83181818181818
19891,2021-07-29 05:00:00,2021-07-29 05:15:00,85.0,86.52144444444441,89.4131111111111,86.94090909090909
19892,2021-07-29 05:15:00,2021-07-29 05:30:00,73.0,76.65733333333336,77.78516666666667,77.51818181818182
19893,2021-07-29 05:30:00,2021-07-29 05:45:00,99.0,96.84424603174602,95.21338888888886,93.2909090909091
19894,2021-07-29 05:45:00,2021-07-29 06:00:00,119.0,111.31727777777773,111.85094444444437,110.83636363636364
19895,2021-07-29 06:00:00,2021-07-29 06:15:00,121.0,115.08605555555563,117.7908888888889,112.71818181818182
19896,2021-07-29 06:15:00,2021-07-29 06:30:00,121.0,115.99105555555558,116.73844444444444,118.43636363636364
19897,2021-07-29 06:30:00,2021-07-29 06:45:00,112.0,116.62083333333338,116.69344444444444,120.55909090909091
19898,2021-07-29 06:45:00,2021-07-29 07:00:00,111.0,110.30572222222223,110.21966666666664,111.63181818181818
19899,2021-07-29 07:00:00,2021-07-29 07:15:00,121.0,110.62277777777776,109.65427777777778,114.25
19900,2021-07-29 07:15:00,2021-07-29 07:30:00,133.0,131.08211111111112,134.12516666666662,133.12272727272727
19901,2021-07-29 07:30:00,2021-07-29 07:45:00,149.0,157.96977777777784,155.27322222222227,153.13181818181818
19902,2021-07-29 07:45:00,2021-07-29 08:00:00,159.0,147.65022222222225,150.88427777777773,151.81363636363636
19903,2021-07-29 08:00:00,2021-07-29 08:15:00,175.0,166.73394444444446,171.6361666666667,170.27272727272728
19904,2021-07-29 08:15:00,2021-07-29 08:30:00,189.0,179.12311111111111,176.34094444444443,179.31363636363636
19905,2021-07-29 08:30:00,2021-07-29 08:45:00,201.0,192.03699999999998,190.22872222222222,188.0
19906,2021-07-29 08:45:00,2021-07-29 09:00:00,204.0,190.2804999999998,189.46527777777777,190.30454545454546
19907,2021-07-29 09:00:00,2021-07-29 09:15:00,195.0,181.94572222222226,182.19111111111113,186.5
19908,2021-07-29 09:15:00,2021-07-29 09:30:00,198.0,183.67177777777772,182.63183333333333,187.29545454545453
19909,2021-07-29 09:30:00,2021-07-29 09:45:00,205.0,182.2816666666666,183.55211111111112,185.5818181818182
19910,2021-07-29 09:45:00,2021-07-29 10:00:00,195.0,185.90177777777762,186.6482222222222,188.96818181818182
19911,2021-07-29 10:00:00,2021-07-29 10:15:00,161.0,153.70216666666664,158.0051111111111,166.11818181818182
19912,2021-07-29 10:15:00,2021-07-29 10:30:00,187.0,184.90416666666667,184.2278333333333,178.05
19913,2021-07-29 10:30:00,2021-07-29 10:45:00,196.0,187.55688888888884,186.6724444444445,186.6727272727273
19914,2021-07-29 10:45:00,2021-07-29 11:00:00,203.0,185.50661111111108,183.5856111111111,187.80454545454546
19915,2021-07-29 11:00:00,2021-07-29 11:15:00,207.0,176.6106666666666,159.835611111111,187.7409090909091
19916,2021-07-29 11:15:00,2021-07-29 11:30:00,206.0,186.60555555555547,188.92011111111105,190.1090909090909
19917,2021-07-29 11:30:00,2021-07-29 11:45:00,205.0,186.20944444444436,186.83194444444442,189.82272727272726
19918,2021-07-29 11:45:00,2021-07-29 12:00:00,211.0,187.69983333333323,188.12749999999997,190.34545454545454
19919,2021-07-29 12:00:00,2021-07-29 12:15:00,133.0,134.98183333333333,141.054611111111,137.3272727272727
19920,2021-07-29 12:15:00,2021-07-29 12:30:00,108.0,105.85738888888879,108.12538888888882,105.8409090909091
19921,2021-07-29 12:30:00,2021-07-29 12:45:00,106.0,100.21399999999981,103.53349999999983,101.0
19922,2021-07-29 12:45:00,2021-07-29 13:00:00,101.0,130.8216111111111,130.18283333333335,116.76818181818182
19923,2021-07-29 13:00:00,2021-07-29 13:15:00,170.0,136.19011111111107,131.69716666666665,147.0590909090909
19924,2021-07-29 13:15:00,2021-07-29 13:30:00,196.0,183.76255555555542,185.72055555555548,175.79090909090908
19925,2021-07-29 13:30:00,2021-07-29 13:45:00,206.0,191.42077777777772,191.29427777777778,189.30454545454546
19926,2021-07-29 13:45:00,2021-07-29 14:00:00,195.0,192.53538888888878,193.44122222222228,191.18636363636364
19927,2021-07-29 14:00:00,2021-07-29 14:15:00,170.0,172.86411111111107,170.36677777777774,182.05
19928,2021-07-29 14:15:00,2021-07-29 14:30:00,187.0,178.78861111111104,179.6878888888888,175.4
19929,2021-07-29 14:30:00,2021-07-29 14:45:00,191.0,188.69211111111105,186.75105555555555,186.04545454545453
19930,2021-07-29 14:45:00,2021-07-29 15:00:00,201.0,187.47988888888884,187.4842222222222,185.5
19931,2021-07-29 15:00:00,2021-07-29 15:15:00,143.0,151.8491111111111,148.4308888888888,156.6727272727273
19932,2021-07-29 15:15:00,2021-07-29 15:30:00,147.0,158.28009523809524,155.11283333333336,163.53636363636363
19933,2021-07-29 15:30:00,2021-07-29 15:45:00,186.0,163.9997222222223,164.80294444444448,161.6909090909091
19934,2021-07-29 15:45:00,2021-07-29 16:00:00,178.0,178.9051111111111,180.58088888888886,177.61818181818182
19935,2021-07-29 16:00:00,2021-07-29 16:15:00,164.0,167.49922222222233,164.65938888888897,164.3318181818182
19936,2021-07-29 16:15:00,2021-07-29 16:30:00,158.0,160.41888888888886,162.87638888888893,161.7590909090909
19937,2021-07-29 16:30:00,2021-07-29 16:45:00,169.0,162.37177777777777,163.8313888888889,165.4909090909091
19938,2021-07-29 16:45:00,2021-07-29 17:00:00,172.0,170.50549999999996,170.7021111111111,172.62727272727273
19939,2021-07-29 17:00:00,2021-07-29 17:15:00,117.0,127.41614285714286,128.33577777777774,127.41818181818182
19940,2021-07-29 17:15:00,2021-07-29 17:30:00,106.0,107.62722222222224,107.31155555555559,107.9090909090909
19941,2021-07-29 17:30:00,2021-07-29 17:45:00,142.0,146.6356111111111,142.21033333333338,146.08636363636364
19942,2021-07-29 17:45:00,2021-07-29 18:00:00,152.0,163.0233888888889,162.06477777777775,159.26818181818183
19943,2021-07-29 18:00:00,2021-07-29 18:15:00,165.0,158.12061111111112,157.08388888888888,154.75454545454545
19944,2021-07-29 18:15:00,2021-07-29 18:30:00,171.0,161.58022222222226,161.9398888888889,158.79090909090908
19945,2021-07-29 18:30:00,2021-07-29 18:45:00,180.0,168.434,167.73233333333332,165.97727272727272
19946,2021-07-29 18:45:00,2021-07-29 19:00:00,179.0,168.97372222222216,168.35255555555554,163.9227272727273
19947,2021-07-29 19:00:00,2021-07-29 19:15:00,172.0,164.93833333333328,166.03705555555555,166.82272727272726
19948,2021-07-29 19:15:00,2021-07-29 19:30:00,163.0,162.45683333333344,161.78027777777783,164.43636363636364
19949,2021-07-29 19:30:00,2021-07-29 19:45:00,181.0,160.40272222222228,159.06216666666674,160.41363636363636
19950,2021-07-29 19:45:00,2021-07-29 20:00:00,159.0,154.65188888888878,162.7994444444444,148.9909090909091
19951,2021-07-29 20:00:00,2021-07-29 20:15:00,130.0,140.02869047619052,145.78138888888887,136.87272727272727
19952,2021-07-29 20:15:00,2021-07-29 20:30:00,134.0,133.4603888888889,135.22794444444443,132.76363636363635
19953,2021-07-29 20:30:00,2021-07-29 20:45:00,120.0,139.8896111111111,141.00955555555555,132.1681818181818
19954,2021-07-29 20:45:00,2021-07-29 21:00:00,129.0,122.07594444444449,122.15944444444447,120.59545454545454
19955,2021-07-29 21:00:00,2021-07-29 21:15:00,124.0,125.29055555555557,125.81583333333332,125.05909090909091
19956,2021-07-29 21:15:00,2021-07-29 21:30:00,119.0,126.95988888888891,126.8975,125.31818181818181
19957,2021-07-29 21:30:00,2021-07-29 21:45:00,131.0,123.14733333333335,123.30144444444444,120.17727272727272
19958,2021-07-29 21:45:00,2021-07-29 22:00:00,129.0,125.55861111111112,125.62772222222225,123.25
19959,2021-07-29 22:00:00,2021-07-29 22:15:00,114.0,112.73194444444448,116.71411111111112,107.17272727272727
19960,2021-07-29 22:15:00,2021-07-29 22:30:00,130.0,111.67900000000002,111.04277777777779,113.7909090909091
19961,2021-07-29 22:30:00,2021-07-29 22:45:00,123.0,121.57977777777775,122.40905555555558,123.36818181818182
19962,2021-07-29 22:45:00,2021-07-29 23:00:00,121.0,117.90038888888887,115.50338888888888,119.77727272727273
19963,2021-07-29 23:00:00,2021-07-29 23:15:00,127.0,110.38205555555558,107.71200000000002,112.99545454545455
19964,2021-07-29 23:15:00,2021-07-29 23:30:00,120.0,119.2110555555556,118.05322222222222,115.36818181818182
19965,2021-07-29 23:30:00,2021-07-29 23:45:00,117.0,108.67261111111108,110.99222222222224,113.74090909090908
19966,2021-07-29 23:45:00,2021-07-30 00:00:00,93.0,100.57538888888887,103.66788888888888,104.63636363636364
19967,2021-07-30 00:00:00,2021-07-30 00:15:00,91.0,82.29516666666665,81.64544444444441,80.11363636363636
19968,2021-07-30 00:15:00,2021-07-30 00:30:00,88.0,87.44651587301588,89.38655555555555,83.48636363636363
19969,2021-07-30 00:30:00,2021-07-30 00:45:00,86.0,83.98155555555556,87.81649999999999,77.84545454545454
19970,2021-07-30 00:45:00,2021-07-30 01:00:00,85.0,82.45572222222222,83.60311111111113,71.0
19971,2021-07-30 01:00:00,2021-07-30 01:15:00,110.0,91.35366666666665,92.07711111111112,94.9090909090909
19972,2021-07-30 01:15:00,2021-07-30 01:30:00,123.0,111.83177777777777,112.98816666666666,109.21363636363637
19973,2021-07-30 01:30:00,2021-07-30 01:45:00,130.0,123.47866666666664,123.91388888888893,120.79545454545455
19974,2021-07-30 01:45:00,2021-07-30 02:00:00,122.0,120.65877777777773,124.62538888888889,118.16363636363636
19975,2021-07-30 02:00:00,2021-07-30 02:15:00,119.0,118.30883333333331,121.37366666666664,113.62727272727273
19976,2021-07-30 02:15:00,2021-07-30 02:30:00,113.0,114.70394444444447,118.10233333333332,114.46363636363637
19977,2021-07-30 02:30:00,2021-07-30 02:45:00,115.0,109.56588888888892,111.51355555555556,110.75909090909092
19978,2021-07-30 02:45:00,2021-07-30 03:00:00,130.0,110.79799999999996,112.14916666666667,110.2909090909091
19979,2021-07-30 03:00:00,2021-07-30 03:15:00,109.0,115.78277777777774,126.4627222222222,109.53181818181818
19980,2021-07-30 03:15:00,2021-07-30 03:30:00,124.0,110.28383333333336,107.97238888888891,109.18181818181819
19981,2021-07-30 03:30:00,2021-07-30 03:45:00,128.0,121.85344444444446,123.91444444444443,120.42727272727272
19982,2021-07-30 03:45:00,2021-07-30 04:00:00,127.0,121.84605555555552,122.48722222222221,119.63181818181818
19983,2021-07-30 04:00:00,2021-07-30 04:15:00,119.0,114.16377777777775,114.6907777777778,113.84545454545454
19984,2021-07-30 04:15:00,2021-07-30 04:30:00,123.0,115.18222222222224,116.78261111111107,112.77727272727273
19985,2021-07-30 04:30:00,2021-07-30 04:45:00,116.0,118.7422222222222,121.65194444444445,116.47272727272727
19986,2021-07-30 04:45:00,2021-07-30 05:00:00,118.0,112.94349999999999,112.75349999999999,109.25
19987,2021-07-30 05:00:00,2021-07-30 05:15:00,97.0,107.11633333333334,112.59916666666666,101.9090909090909
19988,2021-07-30 05:15:00,2021-07-30 05:30:00,91.0,91.74144444444445,97.18344444444443,85.3409090909091
19989,2021-07-30 05:30:00,2021-07-30 05:45:00,113.0,104.31749999999998,101.56794444444445,99.68636363636364
19990,2021-07-30 05:45:00,2021-07-30 06:00:00,119.0,113.59522222222218,113.18666666666664,112.0
19991,2021-07-30 06:00:00,2021-07-30 06:15:00,123.0,119.57055555555553,119.37616666666666,119.15
19992,2021-07-30 06:15:00,2021-07-30 06:30:00,122.0,121.0966111111111,121.50061111111111,120.73181818181818
19993,2021-07-30 06:30:00,2021-07-30 06:45:00,122.0,116.93972222222224,119.16594444444439,115.32727272727273
19994,2021-07-30 06:45:00,2021-07-30 07:00:00,127.0,115.46594444444446,116.14811111111112,114.23181818181818
19995,2021-07-30 07:00:00,2021-07-30 07:15:00,132.0,121.75466666666665,118.47911111111112,116.9090909090909
19996,2021-07-30 07:15:00,2021-07-30 07:30:00,144.0,141.55372222222223,144.87861111111107,126.39090909090909
19997,2021-07-30 07:30:00,2021-07-30 07:45:00,174.0,156.61488888888894,155.79211111111113,152.7
19998,2021-07-30 07:45:00,2021-07-30 08:00:00,174.0,171.40622222222225,170.85505555555557,167.4409090909091
19999,2021-07-30 08:00:00,2021-07-30 08:15:00,187.0,168.01705555555557,167.87616666666665,173.11363636363637
20000,2021-07-30 08:15:00,2021-07-30 08:30:00,200.0,188.0871111111111,188.96811111111109,190.88181818181818
20001,2021-07-30 08:30:00,2021-07-30 08:45:00,200.0,192.38133333333323,190.2182222222222,192.46818181818182
20002,2021-07-30 08:45:00,2021-07-30 09:00:00,204.0,188.85538888888863,189.40183333333334,189.28636363636363
20003,2021-07-30 09:00:00,2021-07-30 09:15:00,192.0,175.24216666666663,172.90216666666666,185.88636363636363
20004,2021-07-30 09:15:00,2021-07-30 09:30:00,198.0,183.7604444444444,182.85383333333328,188.6409090909091
20005,2021-07-30 09:30:00,2021-07-30 09:45:00,199.0,181.68872222222217,183.46488888888888,184.8318181818182
20006,2021-07-30 09:45:00,2021-07-30 10:00:00,204.0,185.11372222222207,185.83588888888883,187.36818181818182
20007,2021-07-30 10:00:00,2021-07-30 10:15:00,160.0,152.5257777777777,157.49816666666666,180.12272727272727
20008,2021-07-30 10:15:00,2021-07-30 10:30:00,196.0,181.97661111111108,181.49194444444439,178.4090909090909
20009,2021-07-30 10:30:00,2021-07-30 10:45:00,194.0,189.62616666666648,188.0660555555555,193.19545454545454
20010,2021-07-30 10:45:00,2021-07-30 11:00:00,202.0,183.11294444444445,182.76938888888887,186.9
20011,2021-07-30 11:00:00,2021-07-30 11:15:00,202.0,176.5473333333333,159.73411111111108,188.0
20012,2021-07-30 11:15:00,2021-07-30 11:30:00,211.0,184.8455555555555,186.45761111111105,188.1909090909091
20013,2021-07-30 11:30:00,2021-07-30 11:45:00,205.0,188.8247222222221,190.0638888888888,190.5090909090909
20014,2021-07-30 11:45:00,2021-07-30 12:00:00,212.0,189.247111111111,188.0859444444444,190.38636363636363
20015,2021-07-30 12:00:00,2021-07-30 12:15:00,145.0,135.33711111111108,142.090111111111,134.66363636363636
20016,2021-07-30 12:15:00,2021-07-30 12:30:00,111.0,124.8695,133.69300000000004,120.15
20017,2021-07-30 12:30:00,2021-07-30 12:45:00,111.0,100.43083333333323,103.96999999999987,102.16818181818182
20018,2021-07-30 12:45:00,2021-07-30 13:00:00,116.0,129.90572222222224,129.17166666666668,118.25
20019,2021-07-30 13:00:00,2021-07-30 13:15:00,178.0,148.63894444444443,142.9553888888889,158.11363636363637
20020,2021-07-30 13:15:00,2021-07-30 13:30:00,200.0,187.00566666666649,187.08027777777767,185.4318181818182
20021,2021-07-30 13:30:00,2021-07-30 13:45:00,200.0,191.45261111111103,192.17911111111107,188.7409090909091
20022,2021-07-30 13:45:00,2021-07-30 14:00:00,199.0,192.29138888888878,192.0622222222222,191.06363636363636
20023,2021-07-30 14:00:00,2021-07-30 14:15:00,190.0,170.26411111111116,166.3576111111111,180.8590909090909
20024,2021-07-30 14:15:00,2021-07-30 14:30:00,196.0,185.07799999999995,185.2977222222222,181.37272727272727
20025,2021-07-30 14:30:00,2021-07-30 14:45:00,203.0,189.2366666666665,188.51033333333325,184.57272727272726
20026,2021-07-30 14:45:00,2021-07-30 15:00:00,196.0,191.4998888888887,190.93777777777768,189.51363636363635
20027,2021-07-30 15:00:00,2021-07-30 15:15:00,135.0,149.03338888888888,147.1173333333332,158.8409090909091
20028,2021-07-30 15:15:00,2021-07-30 15:30:00,143.0,146.67972222222227,135.06577777777775,167.1818181818182
20029,2021-07-30 15:30:00,2021-07-30 15:45:00,187.0,159.5143888888889,159.7810555555556,160.95
20030,2021-07-30 15:45:00,2021-07-30 16:00:00,180.0,178.28588888888885,179.59922222222224,179.83636363636364
20031,2021-07-30 16:00:00,2021-07-30 16:15:00,181.0,169.09044444444453,165.20161111111122,163.87727272727273
20032,2021-07-30 16:15:00,2021-07-30 16:30:00,177.0,172.51155555555545,174.78294444444447,167.90454545454546
20033,2021-07-30 16:30:00,2021-07-30 16:45:00,171.0,169.54988888888883,171.52349999999996,169.61363636363637
20034,2021-07-30 16:45:00,2021-07-30 17:00:00,165.0,169.03277777777777,170.22599999999997,168.3409090909091
20035,2021-07-30 17:00:00,2021-07-30 17:15:00,123.0,129.45822222222225,129.52166666666665,129.83636363636364
20036,2021-07-30 17:15:00,2021-07-30 17:30:00,106.0,106.89311111111111,107.2915,111.81363636363636
20037,2021-07-30 17:30:00,2021-07-30 17:45:00,169.0,145.93438888888895,137.26283333333336,149.23181818181817
20038,2021-07-30 17:45:00,2021-07-30 18:00:00,190.0,174.01116666666678,172.60094444444445,171.54090909090908
20039,2021-07-30 18:00:00,2021-07-30 18:15:00,190.0,174.34577777777798,170.52461111111123,177.04090909090908
20040,2021-07-30 18:15:00,2021-07-30 18:30:00,177.0,183.31699999999984,185.47666666666663,178.87727272727273
20041,2021-07-30 18:30:00,2021-07-30 18:45:00,181.0,169.99294444444433,174.84766666666667,167.30454545454546
20042,2021-07-30 18:45:00,2021-07-30 19:00:00,185.0,170.4203333333332,174.28933333333333,165.78636363636363
20043,2021-07-30 19:00:00,2021-07-30 19:15:00,175.0,159.06077777777776,160.3597777777778,168.61818181818182
20044,2021-07-30 19:15:00,2021-07-30 19:30:00,152.0,166.35444444444454,169.38088888888882,167.87272727272727
20045,2021-07-30 19:30:00,2021-07-30 19:45:00,153.0,153.92019047619047,156.73383333333334,153.25
20046,2021-07-30 19:45:00,2021-07-30 20:00:00,124.0,134.8479999999999,141.1208888888888,142.4
20047,2021-07-30 20:00:00,2021-07-30 20:15:00,104.0,116.08644444444447,120.95605555555565,111.62727272727273
20048,2021-07-30 20:15:00,2021-07-30 20:30:00,110.0,115.09494444444444,119.29194444444448,113.30909090909091
20049,2021-07-30 20:30:00,2021-07-30 20:45:00,100.0,115.31594444444447,116.07005555555551,113.41363636363636
20050,2021-07-30 20:45:00,2021-07-30 21:00:00,113.0,109.86111111111114,111.02155555555555,106.92727272727272
20051,2021-07-30 21:00:00,2021-07-30 21:15:00,115.0,113.92722222222218,116.65888888888888,108.91363636363636
20052,2021-07-30 21:15:00,2021-07-30 21:30:00,104.0,115.78138888888888,117.29033333333335,113.53181818181818
20053,2021-07-30 21:30:00,2021-07-30 21:45:00,108.0,109.85866666666666,110.6723333333333,107.52727272727273
20054,2021-07-30 21:45:00,2021-07-30 22:00:00,111.0,111.31188888888879,112.0603333333333,111.85454545454546
20055,2021-07-30 22:00:00,2021-07-30 22:15:00,95.0,99.525,100.99677777777772,101.8
20056,2021-07-30 22:15:00,2021-07-30 22:30:00,107.0,105.81234920634925,103.81083333333343,106.78181818181818
20057,2021-07-30 22:30:00,2021-07-30 22:45:00,101.0,107.40088888888887,107.22949999999999,106.35909090909091
20058,2021-07-30 22:45:00,2021-07-30 23:00:00,109.0,103.8955,102.33794444444445,105.00454545454545
20059,2021-07-30 23:00:00,2021-07-30 23:15:00,116.0,105.27544444444442,102.71172222222225,107.99090909090908
20060,2021-07-30 23:15:00,2021-07-30 23:30:00,111.0,115.56527777777781,115.83699999999997,117.6
20061,2021-07-30 23:30:00,2021-07-30 23:45:00,103.0,103.89188888888891,104.6153333333333,107.33181818181818
20062,2021-07-30 23:45:00,2021-07-31 00:00:00,80.0,78.89855555555555,78.8478333333333,86.0409090909091
20063,2021-07-31 00:00:00,2021-07-31 00:15:00,21.0,63.43694444444443,61.26883333333331,68.35454545454546
20064,2021-07-31 00:15:00,2021-07-31 00:30:00,21.0,22.26272222222221,22.08883333333333,21.654545454545456
20065,2021-07-31 00:30:00,2021-07-31 00:45:00,24.0,23.03011111111109,23.240611111111107,21.786363636363635
20066,2021-07-31 00:45:00,2021-07-31 01:00:00,24.0,24.849499999999995,24.554333333333336,26.322727272727274
20067,2021-07-31 01:00:00,2021-07-31 01:15:00,21.0,24.778111111111112,23.971277777777768,26.995454545454546
20068,2021-07-31 01:15:00,2021-07-31 01:30:00,21.0,21.39549999999999,21.15388888888889,21.60909090909091
20069,2021-07-31 01:30:00,2021-07-31 01:45:00,21.0,21.237944444444448,21.203444444444447,21.89090909090909
20070,2021-07-31 01:45:00,2021-07-31 02:00:00,21.0,21.623023809523808,21.622500000000006,21.904545454545456
20071,2021-07-31 02:00:00,2021-07-31 02:15:00,21.0,21.437111111111104,21.20733333333334,21.772727272727273
20072,2021-07-31 02:15:00,2021-07-31 02:30:00,21.0,21.37311111111111,21.23094444444445,21.863636363636363
20073,2021-07-31 02:30:00,2021-07-31 02:45:00,21.0,21.52188888888889,21.401,22.777272727272727
20074,2021-07-31 02:45:00,2021-07-31 03:00:00,21.0,21.481888888888882,21.23127777777778,22.12727272727273
20075,2021-07-31 03:00:00,2021-07-31 03:15:00,21.0,21.795492063492066,21.219777777777782,22.40909090909091
20076,2021-07-31 03:15:00,2021-07-31 03:30:00,20.0,22.261055555555544,22.315,22.163636363636364
20077,2021-07-31 03:30:00,2021-07-31 03:45:00,21.0,20.81599999999999,20.681222222222214,20.818181818181817
20078,2021-07-31 03:45:00,2021-07-31 04:00:00,21.0,21.870333333333324,22.03422222222222,22.345454545454544
20079,2021-07-31 04:00:00,2021-07-31 04:15:00,26.0,22.07455555555556,21.85977777777779,22.713636363636365
20080,2021-07-31 04:15:00,2021-07-31 04:30:00,24.0,27.53079365079365,27.60705555555555,33.45454545454545
20081,2021-07-31 04:30:00,2021-07-31 04:45:00,21.0,21.394999999999996,21.171833333333336,26.986363636363638
20082,2021-07-31 04:45:00,2021-07-31 05:00:00,21.0,21.26322222222221,21.1335,21.945454545454545
20083,2021-07-31 05:00:00,2021-07-31 05:15:00,21.0,21.171722222222222,21.103333333333335,21.65909090909091
20084,2021-07-31 05:15:00,2021-07-31 05:30:00,20.0,21.994444444444447,22.60500000000001,21.881818181818183
20085,2021-07-31 05:30:00,2021-07-31 05:45:00,20.0,20.325555555555553,20.3355,20.954545454545453
20086,2021-07-31 05:45:00,2021-07-31 06:00:00,19.0,20.44411111111112,20.47083333333333,21.131818181818183
20087,2021-07-31 06:00:00,2021-07-31 06:15:00,20.0,19.828722222222236,19.73477777777778,20.113636363636363
20088,2021-07-31 06:15:00,2021-07-31 06:30:00,21.0,20.619499999999988,20.45505555555555,22.20909090909091
20089,2021-07-31 06:30:00,2021-07-31 06:45:00,20.0,21.624888888888897,21.731166666666663,23.613636363636363
20090,2021-07-31 06:45:00,2021-07-31 07:00:00,21.0,20.682666666666677,20.526999999999994,20.886363636363637
20091,2021-07-31 07:00:00,2021-07-31 07:15:00,20.0,21.73083333333333,21.78888888888889,23.509090909090908
20092,2021-07-31 07:15:00,2021-07-31 07:30:00,20.0,20.66572222222224,20.679666666666677,20.845454545454544
20093,2021-07-31 07:30:00,2021-07-31 07:45:00,23.0,21.39983333333333,21.509388888888875,20.85909090909091
20094,2021-07-31 07:45:00,2021-07-31 08:00:00,23.0,25.257111111111104,24.956055555555555,27.204545454545453
20095,2021-07-31 08:00:00,2021-07-31 08:15:00,20.0,23.91688888888888,23.66466666666667,24.75
20096,2021-07-31 08:15:00,2021-07-31 08:30:00,20.0,20.353833333333334,20.409777777777784,20.44090909090909
20097,2021-07-31 08:30:00,2021-07-31 08:45:00,21.0,20.432333333333325,20.44994444444444,20.404545454545456
20098,2021-07-31 08:45:00,2021-07-31 09:00:00,21.0,21.459555555555546,21.328444444444436,21.172727272727272
20099,2021-07-31 09:00:00,2021-07-31 09:15:00,21.0,21.154222222222213,21.0615,21.954545454545453
20100,2021-07-31 09:15:00,2021-07-31 09:30:00,21.0,22.32394444444445,22.364777777777775,21.95909090909091
20101,2021-07-31 09:30:00,2021-07-31 09:45:00,21.0,22.083499999999997,21.949444444444453,21.28181818181818
20102,2021-07-31 09:45:00,2021-07-31 10:00:00,20.0,21.06461111111112,21.118888888888897,21.331818181818182
20103,2021-07-31 10:00:00,2021-07-31 10:15:00,21.0,20.680444444444454,20.601277777777778,20.595454545454544
20104,2021-07-31 10:15:00,2021-07-31 10:30:00,21.0,21.55144444444443,21.938166666666657,21.354545454545455
20105,2021-07-31 10:30:00,2021-07-31 10:45:00,21.0,22.17472222222222,21.941444444444443,22.095454545454544
20106,2021-07-31 10:45:00,2021-07-31 11:00:00,23.0,21.63833333333334,21.77849999999999,21.863636363636363
20107,2021-07-31 11:00:00,2021-07-31 11:15:00,26.0,25.47405555555557,25.25583333333334,24.95
20108,2021-07-31 11:15:00,2021-07-31 11:30:00,25.0,24.589666666666666,24.336444444444442,24.990909090909092
20109,2021-07-31 11:30:00,2021-07-31 11:45:00,21.0,21.428722222222216,21.811,24.05
20110,2021-07-31 11:45:00,2021-07-31 12:00:00,21.0,21.171666666666663,21.104555555555557,21.413636363636364
20111,2021-07-31 12:00:00,2021-07-31 12:15:00,21.0,21.13394444444444,21.108055555555556,21.363636363636363
20112,2021-07-31 12:15:00,2021-07-31 12:30:00,21.0,21.163000000000007,21.281444444444453,21.21818181818182
20113,2021-07-31 12:30:00,2021-07-31 12:45:00,21.0,21.0845,21.067388888888896,21.172727272727272
20114,2021-07-31 12:45:00,2021-07-31 13:00:00,21.0,21.082833333333333,20.98061111111112,21.286363636363635
20115,2021-07-31 13:00:00,2021-07-31 13:15:00,21.0,21.082444444444455,21.024111111111118,21.15909090909091
20116,2021-07-31 13:15:00,2021-07-31 13:30:00,21.0,20.936388888888903,20.93700000000001,21.12727272727273
20117,2021-07-31 13:30:00,2021-07-31 13:45:00,21.0,21.0848888888889,21.08383333333334,21.177272727272726
20118,2021-07-31 13:45:00,2021-07-31 14:00:00,21.0,21.168000000000003,21.264388888888888,21.286363636363635
20119,2021-07-31 14:00:00,2021-07-31 14:15:00,21.0,22.915214285714285,22.548555555555563,21.081818181818182
20120,2021-07-31 14:15:00,2021-07-31 14:30:00,21.0,22.395357142857144,22.859388888888883,21.286363636363635
20121,2021-07-31 14:30:00,2021-07-31 14:45:00,22.0,21.48280158730158,21.56905555555555,21.168181818181818
20122,2021-07-31 14:45:00,2021-07-31 15:00:00,25.0,25.469277777777798,25.417111111111122,24.736363636363638
20123,2021-07-31 15:00:00,2021-07-31 15:15:00,21.0,24.98005555555558,25.14244444444445,25.53181818181818
20124,2021-07-31 15:15:00,2021-07-31 15:30:00,23.0,20.957277777777772,20.91016666666666,21.195454545454545
20125,2021-07-31 15:30:00,2021-07-31 15:45:00,21.0,24.81342857142857,25.03383333333334,24.795454545454547
20126,2021-07-31 15:45:00,2021-07-31 16:00:00,21.0,21.09638888888889,21.078388888888888,21.368181818181817
20127,2021-07-31 16:00:00,2021-07-31 16:15:00,20.0,21.32455555555555,21.118888888888893,21.40909090909091
20128,2021-07-31 16:15:00,2021-07-31 16:30:00,21.0,20.459626984126995,20.50483333333334,20.495454545454546
20129,2021-07-31 16:30:00,2021-07-31 16:45:00,21.0,20.774111111111104,20.66161111111111,21.545454545454547
20130,2021-07-31 16:45:00,2021-07-31 17:00:00,21.0,20.924222222222223,20.77555555555556,21.94090909090909
20131,2021-07-31 17:00:00,2021-07-31 17:15:00,21.0,21.221444444444447,20.945555555555554,22.29090909090909
20132,2021-07-31 17:15:00,2021-07-31 17:30:00,21.0,22.428222222222228,22.344722222222227,21.545454545454547
20133,2021-07-31 17:30:00,2021-07-31 17:45:00,21.0,21.19250000000001,21.088888888888896,21.2
20134,2021-07-31 17:45:00,2021-07-31 18:00:00,21.0,21.32127777777778,21.26383333333333,21.62727272727273
20135,2021-07-31 18:00:00,2021-07-31 18:15:00,23.0,22.07452380952381,22.18311111111111,21.613636363636363
20136,2021-07-31 18:15:00,2021-07-31 18:30:00,28.0,25.424444444444447,25.386888888888897,24.977272727272727
20137,2021-07-31 18:30:00,2021-07-31 18:45:00,21.0,26.73276190476189,28.226277777777785,26.53181818181818
20138,2021-07-31 18:45:00,2021-07-31 19:00:00,21.0,21.27933333333334,21.17344444444444,22.327272727272728
20139,2021-07-31 19:00:00,2021-07-31 19:15:00,20.0,21.323222222222228,21.288277777777783,21.945454545454545
20140,2021-07-31 19:15:00,2021-07-31 19:30:00,20.0,20.22418253968254,20.301222222222233,20.29090909090909
20141,2021-07-31 19:30:00,2021-07-31 19:45:00,21.0,20.328388888888906,20.298000000000005,20.131818181818183
20142,2021-07-31 19:45:00,2021-07-31 20:00:00,21.0,21.088722222222223,20.971333333333334,21.477272727272727
20143,2021-07-31 20:00:00,2021-07-31 20:15:00,21.0,20.669388888888886,20.729277777777778,20.845454545454544
20144,2021-07-31 20:15:00,2021-07-31 20:30:00,20.0,21.165388888888895,21.185944444444445,22.03181818181818
20145,2021-07-31 20:30:00,2021-07-31 20:45:00,20.0,20.413499999999996,20.399555555555555,20.48181818181818
20146,2021-07-31 20:45:00,2021-07-31 21:00:00,21.0,20.954166666666662,21.061111111111103,20.577272727272728
20147,2021-07-31 21:00:00,2021-07-31 21:15:00,21.0,21.400761904761907,21.246944444444456,22.086363636363636
20148,2021-07-31 21:15:00,2021-07-31 21:30:00,21.0,22.819555555555556,22.883444444444446,21.636363636363637
20149,2021-07-31 21:30:00,2021-07-31 21:45:00,24.0,22.939777777777767,23.09944444444443,22.21818181818182
20150,2021-07-31 21:45:00,2021-07-31 22:00:00,25.0,25.80027777777778,25.751166666666677,25.490909090909092
20151,2021-07-31 22:00:00,2021-07-31 22:15:00,21.0,22.65566666666666,23.04766666666668,23.20909090909091
20152,2021-07-31 22:15:00,2021-07-31 22:30:00,21.0,21.018444444444444,20.966333333333328,21.172727272727272
20153,2021-07-31 22:30:00,2021-07-31 22:45:00,21.0,21.169166666666666,21.076222222222228,21.286363636363635
20154,2021-07-31 22:45:00,2021-07-31 23:00:00,21.0,21.12883333333334,21.05583333333334,21.25
20155,2021-07-31 23:00:00,2021-07-31 23:15:00,21.0,20.87205555555555,20.70422222222223,21.30909090909091
20156,2021-07-31 23:15:00,2021-07-31 23:30:00,21.0,21.20133333333332,21.064611111111116,22.395454545454545
20157,2021-07-31 23:30:00,2021-07-31 23:45:00,21.0,21.08177777777777,20.90777777777779,21.418181818181818
20158,2021-07-31 23:45:00,2021-08-01 00:00:00,21.0,21.246166666666667,21.21111111111112,21.527272727272727
20159,2021-08-01 00:00:00,2021-08-01 00:15:00,21.0,21.62449999999999,21.633166666666668,21.681818181818183
20160,2021-08-01 00:15:00,2021-08-01 00:30:00,21.0,21.54094444444445,21.77516666666667,21.786363636363635
20161,2021-08-01 00:30:00,2021-08-01 00:45:00,21.0,21.609722222222217,21.60094444444444,21.277272727272727
20162,2021-08-01 00:45:00,2021-08-01 01:00:00,21.0,21.83238888888888,21.714166666666664,21.831818181818182
20163,2021-08-01 01:00:00,2021-08-01 01:15:00,25.0,22.152222222222225,22.700499999999998,21.363636363636363
20164,2021-08-01 01:15:00,2021-08-01 01:30:00,26.0,25.287936507936518,25.43994444444445,25.086363636363636
20165,2021-08-01 01:30:00,2021-08-01 01:45:00,20.0,22.145714285714295,22.02516666666667,22.418181818181818
20166,2021-08-01 01:45:00,2021-08-01 02:00:00,21.0,20.583555555555556,20.56055555555556,20.37727272727273
20167,2021-08-01 02:00:00,2021-08-01 02:15:00,21.0,21.071222222222225,21.000999999999994,21.23181818181818
20168,2021-08-01 02:15:00,2021-08-01 02:30:00,21.0,21.178666666666675,21.005000000000003,21.4
20169,2021-08-01 02:30:00,2021-08-01 02:45:00,21.0,21.146444444444448,21.00605555555555,22.027272727272727
20170,2021-08-01 02:45:00,2021-08-01 03:00:00,21.0,21.364944444444447,21.252333333333333,21.686363636363637
20171,2021-08-01 03:00:00,2021-08-01 03:15:00,21.0,21.253222222222234,21.043222222222223,22.081818181818182
20172,2021-08-01 03:15:00,2021-08-01 03:30:00,20.0,21.105777777777778,21.073166666666673,21.5
20173,2021-08-01 03:30:00,2021-08-01 03:45:00,21.0,20.68872222222222,20.645166666666665,20.509090909090908
20174,2021-08-01 03:45:00,2021-08-01 04:00:00,21.0,21.726944444444435,21.638111111111108,21.381818181818183
20175,2021-08-01 04:00:00,2021-08-01 04:15:00,21.0,22.432833333333335,22.371166666666674,21.863636363636363
20176,2021-08-01 04:15:00,2021-08-01 04:30:00,21.0,22.140111111111114,21.95955555555556,21.795454545454547
20177,2021-08-01 04:30:00,2021-08-01 04:45:00,20.0,21.976166666666657,22.27794444444444,21.431818181818183
20178,2021-08-01 04:45:00,2021-08-01 05:00:00,25.0,21.16133333333333,21.515333333333327,20.581818181818182
20179,2021-08-01 05:00:00,2021-08-01 05:15:00,24.0,26.016722222222253,26.137722222222227,25.19090909090909
20180,2021-08-01 05:15:00,2021-08-01 05:30:00,21.0,21.602277777777775,21.48261111111112,22.3
20181,2021-08-01 05:30:00,2021-08-01 05:45:00,21.0,20.94266666666666,20.689222222222224,21.46818181818182
20182,2021-08-01 05:45:00,2021-08-01 06:00:00,21.0,21.00294444444444,20.815222222222225,21.554545454545455
20183,2021-08-01 06:00:00,2021-08-01 06:15:00,20.0,21.189277777777793,20.894444444444453,21.568181818181817
20184,2021-08-01 06:15:00,2021-08-01 06:30:00,20.0,20.517000000000007,20.404833333333332,20.477272727272727
20185,2021-08-01 06:30:00,2021-08-01 06:45:00,21.0,20.724444444444437,20.767277777777778,20.472727272727273
20186,2021-08-01 06:45:00,2021-08-01 07:00:00,20.0,21.307333333333347,20.97161111111112,21.472727272727273
20187,2021-08-01 07:00:00,2021-08-01 07:15:00,20.0,20.425388888888886,20.471944444444457,20.28181818181818
20188,2021-08-01 07:15:00,2021-08-01 07:30:00,20.0,20.57738888888888,20.465222222222224,20.28181818181818
20189,2021-08-01 07:30:00,2021-08-01 07:45:00,20.0,21.031999999999996,20.706722222222222,20.463636363636365
20190,2021-08-01 07:45:00,2021-08-01 08:00:00,21.0,21.157499999999995,21.22383333333333,20.363636363636363
20191,2021-08-01 08:00:00,2021-08-01 08:15:00,21.0,21.18644444444443,21.036277777777773,22.036363636363635
20192,2021-08-01 08:15:00,2021-08-01 08:30:00,20.0,23.302277777777768,23.748388888888883,22.745454545454546
20193,2021-08-01 08:30:00,2021-08-01 08:45:00,22.0,21.30227777777777,21.254222222222218,20.677272727272726
20194,2021-08-01 08:45:00,2021-08-01 09:00:00,28.0,25.592000000000006,26.011999999999997,24.363636363636363
20195,2021-08-01 09:00:00,2021-08-01 09:15:00,24.0,31.52028571428574,31.47105555555557,27.645454545454545
20196,2021-08-01 09:15:00,2021-08-01 09:30:00,21.0,21.95377777777777,21.71366666666666,23.454545454545453
20197,2021-08-01 09:30:00,2021-08-01 09:45:00,21.0,21.21927777777777,21.212888888888884,21.35
20198,2021-08-01 09:45:00,2021-08-01 10:00:00,21.0,21.247222222222216,21.264722222222222,21.395454545454545
20199,2021-08-01 10:00:00,2021-08-01 10:15:00,21.0,21.129801587301586,21.097111111111115,21.2
20200,2021-08-01 10:15:00,2021-08-01 10:30:00,21.0,21.097611111111103,21.137833333333333,21.30909090909091
20201,2021-08-01 10:30:00,2021-08-01 10:45:00,20.0,21.18122222222222,21.03516666666667,21.663636363636364
20202,2021-08-01 10:45:00,2021-08-01 11:00:00,21.0,20.69055555555556,20.641777777777772,20.78181818181818
20203,2021-08-01 11:00:00,2021-08-01 11:15:00,21.0,20.772499999999994,20.674999999999997,21.15909090909091
20204,2021-08-01 11:15:00,2021-08-01 11:30:00,21.0,20.86438888888888,20.765722222222212,21.563636363636363
20205,2021-08-01 11:30:00,2021-08-01 11:45:00,21.0,22.062333333333328,21.84549999999999,21.931818181818183
20206,2021-08-01 11:45:00,2021-08-01 12:00:00,21.0,22.03972222222225,22.549222222222223,21.263636363636362
20207,2021-08-01 12:00:00,2021-08-01 12:15:00,21.0,21.861611111111124,22.69422222222222,21.086363636363636
20208,2021-08-01 12:15:00,2021-08-01 12:30:00,21.0,21.802388888888885,22.13844444444444,21.34090909090909
20209,2021-08-01 12:30:00,2021-08-01 12:45:00,23.0,21.697555555555553,21.622166666666658,21.354545454545455
20210,2021-08-01 12:45:00,2021-08-01 13:00:00,25.0,25.27105555555557,25.283222222222225,24.595454545454544
20211,2021-08-01 13:00:00,2021-08-01 13:15:00,21.0,23.73300000000002,23.477555555555558,24.186363636363637
20212,2021-08-01 13:15:00,2021-08-01 13:30:00,21.0,20.794499999999992,20.641888888888875,21.20909090909091
20213,2021-08-01 13:30:00,2021-08-01 13:45:00,21.0,20.908944444444437,20.868722222222228,21.26818181818182
20214,2021-08-01 13:45:00,2021-08-01 14:00:00,21.0,20.851388888888884,20.760722222222217,21.186363636363637
20215,2021-08-01 14:00:00,2021-08-01 14:15:00,21.0,20.897333333333336,20.818611111111125,21.522727272727273
20216,2021-08-01 14:15:00,2021-08-01 14:30:00,21.0,20.845833333333324,20.731555555555556,21.445454545454545
20217,2021-08-01 14:30:00,2021-08-01 14:45:00,21.0,20.934277777777776,20.862777777777794,21.28181818181818
20218,2021-08-01 14:45:00,2021-08-01 15:00:00,21.0,21.028388888888884,20.994333333333344,21.554545454545455
20219,2021-08-01 15:00:00,2021-08-01 15:15:00,21.0,21.618666666666662,21.46861111111111,21.54090909090909
20220,2021-08-01 15:15:00,2021-08-01 15:30:00,21.0,22.3571111111111,22.322222222222216,21.572727272727274
20221,2021-08-01 15:30:00,2021-08-01 15:45:00,21.0,21.424166666666668,21.366333333333333,21.3
20222,2021-08-01 15:45:00,2021-08-01 16:00:00,23.0,21.260777777777776,21.22327777777778,21.672727272727272
20223,2021-08-01 16:00:00,2021-08-01 16:15:00,21.0,25.162246031746044,25.097722222222227,25.12272727272727
20224,2021-08-01 16:15:00,2021-08-01 16:30:00,24.0,22.034888888888872,21.721833333333333,21.763636363636362
20225,2021-08-01 16:30:00,2021-08-01 16:45:00,25.0,25.97161111111111,26.16594444444444,25.536363636363635
20226,2021-08-01 16:45:00,2021-08-01 17:00:00,21.0,22.217055555555554,21.931722222222206,24.513636363636362
20227,2021-08-01 17:00:00,2021-08-01 17:15:00,21.0,20.758833333333325,20.641611111111107,20.986363636363638
20228,2021-08-01 17:15:00,2021-08-01 17:30:00,20.0,20.809999999999995,20.688055555555547,21.013636363636362
20229,2021-08-01 17:30:00,2021-08-01 17:45:00,20.0,20.59155555555556,20.637166666666666,20.6
20230,2021-08-01 17:45:00,2021-08-01 18:00:00,21.0,20.730555555555558,20.781111111111105,20.681818181818183
20231,2021-08-01 18:00:00,2021-08-01 18:15:00,20.0,20.675166666666662,20.67772222222222,21.177272727272726
20232,2021-08-01 18:15:00,2021-08-01 18:30:00,20.0,20.312444444444445,20.312500000000007,20.581818181818182
20233,2021-08-01 18:30:00,2021-08-01 18:45:00,20.0,20.428666666666672,20.53450000000001,20.21818181818182
20234,2021-08-01 18:45:00,2021-08-01 19:00:00,21.0,20.699944444444462,20.757722222222228,20.677272727272726
20235,2021-08-01 19:00:00,2021-08-01 19:15:00,21.0,20.98862698412698,20.898555555555546,21.172727272727272
20236,2021-08-01 19:15:00,2021-08-01 19:30:00,21.0,22.638722222222228,22.750111111111117,21.363636363636363
20237,2021-08-01 19:30:00,2021-08-01 19:45:00,21.0,23.02127777777778,23.247444444444433,21.75
20238,2021-08-01 19:45:00,2021-08-01 20:00:00,22.0,22.236888888888895,22.67527777777777,21.595454545454544
20239,2021-08-01 20:00:00,2021-08-01 20:15:00,26.0,24.737992063492054,24.593777777777767,23.931818181818183
20240,2021-08-01 20:15:00,2021-08-01 20:30:00,22.0,24.694555555555553,25.049277777777775,24.954545454545453
20241,2021-08-01 20:30:00,2021-08-01 20:45:00,21.0,21.283769841269837,21.308111111111113,21.927272727272726
20242,2021-08-01 20:45:00,2021-08-01 21:00:00,21.0,21.327111111111115,21.414500000000007,21.277272727272727
20243,2021-08-01 21:00:00,2021-08-01 21:15:00,22.0,21.045611111111114,21.006666666666668,21.23181818181818
20244,2021-08-01 21:15:00,2021-08-01 21:30:00,22.0,22.355333333333334,22.090722222222222,23.263636363636362
20245,2021-08-01 21:30:00,2021-08-01 21:45:00,21.0,22.34388888888889,22.44877777777777,23.94090909090909
20246,2021-08-01 21:45:00,2021-08-01 22:00:00,21.0,21.307666666666663,21.203111111111113,21.572727272727274
20247,2021-08-01 22:00:00,2021-08-01 22:15:00,21.0,21.245166666666663,21.203222222222223,22.12727272727273
20248,2021-08-01 22:15:00,2021-08-01 22:30:00,21.0,21.542055555555564,21.897500000000004,21.704545454545453
20249,2021-08-01 22:30:00,2021-08-01 22:45:00,21.0,21.634999999999998,21.936722222222226,21.240909090909092
20250,2021-08-01 22:45:00,2021-08-01 23:00:00,23.0,21.61255555555556,21.601499999999994,21.486363636363638
20251,2021-08-01 23:00:00,2021-08-01 23:15:00,20.0,25.052277777777793,25.93444444444444,24.181818181818183
20252,2021-08-01 23:15:00,2021-08-01 23:30:00,21.0,20.40022222222222,20.420999999999992,20.53181818181818
20253,2021-08-01 23:30:00,2021-08-01 23:45:00,21.0,21.434611111111106,21.729777777777777,22.04090909090909
20254,2021-08-01 23:45:00,2021-08-02 00:00:00,24.0,21.9815,21.726555555555557,21.922727272727272
20255,2021-08-02 00:00:00,2021-08-02 00:15:00,23.0,27.741611111111123,27.36922222222222,25.78181818181818
20256,2021-08-02 00:15:00,2021-08-02 00:30:00,20.0,21.983722222222227,21.566166666666664,23.068181818181817
20257,2021-08-02 00:30:00,2021-08-02 00:45:00,20.0,20.66738888888889,20.613722222222222,20.37272727272727
20258,2021-08-02 00:45:00,2021-08-02 01:00:00,21.0,20.577888888888896,20.59027777777778,20.34090909090909
20259,2021-08-02 01:00:00,2021-08-02 01:15:00,21.0,21.418333333333347,21.523555555555557,21.204545454545453
20260,2021-08-02 01:15:00,2021-08-02 01:30:00,21.0,21.26175396825397,21.917499999999997,20.972727272727273
20261,2021-08-02 01:30:00,2021-08-02 01:45:00,21.0,21.453666666666678,21.394833333333327,22.04090909090909
20262,2021-08-02 01:45:00,2021-08-02 02:00:00,21.0,21.30833333333334,21.404833333333332,21.45
20263,2021-08-02 02:00:00,2021-08-02 02:15:00,21.0,21.224277777777786,21.155277777777776,21.336363636363636
20264,2021-08-02 02:15:00,2021-08-02 02:30:00,21.0,21.12350000000001,21.078499999999995,21.318181818181817
20265,2021-08-02 02:30:00,2021-08-02 02:45:00,21.0,21.70222222222222,21.660166666666665,21.40909090909091
20266,2021-08-02 02:45:00,2021-08-02 03:00:00,21.0,21.59899999999999,21.637944444444443,21.704545454545453
20267,2021-08-02 03:00:00,2021-08-02 03:15:00,22.0,23.018500000000017,22.82944444444445,22.618181818181817
20268,2021-08-02 03:15:00,2021-08-02 03:30:00,26.0,25.539611111111125,26.093333333333334,24.668181818181818
20269,2021-08-02 03:30:00,2021-08-02 03:45:00,23.0,24.71827777777779,24.542388888888876,24.536363636363635
20270,2021-08-02 03:45:00,2021-08-02 04:00:00,21.0,21.24472222222222,21.15733333333333,22.204545454545453
20271,2021-08-02 04:00:00,2021-08-02 04:15:00,21.0,21.313222222222212,21.27372222222222,21.631818181818183
20272,2021-08-02 04:15:00,2021-08-02 04:30:00,21.0,21.175277777777776,21.124111111111112,21.136363636363637
20273,2021-08-02 04:30:00,2021-08-02 04:45:00,21.0,21.833722222222235,21.61566666666667,22.227272727272727
20274,2021-08-02 04:45:00,2021-08-02 05:00:00,21.0,21.179111111111112,21.088111111111107,21.463636363636365
20275,2021-08-02 05:00:00,2021-08-02 05:15:00,21.0,21.12833333333334,21.04538888888889,21.345454545454544
20276,2021-08-02 05:15:00,2021-08-02 05:30:00,21.0,21.13350000000001,21.027777777777775,21.23181818181818
20277,2021-08-02 05:30:00,2021-08-02 05:45:00,21.0,21.003166666666697,21.01938888888891,20.71818181818182
20278,2021-08-02 05:45:00,2021-08-02 06:00:00,21.0,21.201388888888893,21.110203703703714,21.868181818181817
20279,2021-08-02 06:00:00,2021-08-02 06:15:00,21.0,22.784380952380953,22.89988888888889,22.12727272727273
20280,2021-08-02 06:15:00,2021-08-02 06:30:00,22.0,22.83583333333334,21.834666666666667,21.672727272727272
20281,2021-08-02 06:30:00,2021-08-02 06:45:00,20.0,25.801833333333335,26.152500000000003,24.14090909090909
20282,2021-08-02 06:45:00,2021-08-02 07:00:00,25.0,20.833166666666667,20.852444444444444,20.795454545454547
20283,2021-08-02 07:00:00,2021-08-02 07:15:00,24.0,27.843833333333343,26.50316666666666,28.15
20284,2021-08-02 07:15:00,2021-08-02 07:30:00,20.0,22.718500000000002,21.609333333333332,29.85909090909091
20285,2021-08-02 07:30:00,2021-08-02 07:45:00,19.0,21.020166666666658,20.71811111111111,21.595454545454544
20286,2021-08-02 07:45:00,2021-08-02 08:00:00,19.0,20.657944444444485,20.46111111111114,20.745454545454546
20287,2021-08-02 08:00:00,2021-08-02 08:15:00,20.0,20.596555555555593,20.436888888888912,20.568181818181817
20288,2021-08-02 08:15:00,2021-08-02 08:30:00,20.0,21.34577777777777,20.869833333333325,22.886363636363637
20289,2021-08-02 08:30:00,2021-08-02 08:45:00,20.0,20.68622222222222,20.307999999999996,20.963636363636365
20290,2021-08-02 08:45:00,2021-08-02 09:00:00,21.0,20.60072222222223,20.47922222222223,21.818181818181817
20291,2021-08-02 09:00:00,2021-08-02 09:15:00,21.0,21.75772222222222,21.322055555555554,22.336363636363636
20292,2021-08-02 09:15:00,2021-08-02 09:30:00,21.0,21.514000000000006,21.240499999999997,22.918181818181818
20293,2021-08-02 09:30:00,2021-08-02 09:45:00,21.0,23.30483333333333,23.276555555555557,22.6
20294,2021-08-02 09:45:00,2021-08-02 10:00:00,21.0,22.55861111111111,22.823111111111107,21.822727272727274
20295,2021-08-02 10:00:00,2021-08-02 10:15:00,21.0,22.05360317460318,22.99127777777777,21.786363636363635
20296,2021-08-02 10:15:00,2021-08-02 10:30:00,21.0,21.6631111111111,21.746722222222218,21.863636363636363
20297,2021-08-02 10:30:00,2021-08-02 10:45:00,21.0,22.000055555555544,21.674888888888887,22.35909090909091
20298,2021-08-02 10:45:00,2021-08-02 11:00:00,25.0,21.624611111111104,21.712555555555564,21.845454545454544
20299,2021-08-02 11:00:00,2021-08-02 11:15:00,21.0,25.88544444444446,25.719611111111124,29.354545454545455
20300,2021-08-02 11:15:00,2021-08-02 11:30:00,20.0,21.231499999999983,20.984055555555535,21.78181818181818
20301,2021-08-02 11:30:00,2021-08-02 11:45:00,21.0,20.771388888888886,20.434722222222227,21.227272727272727
20302,2021-08-02 11:45:00,2021-08-02 12:00:00,21.0,21.36255555555556,21.10488888888889,21.51818181818182
20303,2021-08-02 12:00:00,2021-08-02 12:15:00,21.0,21.307388888888884,21.325833333333332,21.827272727272728
20304,2021-08-02 12:15:00,2021-08-02 12:30:00,21.0,20.999944444444438,20.78344444444444,21.945454545454545
20305,2021-08-02 12:30:00,2021-08-02 12:45:00,21.0,21.469388888888897,21.19661111111111,22.14090909090909
20306,2021-08-02 12:45:00,2021-08-02 13:00:00,21.0,21.23094444444445,21.028500000000005,22.077272727272728
20307,2021-08-02 13:00:00,2021-08-02 13:15:00,21.0,21.634111111111128,21.553000000000004,21.73181818181818
20308,2021-08-02 13:15:00,2021-08-02 13:30:00,21.0,21.749388888888888,21.636,21.53181818181818
20309,2021-08-02 13:30:00,2021-08-02 13:45:00,23.0,21.53227777777777,21.472388888888883,21.831818181818182
20310,2021-08-02 13:45:00,2021-08-02 14:00:00,21.0,26.02827777777778,25.457222222222228,29.10909090909091
20311,2021-08-02 14:00:00,2021-08-02 14:15:00,23.0,22.389999999999997,21.97272222222222,22.204545454545453
20312,2021-08-02 14:15:00,2021-08-02 14:30:00,25.0,26.532499999999995,25.940111111111108,28.522727272727273
20313,2021-08-02 14:30:00,2021-08-02 14:45:00,22.0,23.539500000000015,23.313555555555553,27.586363636363636
20314,2021-08-02 14:45:00,2021-08-02 15:00:00,21.0,23.146563492063493,22.192500000000003,24.30909090909091
20315,2021-08-02 15:00:00,2021-08-02 15:15:00,21.0,21.536777777777772,21.20922222222222,21.772727272727273
20316,2021-08-02 15:15:00,2021-08-02 15:30:00,21.0,21.333166666666667,21.000444444444437,21.727272727272727
20317,2021-08-02 15:30:00,2021-08-02 15:45:00,21.0,21.371222222222233,21.027611111111117,22.12272727272727
20318,2021-08-02 15:45:00,2021-08-02 16:00:00,21.0,21.315111111111115,21.080555555555552,22.181818181818183
20319,2021-08-02 16:00:00,2021-08-02 16:15:00,21.0,21.287111111111116,21.03338888888889,21.895454545454545
20320,2021-08-02 16:15:00,2021-08-02 16:30:00,21.0,21.139888888888898,20.887444444444444,22.004545454545454
20321,2021-08-02 16:30:00,2021-08-02 16:45:00,21.0,21.192611111111127,20.995722222222238,21.90909090909091
20322,2021-08-02 16:45:00,2021-08-02 17:00:00,21.0,21.28211111111111,21.17438888888889,21.936363636363637
20323,2021-08-02 17:00:00,2021-08-02 17:15:00,21.0,23.21403174603176,23.464888888888886,22.79090909090909
20324,2021-08-02 17:15:00,2021-08-02 17:30:00,21.0,22.62612698412699,22.213166666666673,22.509090909090908
20325,2021-08-02 17:30:00,2021-08-02 17:45:00,21.0,21.476388888888888,21.344444444444452,21.98181818181818
20326,2021-08-02 17:45:00,2021-08-02 18:00:00,24.0,21.366999999999997,21.250166666666676,21.936363636363637
20327,2021-08-02 18:00:00,2021-08-02 18:15:00,26.0,26.071333333333346,26.38166666666667,28.87727272727273
20328,2021-08-02 18:15:00,2021-08-02 18:30:00,21.0,23.15105555555557,22.81088888888888,24.186363636363637
20329,2021-08-02 18:30:00,2021-08-02 18:45:00,21.0,21.354666666666656,21.38605555555555,21.55
20330,2021-08-02 18:45:00,2021-08-02 19:00:00,21.0,21.15272222222222,21.232722222222225,21.527272727272727
20331,2021-08-02 19:00:00,2021-08-02 19:15:00,21.0,21.318222222222225,21.151000000000003,21.463636363636365
20332,2021-08-02 19:15:00,2021-08-02 19:30:00,21.0,21.25577777777778,21.29161111111111,22.636363636363637
20333,2021-08-02 19:30:00,2021-08-02 19:45:00,21.0,21.12294444444446,21.018500000000007,22.186363636363637
20334,2021-08-02 19:45:00,2021-08-02 20:00:00,21.0,21.182388888888894,21.040722222222225,22.422727272727272
20335,2021-08-02 20:00:00,2021-08-02 20:15:00,21.0,21.190055555555563,21.087444444444444,23.12272727272727
20336,2021-08-02 20:15:00,2021-08-02 20:30:00,21.0,21.277111111111118,21.051277777777784,22.845454545454544
20337,2021-08-02 20:30:00,2021-08-02 20:45:00,24.0,21.493055555555554,21.54727777777778,22.5
20338,2021-08-02 20:45:00,2021-08-02 21:00:00,21.0,26.141333333333336,25.948055555555555,29.036363636363635
20339,2021-08-02 21:00:00,2021-08-02 21:15:00,21.0,21.47972222222221,21.37205555555556,21.777272727272727
20340,2021-08-02 21:15:00,2021-08-02 21:30:00,22.0,21.48894444444445,21.43388888888889,21.954545454545453
20341,2021-08-02 21:30:00,2021-08-02 21:45:00,21.0,25.164555555555566,25.435222222222226,28.331818181818182
20342,2021-08-02 21:45:00,2021-08-02 22:00:00,24.0,21.667111111111097,21.498222222222218,22.227272727272727
20343,2021-08-02 22:00:00,2021-08-02 22:15:00,24.0,26.35161111111113,27.017333333333326,29.745454545454546
20344,2021-08-02 22:15:00,2021-08-02 22:30:00,22.0,23.359777777777794,22.81038888888889,28.904545454545456
20345,2021-08-02 22:30:00,2021-08-02 22:45:00,20.0,22.811888888888888,23.433722222222233,24.068181818181817
20346,2021-08-02 22:45:00,2021-08-02 23:00:00,21.0,20.628222222222227,20.67972222222222,21.063636363636363
20347,2021-08-02 23:00:00,2021-08-02 23:15:00,21.0,21.710833333333344,21.28300000000001,21.545454545454547
20348,2021-08-02 23:15:00,2021-08-02 23:30:00,21.0,22.082309523809528,21.95777777777778,22.59090909090909
20349,2021-08-02 23:30:00,2021-08-02 23:45:00,21.0,21.963333333333342,21.947166666666654,23.40909090909091
20350,2021-08-02 23:45:00,2021-08-03 00:00:00,21.0,22.091833333333337,22.00572222222221,23.75
20351,2021-08-03 00:00:00,2021-08-03 00:15:00,21.0,21.921166666666668,21.67872222222222,22.48181818181818
20352,2021-08-03 00:15:00,2021-08-03 00:30:00,21.0,21.120976190476195,21.048555555555563,22.30909090909091
20353,2021-08-03 00:30:00,2021-08-03 00:45:00,21.0,21.473555555555553,21.35811111111111,21.995454545454546
20354,2021-08-03 00:45:00,2021-08-03 01:00:00,22.0,21.608111111111103,21.58288888888889,22.495454545454546
20355,2021-08-03 01:00:00,2021-08-03 01:15:00,21.0,24.367888888888874,25.006888888888874,24.068181818181817
20356,2021-08-03 01:15:00,2021-08-03 01:30:00,25.0,21.34792063492063,21.514388888888895,21.65
20357,2021-08-03 01:30:00,2021-08-03 01:45:00,26.0,25.47893650793651,25.840000000000003,26.990909090909092
20358,2021-08-03 01:45:00,2021-08-03 02:00:00,21.0,22.391166666666674,22.34561111111111,24.2
20359,2021-08-03 02:00:00,2021-08-03 02:15:00,20.0,21.27244444444444,21.281499999999998,21.822727272727274
20360,2021-08-03 02:15:00,2021-08-03 02:30:00,21.0,20.456666666666667,20.324555555555555,20.854545454545455
20361,2021-08-03 02:30:00,2021-08-03 02:45:00,21.0,21.409999999999997,21.448444444444444,21.868181818181817
20362,2021-08-03 02:45:00,2021-08-03 03:00:00,21.0,21.490777777777772,21.448777777777774,22.29090909090909
20363,2021-08-03 03:00:00,2021-08-03 03:15:00,21.0,21.342333333333347,21.207666666666665,22.763636363636362
20364,2021-08-03 03:15:00,2021-08-03 03:30:00,21.0,21.054444444444453,21.03733333333333,22.345454545454544
20365,2021-08-03 03:30:00,2021-08-03 03:45:00,21.0,21.143111111111125,21.062666666666676,22.37272727272727
20366,2021-08-03 03:45:00,2021-08-03 04:00:00,22.0,21.20533333333334,21.13583333333334,22.227272727272727
20367,2021-08-03 04:00:00,2021-08-03 04:15:00,20.0,24.363999999999983,25.050277777777758,24.240909090909092
20368,2021-08-03 04:15:00,2021-08-03 04:30:00,21.0,20.899833333333323,20.782666666666664,20.963636363636365
20369,2021-08-03 04:30:00,2021-08-03 04:45:00,21.0,21.553055555555556,21.448111111111107,22.422727272727272
20370,2021-08-03 04:45:00,2021-08-03 05:00:00,20.0,21.625388888888875,21.44516666666667,21.95909090909091
20371,2021-08-03 05:00:00,2021-08-03 05:15:00,20.0,21.389166666666675,21.260222222222215,21.736363636363638
20372,2021-08-03 05:15:00,2021-08-03 05:30:00,24.0,20.787333333333336,20.771055555555552,21.25
20373,2021-08-03 05:30:00,2021-08-03 05:45:00,23.0,25.484166666666663,25.281611111111104,27.945454545454545
20374,2021-08-03 05:45:00,2021-08-03 06:00:00,20.0,21.746666666666663,21.597555555555555,25.19090909090909
20375,2021-08-03 06:00:00,2021-08-03 06:15:00,21.0,20.52872222222222,20.523222222222223,20.79090909090909
20376,2021-08-03 06:15:00,2021-08-03 06:30:00,21.0,22.57772222222222,21.537,22.23181818181818
20377,2021-08-03 06:30:00,2021-08-03 06:45:00,21.0,21.91733333333333,21.95588888888889,23.4
20378,2021-08-03 06:45:00,2021-08-03 07:00:00,21.0,21.92022222222222,21.541388888888882,22.668181818181818
20379,2021-08-03 07:00:00,2021-08-03 07:15:00,20.0,22.11216666666667,21.65738888888889,22.745454545454546
20380,2021-08-03 07:15:00,2021-08-03 07:30:00,21.0,20.782611111111112,20.613055555555558,21.822727272727274
20381,2021-08-03 07:30:00,2021-08-03 07:45:00,20.0,21.56166666666667,21.13844444444444,23.76818181818182
20382,2021-08-03 07:45:00,2021-08-03 08:00:00,20.0,20.852111111111117,20.780833333333344,21.87272727272727
20383,2021-08-03 08:00:00,2021-08-03 08:15:00,20.0,22.009944444444447,21.986055555555563,22.3
20384,2021-08-03 08:15:00,2021-08-03 08:30:00,20.0,20.841944444444454,20.83805555555556,21.477272727272727
20385,2021-08-03 08:30:00,2021-08-03 08:45:00,22.0,21.12955555555555,21.03183333333333,20.931818181818183
20386,2021-08-03 08:45:00,2021-08-03 09:00:00,25.0,27.397777777777804,26.432222222222222,26.331818181818182
20387,2021-08-03 09:00:00,2021-08-03 09:15:00,21.0,25.286555555555566,24.666944444444443,33.80909090909091
20388,2021-08-03 09:15:00,2021-08-03 09:30:00,20.0,21.026,20.886277777777767,21.554545454545455
20389,2021-08-03 09:30:00,2021-08-03 09:45:00,21.0,20.677722222222222,20.530277777777783,20.85909090909091
20390,2021-08-03 09:45:00,2021-08-03 10:00:00,21.0,21.12180158730159,21.019666666666673,21.35
20391,2021-08-03 10:00:00,2021-08-03 10:15:00,21.0,21.22511111111111,21.288444444444444,21.695454545454545
20392,2021-08-03 10:15:00,2021-08-03 10:30:00,21.0,20.908388888888883,20.840222222222224,21.7
20393,2021-08-03 10:30:00,2021-08-03 10:45:00,21.0,21.37966666666666,21.259111111111107,21.972727272727273
20394,2021-08-03 10:45:00,2021-08-03 11:00:00,21.0,21.0735,20.990944444444448,21.60909090909091
20395,2021-08-03 11:00:00,2021-08-03 11:15:00,21.0,21.17488095238096,21.449666666666662,21.45909090909091
20396,2021-08-03 11:15:00,2021-08-03 11:30:00,24.0,21.55438888888888,21.799833333333325,21.477272727272727
20397,2021-08-03 11:30:00,2021-08-03 11:45:00,21.0,25.744555555555557,25.61705555555556,27.922727272727272
20398,2021-08-03 11:45:00,2021-08-03 12:00:00,21.0,21.2966111111111,21.26716666666667,21.55909090909091
20399,2021-08-03 12:00:00,2021-08-03 12:15:00,21.0,21.15044444444443,21.107833333333335,21.62727272727273
20400,2021-08-03 12:15:00,2021-08-03 12:30:00,25.0,21.374277777777767,21.117999999999995,21.759090909090908
20401,2021-08-03 12:30:00,2021-08-03 12:45:00,23.0,27.14298412698412,27.39483333333335,27.222727272727273
20402,2021-08-03 12:45:00,2021-08-03 13:00:00,21.0,21.69394444444444,21.20183333333333,25.613636363636363
20403,2021-08-03 13:00:00,2021-08-03 13:15:00,21.0,21.13277777777777,21.182277777777774,21.54090909090909
20404,2021-08-03 13:15:00,2021-08-03 13:30:00,21.0,21.063999999999993,20.89772222222221,21.445454545454545
20405,2021-08-03 13:30:00,2021-08-03 13:45:00,21.0,21.548000000000005,21.637666666666664,22.23181818181818
20406,2021-08-03 13:45:00,2021-08-03 14:00:00,21.0,21.20633333333333,21.170333333333332,21.613636363636363
20407,2021-08-03 14:00:00,2021-08-03 14:15:00,21.0,21.190222222222225,21.061611111111112,22.21818181818182
20408,2021-08-03 14:15:00,2021-08-03 14:30:00,21.0,21.033666666666672,20.901611111111112,22.12727272727273
20409,2021-08-03 14:30:00,2021-08-03 14:45:00,21.0,21.13100000000001,20.98450000000001,21.895454545454545
20410,2021-08-03 14:45:00,2021-08-03 15:00:00,22.0,21.230055555555555,21.036722222222227,21.754545454545454
20411,2021-08-03 15:00:00,2021-08-03 15:15:00,22.0,24.76261111111111,24.94327777777776,25.277272727272727
20412,2021-08-03 15:15:00,2021-08-03 15:30:00,22.0,24.408111111111104,23.89022222222222,25.44090909090909
20413,2021-08-03 15:30:00,2021-08-03 15:45:00,21.0,23.693642857142855,23.59494444444444,25.15
20414,2021-08-03 15:45:00,2021-08-03 16:00:00,26.0,21.421388888888888,21.292166666666667,21.87272727272727
20415,2021-08-03 16:00:00,2021-08-03 16:15:00,24.0,26.101111111111113,25.858944444444443,26.827272727272728
20416,2021-08-03 16:15:00,2021-08-03 16:30:00,22.0,22.005055555555547,21.78499999999999,25.977272727272727
20417,2021-08-03 16:30:00,2021-08-03 16:45:00,21.0,22.61682539682539,22.578055555555558,23.886363636363637
20418,2021-08-03 16:45:00,2021-08-03 17:00:00,21.0,21.14561111111111,21.15422222222222,21.51818181818182
20419,2021-08-03 17:00:00,2021-08-03 17:15:00,21.0,21.254500000000007,21.210388888888886,21.39090909090909
20420,2021-08-03 17:15:00,2021-08-03 17:30:00,21.0,21.202333333333346,21.118666666666666,22.077272727272728
20421,2021-08-03 17:30:00,2021-08-03 17:45:00,21.0,21.144055555555568,21.156111111111116,21.695454545454545
20422,2021-08-03 17:45:00,2021-08-03 18:00:00,21.0,21.190388888888894,21.01727777777778,21.85
20423,2021-08-03 18:00:00,2021-08-03 18:15:00,21.0,21.140111111111118,21.04988888888889,21.918181818181818
20424,2021-08-03 18:15:00,2021-08-03 18:30:00,24.0,21.227444444444455,21.03666666666667,22.136363636363637
20425,2021-08-03 18:30:00,2021-08-03 18:45:00,21.0,26.259349206349214,26.208111111111112,27.35909090909091
20426,2021-08-03 18:45:00,2021-08-03 19:00:00,21.0,21.19477777777778,21.295500000000004,21.4
20427,2021-08-03 19:00:00,2021-08-03 19:15:00,21.0,21.087611111111126,21.165166666666675,21.454545454545453
20428,2021-08-03 19:15:00,2021-08-03 19:30:00,21.0,21.44416666666667,21.51483333333333,21.477272727272727
20429,2021-08-03 19:30:00,2021-08-03 19:45:00,25.0,21.35566666666667,21.440388888888886,21.922727272727272
20430,2021-08-03 19:45:00,2021-08-03 20:00:00,24.0,25.701650793650792,25.664944444444444,26.01818181818182
20431,2021-08-03 20:00:00,2021-08-03 20:15:00,20.0,22.23283333333334,22.402722222222216,26.29090909090909
20432,2021-08-03 20:15:00,2021-08-03 20:30:00,21.0,20.473666666666666,20.40394444444444,21.081818181818182
20433,2021-08-03 20:30:00,2021-08-03 20:45:00,21.0,21.108333333333338,21.23361111111111,21.463636363636365
20434,2021-08-03 20:45:00,2021-08-03 21:00:00,22.0,21.3725,21.658499999999993,21.586363636363636
20435,2021-08-03 21:00:00,2021-08-03 21:15:00,21.0,22.793650793650787,22.693277777777777,25.095454545454544
20436,2021-08-03 21:15:00,2021-08-03 21:30:00,22.0,21.131888888888902,21.058055555555555,21.85
20437,2021-08-03 21:30:00,2021-08-03 21:45:00,22.0,22.82610317460318,23.687666666666665,24.677272727272726
20438,2021-08-03 21:45:00,2021-08-03 22:00:00,21.0,22.981666666666655,22.900499999999997,24.386363636363637
20439,2021-08-03 22:00:00,2021-08-03 22:15:00,21.0,21.440166666666663,21.496444444444446,21.85
20440,2021-08-03 22:15:00,2021-08-03 22:30:00,21.0,22.316642857142856,22.303722222222227,22.336363636363636
20441,2021-08-03 22:30:00,2021-08-03 22:45:00,21.0,21.749,21.73344444444444,22.345454545454544
20442,2021-08-03 22:45:00,2021-08-03 23:00:00,21.0,21.568499999999997,21.715666666666667,22.45909090909091
20443,2021-08-03 23:00:00,2021-08-03 23:15:00,21.0,21.432555555555552,21.45272222222222,22.113636363636363
20444,2021-08-03 23:15:00,2021-08-03 23:30:00,26.0,23.413285714285717,23.444222222222223,23.136363636363637
20445,2021-08-03 23:30:00,2021-08-03 23:45:00,23.0,25.949666666666666,26.812555555555562,27.413636363636364
20446,2021-08-03 23:45:00,2021-08-04 00:00:00,21.0,22.082499999999992,22.301333333333332,25.772727272727273
20447,2021-08-04 00:00:00,2021-08-04 00:15:00,21.0,21.911944444444448,21.679722222222225,21.786363636363635
20448,2021-08-04 00:15:00,2021-08-04 00:30:00,21.0,21.107111111111116,21.046888888888887,21.704545454545453
20449,2021-08-04 00:30:00,2021-08-04 00:45:00,21.0,21.529500000000006,21.80105555555555,22.572727272727274
20450,2021-08-04 00:45:00,2021-08-04 01:00:00,21.0,21.216833333333334,21.092888888888883,22.504545454545454
20451,2021-08-04 01:00:00,2021-08-04 01:15:00,21.0,21.133111111111113,21.072166666666664,21.76818181818182
20452,2021-08-04 01:15:00,2021-08-04 01:30:00,21.0,21.147333333333346,21.09455555555556,21.6
20453,2021-08-04 01:30:00,2021-08-04 01:45:00,20.0,21.118944444444452,21.12216666666667,22.0
20454,2021-08-04 01:45:00,2021-08-04 02:00:00,21.0,20.727416666666674,20.822555555555553,21.34090909090909
20455,2021-08-04 02:00:00,2021-08-04 02:15:00,20.0,21.82372222222223,22.110277777777778,22.245454545454546
20456,2021-08-04 02:15:00,2021-08-04 02:30:00,20.0,20.99708333333333,20.945666666666664,21.172727272727272
20457,2021-08-04 02:30:00,2021-08-04 02:45:00,20.0,20.966694444444443,21.316111111111105,20.613636363636363
20458,2021-08-04 02:45:00,2021-08-04 03:00:00,21.0,20.74652777777779,20.800333333333338,21.145454545454545
20459,2021-08-04 03:00:00,2021-08-04 03:15:00,25.0,22.20933333333334,21.795611111111107,22.686363636363637
20460,2021-08-04 03:15:00,2021-08-04 03:30:00,22.0,25.361666666666686,25.58588888888888,27.404545454545456
20461,2021-08-04 03:30:00,2021-08-04 03:45:00,21.0,20.987944444444448,21.199444444444442,22.186363636363637
20462,2021-08-04 03:45:00,2021-08-04 04:00:00,21.0,21.059555555555548,20.946611111111118,21.80909090909091
20463,2021-08-04 04:00:00,2021-08-04 04:15:00,21.0,21.270999999999994,21.08277777777778,21.90909090909091
20464,2021-08-04 04:15:00,2021-08-04 04:30:00,21.0,21.90927777777779,21.843555555555554,22.65909090909091
20465,2021-08-04 04:30:00,2021-08-04 04:45:00,21.0,21.30961111111112,21.311888888888877,22.263636363636362
20466,2021-08-04 04:45:00,2021-08-04 05:00:00,21.0,21.372,21.324333333333332,21.931818181818183
20467,2021-08-04 05:00:00,2021-08-04 05:15:00,21.0,21.274222222222228,21.23272222222222,21.990909090909092
20468,2021-08-04 05:15:00,2021-08-04 05:30:00,20.0,21.082000000000008,21.07477777777778,22.23181818181818
20469,2021-08-04 05:30:00,2021-08-04 05:45:00,20.0,20.747416666666673,20.644555555555556,20.9
20470,2021-08-04 05:45:00,2021-08-04 06:00:00,21.0,21.159861111111116,21.804500000000004,21.027272727272727
20471,2021-08-04 06:00:00,2021-08-04 06:15:00,21.0,22.211888888888893,21.820277777777772,22.795454545454547
20472,2021-08-04 06:15:00,2021-08-04 06:30:00,23.0,22.739444444444448,21.667555555555555,22.59090909090909
20473,2021-08-04 06:30:00,2021-08-04 06:45:00,26.0,25.32177777777777,25.550277777777772,26.23181818181818
20474,2021-08-04 06:45:00,2021-08-04 07:00:00,22.0,24.993222222222222,24.788111111111117,26.868181818181817
20475,2021-08-04 07:00:00,2021-08-04 07:15:00,20.0,21.5155,21.16327777777777,22.40909090909091
20476,2021-08-04 07:15:00,2021-08-04 07:30:00,21.0,20.709527777777776,20.40149999999999,20.886363636363637
20477,2021-08-04 07:30:00,2021-08-04 07:45:00,20.0,22.117666666666672,21.53711111111111,23.445454545454545
20478,2021-08-04 07:45:00,2021-08-04 08:00:00,20.0,20.46486111111111,20.302111111111113,21.381818181818183
20479,2021-08-04 08:00:00,2021-08-04 08:15:00,20.0,20.909916666666668,20.695166666666665,22.177272727272726
20480,2021-08-04 08:15:00,2021-08-04 08:30:00,20.0,20.464138888888883,20.31561111111111,20.94090909090909
20481,2021-08-04 08:30:00,2021-08-04 08:45:00,21.0,20.585694444444446,20.41511111111111,20.6
20482,2021-08-04 08:45:00,2021-08-04 09:00:00,23.0,21.253611111111105,21.07022222222222,22.013636363636362
20483,2021-08-04 09:00:00,2021-08-04 09:15:00,20.0,25.004666666666658,25.072611111111105,26.027272727272727
20484,2021-08-04 09:15:00,2021-08-04 09:30:00,20.0,20.782527777777773,20.753333333333337,20.95
20485,2021-08-04 09:30:00,2021-08-04 09:45:00,21.0,20.71497222222223,20.566333333333336,20.563636363636363
20486,2021-08-04 09:45:00,2021-08-04 10:00:00,21.0,21.740055555555553,21.859388888888887,21.618181818181817
20487,2021-08-04 10:00:00,2021-08-04 10:15:00,20.0,21.447666666666667,21.50311111111111,21.922727272727272
20488,2021-08-04 10:15:00,2021-08-04 10:30:00,25.0,20.82319444444443,20.788666666666664,21.113636363636363
20489,2021-08-04 10:30:00,2021-08-04 10:45:00,22.0,24.84060317460318,24.903055555555564,26.62727272727273
20490,2021-08-04 10:45:00,2021-08-04 11:00:00,21.0,21.499063492063488,21.514888888888887,22.345454545454544
20491,2021-08-04 11:00:00,2021-08-04 11:15:00,21.0,21.018555555555555,21.00366666666667,21.55
20492,2021-08-04 11:15:00,2021-08-04 11:30:00,21.0,21.04044444444445,20.876,21.431818181818183
20493,2021-08-04 11:30:00,2021-08-04 11:45:00,21.0,21.043111111111113,20.98111111111111,21.636363636363637
20494,2021-08-04 11:45:00,2021-08-04 12:00:00,21.0,21.10727777777778,20.988277777777775,21.404545454545456
20495,2021-08-04 12:00:00,2021-08-04 12:15:00,21.0,21.034333333333333,20.94633333333333,21.19090909090909
20496,2021-08-04 12:15:00,2021-08-04 12:30:00,21.0,20.99966666666667,20.87972222222222,21.713636363636365
20497,2021-08-04 12:30:00,2021-08-04 12:45:00,21.0,21.100666666666672,21.042944444444455,21.822727272727274
20498,2021-08-04 12:45:00,2021-08-04 13:00:00,21.0,21.18333333333333,21.12738888888889,21.69090909090909
20499,2021-08-04 13:00:00,2021-08-04 13:15:00,21.0,22.14493650793652,22.673499999999994,21.495454545454546
20500,2021-08-04 13:15:00,2021-08-04 13:30:00,21.0,21.714722222222214,21.72455555555555,21.418181818181818
20501,2021-08-04 13:30:00,2021-08-04 13:45:00,21.0,21.396499999999993,21.49172222222222,21.522727272727273
20502,2021-08-04 13:45:00,2021-08-04 14:00:00,25.0,21.17922222222222,21.1678888888889,21.55
20503,2021-08-04 14:00:00,2021-08-04 14:15:00,24.0,25.577722222222235,25.56344444444445,26.831818181818182
20504,2021-08-04 14:15:00,2021-08-04 14:30:00,21.0,21.569222222222223,21.25366666666666,24.09090909090909
20505,2021-08-04 14:30:00,2021-08-04 14:45:00,21.0,21.085277777777765,21.146777777777775,21.62272727272727
20506,2021-08-04 14:45:00,2021-08-04 15:00:00,21.0,21.01999999999999,21.04788888888889,21.463636363636365
20507,2021-08-04 15:00:00,2021-08-04 15:15:00,21.0,21.121388888888887,21.041833333333333,21.463636363636365
20508,2021-08-04 15:15:00,2021-08-04 15:30:00,21.0,21.144666666666673,20.985166666666668,21.913636363636364
20509,2021-08-04 15:30:00,2021-08-04 15:45:00,21.0,21.067111111111117,20.971611111111116,21.740909090909092
20510,2021-08-04 15:45:00,2021-08-04 16:00:00,24.0,21.125111111111114,20.996888888888893,21.863636363636363
20511,2021-08-04 16:00:00,2021-08-04 16:15:00,21.0,25.880492063492063,25.64883333333334,26.931818181818183
20512,2021-08-04 16:15:00,2021-08-04 16:30:00,22.0,21.152722222222224,21.11933333333333,21.79090909090909
20513,2021-08-04 16:30:00,2021-08-04 16:45:00,21.0,25.4313253968254,26.32627777777778,26.12727272727273
20514,2021-08-04 16:45:00,2021-08-04 17:00:00,21.0,21.223499999999987,21.144333333333336,21.513636363636362
20515,2021-08-04 17:00:00,2021-08-04 17:15:00,21.0,21.37061111111111,21.239722222222223,22.613636363636363
20516,2021-08-04 17:15:00,2021-08-04 17:30:00,21.0,21.406888888888886,21.193777777777772,22.272727272727273
20517,2021-08-04 17:30:00,2021-08-04 17:45:00,22.0,21.251833333333334,21.24244444444445,21.763636363636362
20518,2021-08-04 17:45:00,2021-08-04 18:00:00,26.0,24.030063492063494,24.34772222222222,25.12727272727273
20519,2021-08-04 18:00:00,2021-08-04 18:15:00,22.0,25.560111111111112,26.182333333333332,25.6
20520,2021-08-04 18:15:00,2021-08-04 18:30:00,21.0,21.787000000000003,21.952500000000004,22.354545454545455
20521,2021-08-04 18:30:00,2021-08-04 18:45:00,21.0,21.182611111111118,21.192388888888892,21.35909090909091
20522,2021-08-04 18:45:00,2021-08-04 19:00:00,21.0,21.127,21.121999999999996,21.35
20523,2021-08-04 19:00:00,2021-08-04 19:15:00,21.0,21.208,21.191833333333328,21.84090909090909
20524,2021-08-04 19:15:00,2021-08-04 19:30:00,21.0,21.166944444444454,21.241499999999995,22.586363636363636
20525,2021-08-04 19:30:00,2021-08-04 19:45:00,21.0,21.096222222222245,21.01427777777778,22.009090909090908
20526,2021-08-04 19:45:00,2021-08-04 20:00:00,21.0,21.175833333333344,21.05616666666667,22.095454545454544
20527,2021-08-04 20:00:00,2021-08-04 20:15:00,21.0,21.36494444444445,21.12333333333334,22.881818181818183
20528,2021-08-04 20:15:00,2021-08-04 20:30:00,21.0,21.730611111111113,21.446944444444444,22.677272727272726
20529,2021-08-04 20:30:00,2021-08-04 20:45:00,21.0,21.492388888888886,21.516166666666663,22.21818181818182
20530,2021-08-04 20:45:00,2021-08-04 21:00:00,21.0,21.397055555555557,21.36344444444444,22.26818181818182
20531,2021-08-04 21:00:00,2021-08-04 21:15:00,21.0,22.243722222222225,22.2013888888889,22.995454545454546
20532,2021-08-04 21:15:00,2021-08-04 21:30:00,23.0,22.734087301587298,22.635055555555557,23.172727272727272
20533,2021-08-04 21:30:00,2021-08-04 21:45:00,26.0,25.401444444444447,25.62855555555556,26.081818181818182
20534,2021-08-04 21:45:00,2021-08-04 22:00:00,21.0,24.632944444444448,24.544611111111113,25.85
20535,2021-08-04 22:00:00,2021-08-04 22:15:00,21.0,21.285611111111102,21.248277777777776,21.654545454545456
20536,2021-08-04 22:15:00,2021-08-04 22:30:00,21.0,21.213722222222223,21.181944444444444,21.572727272727274
20537,2021-08-04 22:30:00,2021-08-04 22:45:00,21.0,21.477555555555547,21.340222222222216,22.30909090909091
20538,2021-08-04 22:45:00,2021-08-04 23:00:00,21.0,21.60094444444444,21.573388888888882,22.286363636363635
20539,2021-08-04 23:00:00,2021-08-04 23:15:00,22.0,21.34466666666667,21.328111111111106,22.236363636363638
20540,2021-08-04 23:15:00,2021-08-04 23:30:00,20.0,23.81233333333335,24.96922222222223,24.35
20541,2021-08-04 23:30:00,2021-08-04 23:45:00,21.0,20.47211111111111,20.41833333333333,20.668181818181818
20542,2021-08-04 23:45:00,2021-08-05 00:00:00,20.0,21.727944444444457,21.617000000000008,22.90909090909091
20543,2021-08-05 00:00:00,2021-08-05 00:15:00,21.0,21.05716666666667,20.96883333333332,21.036363636363635
20544,2021-08-05 00:15:00,2021-08-05 00:30:00,21.0,22.139920634920642,23.166999999999998,21.813636363636363
20545,2021-08-05 00:30:00,2021-08-05 00:45:00,21.0,22.017277777777775,21.932499999999994,22.845454545454544
20546,2021-08-05 00:45:00,2021-08-05 01:00:00,21.0,21.55994444444444,21.628388888888885,22.20909090909091
20547,2021-08-05 01:00:00,2021-08-05 01:15:00,25.0,21.782388888888892,22.058888888888873,21.827272727272728
20548,2021-08-05 01:15:00,2021-08-05 01:30:00,23.0,26.034579365079388,26.864444444444448,27.35909090909091
20549,2021-08-05 01:30:00,2021-08-05 01:45:00,20.0,21.36177777777777,21.180722222222226,23.65
20550,2021-08-05 01:45:00,2021-08-05 02:00:00,21.0,20.499138888888897,20.499055555555554,20.75
20551,2021-08-05 02:00:00,2021-08-05 02:15:00,21.0,21.129833333333348,21.163666666666668,21.55909090909091
20552,2021-08-05 02:15:00,2021-08-05 02:30:00,21.0,21.480111111111114,21.7955,21.868181818181817
20553,2021-08-05 02:30:00,2021-08-05 02:45:00,21.0,21.1275,21.21238888888889,22.65909090909091
20554,2021-08-05 02:45:00,2021-08-05 03:00:00,21.0,21.326944444444447,21.42938888888889,21.986363636363638
20555,2021-08-05 03:00:00,2021-08-05 03:15:00,21.0,21.375777777777785,21.215222222222224,23.60909090909091
20556,2021-08-05 03:15:00,2021-08-05 03:30:00,21.0,21.162944444444445,21.091500000000003,22.068181818181817
20557,2021-08-05 03:30:00,2021-08-05 03:45:00,21.0,21.19911111111112,21.241777777777784,22.081818181818182
20558,2021-08-05 03:45:00,2021-08-05 04:00:00,21.0,21.840111111111103,21.805166666666672,22.077272727272728
20559,2021-08-05 04:00:00,2021-08-05 04:15:00,21.0,22.731380952380967,23.079277777777783,22.645454545454545
20560,2021-08-05 04:15:00,2021-08-05 04:30:00,20.0,21.94994444444445,21.533055555555563,22.0
20561,2021-08-05 04:30:00,2021-08-05 04:45:00,20.0,20.89513888888889,20.80505555555555,20.804545454545455
20562,2021-08-05 04:45:00,2021-08-05 05:00:00,25.0,21.190694444444446,21.858833333333337,21.145454545454545
20563,2021-08-05 05:00:00,2021-08-05 05:15:00,22.0,25.541166666666676,25.694888888888897,29.495454545454546
20564,2021-08-05 05:15:00,2021-08-05 05:30:00,20.0,21.56883333333334,21.71533333333334,21.84090909090909
20565,2021-08-05 05:30:00,2021-08-05 05:45:00,21.0,20.542861111111115,20.459444444444443,20.754545454545454
20566,2021-08-05 05:45:00,2021-08-05 06:00:00,21.0,21.254944444444455,21.21133333333334,22.240909090909092
20567,2021-08-05 06:00:00,2021-08-05 06:15:00,21.0,21.433444444444447,21.222555555555555,22.827272727272728
20568,2021-08-05 06:15:00,2021-08-05 06:30:00,21.0,22.78527777777778,22.142833333333332,22.736363636363638
20569,2021-08-05 06:30:00,2021-08-05 06:45:00,22.0,21.881500000000006,21.59322222222222,22.054545454545455
20570,2021-08-05 06:45:00,2021-08-05 07:00:00,21.0,23.68760317460318,23.709333333333326,24.71818181818182
20571,2021-08-05 07:00:00,2021-08-05 07:15:00,20.0,21.425833333333337,21.25183333333333,22.345454545454544
20572,2021-08-05 07:15:00,2021-08-05 07:30:00,20.0,20.83975,20.62622222222222,20.904545454545456
20573,2021-08-05 07:30:00,2021-08-05 07:45:00,20.0,20.991638888888893,21.075555555555557,20.572727272727274
20574,2021-08-05 07:45:00,2021-08-05 08:00:00,20.0,20.99386111111111,21.232500000000016,21.181818181818183
20575,2021-08-05 08:00:00,2021-08-05 08:15:00,20.0,21.62147222222222,21.670777777777772,21.881818181818183
20576,2021-08-05 08:15:00,2021-08-05 08:30:00,24.0,20.632194444444448,20.5485,20.686363636363637
20577,2021-08-05 08:30:00,2021-08-05 08:45:00,23.0,25.016444444444446,24.8945,27.10909090909091
20578,2021-08-05 08:45:00,2021-08-05 09:00:00,20.0,21.788833333333322,21.25711111111111,23.895454545454545
20579,2021-08-05 09:00:00,2021-08-05 09:15:00,20.0,20.519638888888892,20.58327777777778,21.045454545454547
20580,2021-08-05 09:15:00,2021-08-05 09:30:00,21.0,20.58802777777777,20.428277777777776,20.527272727272727
20581,2021-08-05 09:30:00,2021-08-05 09:45:00,21.0,21.372111111111106,21.519499999999997,21.813636363636363
20582,2021-08-05 09:45:00,2021-08-05 10:00:00,21.0,21.392999999999997,21.515944444444443,22.068181818181817
20583,2021-08-05 10:00:00,2021-08-05 10:15:00,21.0,21.46983333333334,21.614277777777776,21.55909090909091
20584,2021-08-05 10:15:00,2021-08-05 10:30:00,21.0,21.614833333333333,21.684166666666663,21.581818181818182
20585,2021-08-05 10:30:00,2021-08-05 10:45:00,21.0,21.159222222222226,20.9453888888889,21.868181818181817
20586,2021-08-05 10:45:00,2021-08-05 11:00:00,20.0,21.184944444444447,21.165111111111116,21.55909090909091
20587,2021-08-05 11:00:00,2021-08-05 11:15:00,21.0,21.69586111111112,21.655111111111115,21.60909090909091
20588,2021-08-05 11:15:00,2021-08-05 11:30:00,21.0,21.756555555555547,21.858611111111106,21.654545454545456
20589,2021-08-05 11:30:00,2021-08-05 11:45:00,22.0,21.874388888888884,21.617722222222223,21.95909090909091
20590,2021-08-05 11:45:00,2021-08-05 12:00:00,25.0,25.549277777777785,25.80022222222223,25.681818181818183
20591,2021-08-05 12:00:00,2021-08-05 12:15:00,24.0,24.4743888888889,24.313777777777776,28.527272727272727
20592,2021-08-05 12:15:00,2021-08-05 12:30:00,21.0,21.691722222222236,21.201888888888885,24.804545454545455
20593,2021-08-05 12:30:00,2021-08-05 12:45:00,21.0,21.09005555555554,21.204222222222224,21.73181818181818
20594,2021-08-05 12:45:00,2021-08-05 13:00:00,21.0,21.028055555555543,21.067333333333337,21.618181818181817
20595,2021-08-05 13:00:00,2021-08-05 13:15:00,21.0,21.13694444444444,21.234944444444448,21.645454545454545
20596,2021-08-05 13:15:00,2021-08-05 13:30:00,21.0,21.130222222222233,21.106388888888883,21.40909090909091
20597,2021-08-05 13:30:00,2021-08-05 13:45:00,21.0,21.08544444444445,21.007500000000007,21.5
20598,2021-08-05 13:45:00,2021-08-05 14:00:00,24.0,21.12705555555556,21.021444444444448,21.62272727272727
20599,2021-08-05 14:00:00,2021-08-05 14:15:00,21.0,25.783880952380954,25.675888888888892,27.081818181818182
20600,2021-08-05 14:15:00,2021-08-05 14:30:00,21.0,21.157944444444443,21.14933333333333,21.672727272727272
20601,2021-08-05 14:30:00,2021-08-05 14:45:00,21.0,21.129111111111104,21.174000000000007,21.568181818181817
20602,2021-08-05 14:45:00,2021-08-05 15:00:00,22.0,21.207888888888885,21.157222222222224,21.62272727272727
20603,2021-08-05 15:00:00,2021-08-05 15:15:00,22.0,23.021214285714283,23.115999999999996,24.831818181818182
20604,2021-08-05 15:15:00,2021-08-05 15:30:00,21.0,23.489579365079358,22.849555555555554,25.113636363636363
20605,2021-08-05 15:30:00,2021-08-05 15:45:00,23.0,21.274833333333326,21.24705555555556,21.777272727272727
20606,2021-08-05 15:45:00,2021-08-05 16:00:00,25.0,25.09461111111111,25.470555555555556,25.35
20607,2021-08-05 16:00:00,2021-08-05 16:15:00,21.0,25.321055555555564,25.5601111111111,28.490909090909092
20608,2021-08-05 16:15:00,2021-08-05 16:30:00,22.0,21.1216111111111,21.117944444444433,21.490909090909092
20609,2021-08-05 16:30:00,2021-08-05 16:45:00,21.0,26.306992063492068,27.831611111111112,27.795454545454547
20610,2021-08-05 16:45:00,2021-08-05 17:00:00,22.0,21.191388888888874,21.209777777777777,21.509090909090908
20611,2021-08-05 17:00:00,2021-08-05 17:15:00,21.0,22.411571428571428,22.698777777777774,24.422727272727272
20612,2021-08-05 17:15:00,2021-08-05 17:30:00,22.0,21.178555555555562,21.03588888888888,22.027272727272727
20613,2021-08-05 17:30:00,2021-08-05 17:45:00,22.0,23.10415873015874,23.59038888888889,25.513636363636362
20614,2021-08-05 17:45:00,2021-08-05 18:00:00,21.0,22.566349206349212,22.633166666666664,24.545454545454547
20615,2021-08-05 18:00:00,2021-08-05 18:15:00,21.0,21.54183333333333,21.491833333333332,21.545454545454547
20616,2021-08-05 18:15:00,2021-08-05 18:30:00,21.0,22.221333333333327,22.269555555555545,21.95909090909091
20617,2021-08-05 18:30:00,2021-08-05 18:45:00,21.0,21.51361111111111,21.55333333333333,21.740909090909092
20618,2021-08-05 18:45:00,2021-08-05 19:00:00,21.0,21.400777777777783,21.623833333333334,21.740909090909092
20619,2021-08-05 19:00:00,2021-08-05 19:15:00,22.0,21.525238095238098,21.37938888888889,21.87727272727273
20620,2021-08-05 19:15:00,2021-08-05 19:30:00,25.0,25.15655555555556,25.145000000000003,25.84090909090909
20621,2021-08-05 19:30:00,2021-08-05 19:45:00,21.0,24.91978571428572,25.17972222222222,26.418181818181818
20622,2021-08-05 19:45:00,2021-08-05 20:00:00,20.0,21.012722222222216,21.161055555555553,21.277272727272727
20623,2021-08-05 20:00:00,2021-08-05 20:15:00,21.0,20.468222222222234,20.393111111111104,20.777272727272727
20624,2021-08-05 20:15:00,2021-08-05 20:30:00,20.0,21.252,21.256111111111117,21.004545454545454
20625,2021-08-05 20:30:00,2021-08-05 20:45:00,20.0,20.409388888888895,20.38816666666667,20.87272727272727
20626,2021-08-05 20:45:00,2021-08-05 21:00:00,22.0,20.63827777777778,20.6565,21.413636363636364
20627,2021-08-05 21:00:00,2021-08-05 21:15:00,21.0,25.607055555555554,27.02888888888889,25.01818181818182
20628,2021-08-05 21:15:00,2021-08-05 21:30:00,22.0,21.120333333333328,21.05305555555555,21.904545454545456
20629,2021-08-05 21:30:00,2021-08-05 21:45:00,21.0,23.954809523809537,24.139111111111117,24.563636363636363
20630,2021-08-05 21:45:00,2021-08-05 22:00:00,21.0,21.624388888888895,21.766111111111112,21.69090909090909
20631,2021-08-05 22:00:00,2021-08-05 22:15:00,21.0,21.59833333333333,21.405888888888885,22.727272727272727
20632,2021-08-05 22:15:00,2021-08-05 22:30:00,21.0,22.27100793650793,22.360333333333333,22.177272727272726
20633,2021-08-05 22:30:00,2021-08-05 22:45:00,21.0,21.78933333333332,21.83872222222222,22.418181818181818
20634,2021-08-05 22:45:00,2021-08-05 23:00:00,23.0,21.624388888888888,21.74988888888888,22.204545454545453
20635,2021-08-05 23:00:00,2021-08-05 23:15:00,26.0,25.094111111111125,26.044444444444437,27.01818181818182
20636,2021-08-05 23:15:00,2021-08-05 23:30:00,22.0,24.25461904761905,24.585388888888893,25.631818181818183
20637,2021-08-05 23:30:00,2021-08-05 23:45:00,21.0,22.111611111111117,22.221944444444446,22.48181818181818
20638,2021-08-05 23:45:00,2021-08-06 00:00:00,21.0,21.502388888888895,21.380333333333333,21.990909090909092
20639,2021-08-06 00:00:00,2021-08-06 00:15:00,21.0,22.36983333333333,22.101277777777778,21.71818181818182
20640,2021-08-06 00:15:00,2021-08-06 00:30:00,21.0,21.444666666666688,22.16644444444444,22.12272727272727
20641,2021-08-06 00:30:00,2021-08-06 00:45:00,20.0,21.17822222222223,21.215722222222222,21.904545454545456
20642,2021-08-06 00:45:00,2021-08-06 01:00:00,21.0,20.55047222222223,20.553555555555555,21.0
20643,2021-08-06 01:00:00,2021-08-06 01:15:00,21.0,21.36277777777779,21.475833333333323,22.486363636363638
20644,2021-08-06 01:15:00,2021-08-06 01:30:00,21.0,20.838476190476193,20.856833333333338,22.163636363636364
20645,2021-08-06 01:30:00,2021-08-06 01:45:00,21.0,21.52127777777777,21.52416666666666,22.881818181818183
20646,2021-08-06 01:45:00,2021-08-06 02:00:00,21.0,21.937611111111117,22.16283333333334,21.87272727272727
20647,2021-08-06 02:00:00,2021-08-06 02:15:00,20.0,22.17226984126984,22.932888888888897,21.845454545454544
20648,2021-08-06 02:15:00,2021-08-06 02:30:00,21.0,20.84274999999999,20.798999999999992,20.818181818181817
20649,2021-08-06 02:30:00,2021-08-06 02:45:00,20.0,21.813111111111095,21.587111111111106,22.822727272727274
20650,2021-08-06 02:45:00,2021-08-06 03:00:00,20.0,20.962750000000003,21.14683333333333,21.104545454545455
20651,2021-08-06 03:00:00,2021-08-06 03:15:00,25.0,21.305583333333335,21.96611111111111,21.009090909090908
20652,2021-08-06 03:15:00,2021-08-06 03:30:00,22.0,25.436555555555568,25.810833333333328,28.477272727272727
20653,2021-08-06 03:30:00,2021-08-06 03:45:00,21.0,21.19083333333333,21.219500000000004,22.4
20654,2021-08-06 03:45:00,2021-08-06 04:00:00,21.0,20.932055555555543,20.9453888888889,22.036363636363635
20655,2021-08-06 04:00:00,2021-08-06 04:15:00,21.0,21.01616666666667,21.03722222222223,21.677272727272726
20656,2021-08-06 04:15:00,2021-08-06 04:30:00,23.0,21.70811111111112,21.409499999999998,22.145454545454545
20657,2021-08-06 04:30:00,2021-08-06 04:45:00,21.0,25.08733333333333,24.788777777777778,26.286363636363635
20658,2021-08-06 04:45:00,2021-08-06 05:00:00,21.0,21.91666666666667,21.74816666666666,22.336363636363636
20659,2021-08-06 05:00:00,2021-08-06 05:15:00,21.0,21.889166666666675,21.674666666666663,22.427272727272726
20660,2021-08-06 05:15:00,2021-08-06 05:30:00,20.0,21.695111111111114,21.636666666666667,23.522727272727273
20661,2021-08-06 05:30:00,2021-08-06 05:45:00,21.0,20.63780555555556,20.522277777777777,20.813636363636363
20662,2021-08-06 05:45:00,2021-08-06 06:00:00,21.0,22.016000000000002,21.65366666666666,22.59090909090909
20663,2021-08-06 06:00:00,2021-08-06 06:15:00,19.0,21.84688888888889,21.66944444444444,22.886363636363637
20664,2021-08-06 06:15:00,2021-08-06 06:30:00,20.0,20.124301587301595,20.241000000000017,20.181818181818183
20665,2021-08-06 06:30:00,2021-08-06 06:45:00,22.0,21.086416666666654,21.00783333333333,21.772727272727273
20666,2021-08-06 06:45:00,2021-08-06 07:00:00,25.0,25.72755555555557,25.901333333333337,25.495454545454546
20667,2021-08-06 07:00:00,2021-08-06 07:15:00,20.0,26.97155555555557,24.608888888888888,36.722727272727276
20668,2021-08-06 07:15:00,2021-08-06 07:30:00,20.0,20.592361111111106,20.48722222222222,20.636363636363637
20669,2021-08-06 07:30:00,2021-08-06 07:45:00,20.0,20.586805555555554,20.457666666666665,20.463636363636365
20670,2021-08-06 07:45:00,2021-08-06 08:00:00,21.0,20.483694444444456,20.500666666666675,20.70909090909091
20671,2021-08-06 08:00:00,2021-08-06 08:15:00,20.0,21.929388888888905,21.77561111111112,22.85
20672,2021-08-06 08:15:00,2021-08-06 08:30:00,20.0,20.603583333333326,20.518444444444448,20.87272727272727
20673,2021-08-06 08:30:00,2021-08-06 08:45:00,20.0,20.594138888888885,20.53761111111111,20.522727272727273
20674,2021-08-06 08:45:00,2021-08-06 09:00:00,21.0,20.469361111111116,20.448500000000013,21.754545454545454
20675,2021-08-06 09:00:00,2021-08-06 09:15:00,21.0,21.112055555555564,21.06977777777777,21.772727272727273
20676,2021-08-06 09:15:00,2021-08-06 09:30:00,21.0,22.836944444444445,23.13716666666666,23.113636363636363
20677,2021-08-06 09:30:00,2021-08-06 09:45:00,21.0,23.05183333333333,23.034777777777773,22.509090909090908
20678,2021-08-06 09:45:00,2021-08-06 10:00:00,21.0,22.245222222222218,22.58455555555555,21.59090909090909
20679,2021-08-06 10:00:00,2021-08-06 10:15:00,24.0,21.661769841269848,22.74722222222221,21.581818181818182
20680,2021-08-06 10:15:00,2021-08-06 10:30:00,25.0,25.56,25.55838888888889,27.25
20681,2021-08-06 10:30:00,2021-08-06 10:45:00,22.0,21.983611111111106,21.67594444444444,25.70909090909091
20682,2021-08-06 10:45:00,2021-08-06 11:00:00,23.0,21.317515873015875,21.14061111111111,22.48181818181818
20683,2021-08-06 11:00:00,2021-08-06 11:15:00,23.0,23.604246031746033,24.87505555555555,27.113636363636363
20684,2021-08-06 11:15:00,2021-08-06 11:30:00,23.0,23.42595238095237,23.190166666666663,25.51818181818182
20685,2021-08-06 11:30:00,2021-08-06 11:45:00,25.0,23.903674603174604,23.271611111111106,26.081818181818182
20686,2021-08-06 11:45:00,2021-08-06 12:00:00,24.0,25.49355555555558,25.455611111111107,27.95
20687,2021-08-06 12:00:00,2021-08-06 12:15:00,24.0,22.988865079365073,23.000000000000004,28.35909090909091
20688,2021-08-06 12:15:00,2021-08-06 12:30:00,23.0,24.01697619047619,23.88255555555556,27.222727272727273
20689,2021-08-06 12:30:00,2021-08-06 12:45:00,24.0,23.359500000000004,22.855888888888895,25.45909090909091
20690,2021-08-06 12:45:00,2021-08-06 13:00:00,23.0,24.593960317460322,24.38322222222222,27.554545454545455
20691,2021-08-06 13:00:00,2021-08-06 13:15:00,23.0,23.55946031746032,23.39661111111111,26.581818181818182
20692,2021-08-06 13:15:00,2021-08-06 13:30:00,23.0,23.455055555555557,23.162055555555558,25.177272727272726
20693,2021-08-06 13:30:00,2021-08-06 13:45:00,23.0,23.38361111111111,23.130277777777774,25.336363636363636
20694,2021-08-06 13:45:00,2021-08-06 14:00:00,24.0,24.168357142857143,23.945777777777778,26.368181818181817
20695,2021-08-06 14:00:00,2021-08-06 14:15:00,27.0,25.43883333333334,25.528555555555545,27.668181818181818
20696,2021-08-06 14:15:00,2021-08-06 14:30:00,24.0,23.758825396825397,24.09138888888888,25.436363636363637
20697,2021-08-06 14:30:00,2021-08-06 14:45:00,22.0,22.904888888888877,22.68444444444444,26.2
20698,2021-08-06 14:45:00,2021-08-06 15:00:00,21.0,22.077285714285715,22.168666666666663,23.677272727272726
20699,2021-08-06 15:00:00,2021-08-06 15:15:00,21.0,21.440507936507935,21.420055555555553,21.886363636363637
20700,2021-08-06 15:15:00,2021-08-06 15:30:00,22.0,21.513777777777776,21.39877777777777,21.55909090909091
20701,2021-08-06 15:30:00,2021-08-06 15:45:00,21.0,22.394674603174597,22.807333333333332,25.004545454545454
20702,2021-08-06 15:45:00,2021-08-06 16:00:00,22.0,21.425896825396823,21.458166666666664,21.913636363636364
20703,2021-08-06 16:00:00,2021-08-06 16:15:00,21.0,22.673134920634915,22.61972222222222,24.759090909090908
20704,2021-08-06 16:15:00,2021-08-06 16:30:00,22.0,21.31761111111112,21.38927777777778,21.87272727272727
20705,2021-08-06 16:30:00,2021-08-06 16:45:00,22.0,22.929920634920634,22.909444444444443,25.486363636363638
20706,2021-08-06 16:45:00,2021-08-06 17:00:00,22.0,23.11788622196517,22.844749999999998,23.96818181818182
20707,2021-08-06 17:00:00,2021-08-06 17:15:00,22.0,23.800814793393734,24.12642647058822,24.327272727272728
20708,2021-08-06 17:15:00,2021-08-06 17:30:00,22.0,23.481681096681104,23.678309523809535,24.027272727272727
20709,2021-08-06 17:30:00,2021-08-06 17:45:00,25.0,22.81248629148629,22.801575388337152,24.213636363636365
20710,2021-08-06 17:45:00,2021-08-06 18:00:00,24.0,26.318611111111117,26.09038888888889,26.063636363636363
20711,2021-08-06 18:00:00,2021-08-06 18:15:00,22.0,23.09611111111111,23.434611111111103,25.513636363636362
20712,2021-08-06 18:15:00,2021-08-06 18:30:00,21.0,22.17316666666667,22.605888888888895,23.172727272727272
20713,2021-08-06 18:30:00,2021-08-06 18:45:00,22.0,21.053333333333324,21.108722222222223,21.44090909090909
20714,2021-08-06 18:45:00,2021-08-06 19:00:00,22.0,22.987666666666662,23.206833333333332,24.072727272727274
20715,2021-08-06 19:00:00,2021-08-06 19:15:00,21.0,22.99861111111112,23.492666666666672,24.086363636363636
20716,2021-08-06 19:15:00,2021-08-06 19:30:00,21.0,21.34455555555555,21.47366666666666,21.804545454545455
20717,2021-08-06 19:30:00,2021-08-06 19:45:00,21.0,21.182888888888897,21.352333333333334,21.95
20718,2021-08-06 19:45:00,2021-08-06 20:00:00,21.0,21.220055555555557,21.351944444444435,22.104545454545455
20719,2021-08-06 20:00:00,2021-08-06 20:15:00,21.0,21.45673809523809,21.404111111111114,22.763636363636362
20720,2021-08-06 20:15:00,2021-08-06 20:30:00,21.0,21.894682539682535,21.766666666666662,22.759090909090908
20721,2021-08-06 20:30:00,2021-08-06 20:45:00,20.0,21.567722222222226,21.82633333333333,22.263636363636362
20722,2021-08-06 20:45:00,2021-08-06 21:00:00,21.0,20.86288888888889,20.905166666666663,21.081818181818182
20723,2021-08-06 21:00:00,2021-08-06 21:15:00,24.0,21.687873015873013,21.48211111111112,23.21818181818182
20724,2021-08-06 21:15:00,2021-08-06 21:30:00,26.0,24.970777777777787,25.34333333333332,27.136363636363637
20725,2021-08-06 21:30:00,2021-08-06 21:45:00,21.0,22.508111111111102,22.592,23.922727272727272
20726,2021-08-06 21:45:00,2021-08-06 22:00:00,21.0,21.068777777777772,21.180166666666658,21.504545454545454
20727,2021-08-06 22:00:00,2021-08-06 22:15:00,21.0,21.203722222222225,21.2635,21.695454545454545
20728,2021-08-06 22:15:00,2021-08-06 22:30:00,21.0,21.297055555555556,21.313,21.78181818181818
20729,2021-08-06 22:30:00,2021-08-06 22:45:00,21.0,21.31666666666667,21.36883333333333,22.30909090909091
20730,2021-08-06 22:45:00,2021-08-06 23:00:00,21.0,21.526055555555555,21.480277777777772,22.104545454545455
20731,2021-08-06 23:00:00,2021-08-06 23:15:00,21.0,21.33694444444445,21.301166666666663,22.045454545454547
20732,2021-08-06 23:15:00,2021-08-06 23:30:00,21.0,21.663277777777786,21.519555555555556,22.986363636363638
20733,2021-08-06 23:30:00,2021-08-06 23:45:00,21.0,21.751055555555553,21.730055555555563,22.463636363636365
20734,2021-08-06 23:45:00,2021-08-07 00:00:00,21.0,22.208000000000002,22.285111111111117,22.65909090909091
20735,2021-08-07 00:00:00,2021-08-07 00:15:00,21.0,22.924047619047613,23.133333333333336,21.631818181818183
20736,2021-08-07 00:15:00,2021-08-07 00:30:00,21.0,21.725944444444448,21.860944444444446,21.59090909090909
20737,2021-08-07 00:30:00,2021-08-07 00:45:00,21.0,21.55105555555555,21.497111111111103,21.15909090909091
20738,2021-08-07 00:45:00,2021-08-07 01:00:00,24.0,21.775277777777774,21.69094444444444,21.777272727272727
20739,2021-08-07 01:00:00,2021-08-07 01:15:00,25.0,25.757000000000023,25.597444444444456,25.522727272727273
20740,2021-08-07 01:15:00,2021-08-07 01:30:00,22.0,22.246333333333325,22.186666666666667,23.28181818181818
20741,2021-08-07 01:30:00,2021-08-07 01:45:00,21.0,21.386325396825402,21.519833333333334,21.7
20742,2021-08-07 01:45:00,2021-08-07 02:00:00,21.0,20.939499999999995,20.79105555555555,21.26818181818182
20743,2021-08-07 02:00:00,2021-08-07 02:15:00,21.0,21.013079365079367,20.829499999999992,21.259090909090908
20744,2021-08-07 02:15:00,2021-08-07 02:30:00,20.0,21.06616666666667,20.963777777777782,21.5
20745,2021-08-07 02:30:00,2021-08-07 02:45:00,21.0,20.63169444444445,20.592111111111112,20.568181818181817
20746,2021-08-07 02:45:00,2021-08-07 03:00:00,20.0,20.976166666666664,20.733111111111107,21.39090909090909
20747,2021-08-07 03:00:00,2021-08-07 03:15:00,21.0,20.525416666666672,20.590777777777785,20.536363636363635
20748,2021-08-07 03:15:00,2021-08-07 03:30:00,20.0,21.02227777777777,20.86794444444444,21.35
20749,2021-08-07 03:30:00,2021-08-07 03:45:00,20.0,20.6976388888889,20.821333333333335,20.62272727272727
20750,2021-08-07 03:45:00,2021-08-07 04:00:00,21.0,21.123805555555567,21.548777777777772,20.65
20751,2021-08-07 04:00:00,2021-08-07 04:15:00,21.0,21.581999999999994,21.197166666666664,21.736363636363638
20752,2021-08-07 04:15:00,2021-08-07 04:30:00,21.0,21.990222222222233,21.50127777777778,21.486363636363638
20753,2021-08-07 04:30:00,2021-08-07 04:45:00,21.0,22.716944444444433,23.080999999999992,22.131818181818183
20754,2021-08-07 04:45:00,2021-08-07 05:00:00,21.0,22.108555555555558,22.393666666666665,21.263636363636362
20755,2021-08-07 05:00:00,2021-08-07 05:15:00,24.0,22.406936507936503,22.371055555555557,21.227272727272727
20756,2021-08-07 05:15:00,2021-08-07 05:30:00,22.0,26.025833333333335,25.77544444444445,25.336363636363636
20757,2021-08-07 05:30:00,2021-08-07 05:45:00,21.0,21.727111111111103,22.011611111111115,21.745454545454546
20758,2021-08-07 05:45:00,2021-08-07 06:00:00,21.0,21.346555555555536,21.065500000000007,21.686363636363637
20759,2021-08-07 06:00:00,2021-08-07 06:15:00,21.0,21.152944444444437,20.936611111111112,21.495454545454546
20760,2021-08-07 06:15:00,2021-08-07 06:30:00,21.0,22.2675,21.73633333333333,21.577272727272728
20761,2021-08-07 06:30:00,2021-08-07 06:45:00,21.0,21.32994444444445,21.03449999999999,21.136363636363637
20762,2021-08-07 06:45:00,2021-08-07 07:00:00,21.0,21.36522222222222,21.154500000000006,21.35909090909091
20763,2021-08-07 07:00:00,2021-08-07 07:15:00,21.0,21.30988888888888,20.960999999999995,21.618181818181817
20764,2021-08-07 07:15:00,2021-08-07 07:30:00,20.0,22.765666666666664,21.391722222222224,24.613636363636363
20765,2021-08-07 07:30:00,2021-08-07 07:45:00,20.0,20.70041666666667,20.536055555555556,20.631818181818183
20766,2021-08-07 07:45:00,2021-08-07 08:00:00,21.0,21.48436111111111,22.069055555555554,20.604545454545455
20767,2021-08-07 08:00:00,2021-08-07 08:15:00,20.0,21.551611111111107,21.409555555555556,21.240909090909092
20768,2021-08-07 08:15:00,2021-08-07 08:30:00,20.0,20.924805555555558,20.949944444444444,20.509090909090908
20769,2021-08-07 08:30:00,2021-08-07 08:45:00,22.0,20.807194444444452,20.77311111111111,20.19090909090909
20770,2021-08-07 08:45:00,2021-08-07 09:00:00,25.0,25.438833333333342,25.663444444444448,24.65
20771,2021-08-07 09:00:00,2021-08-07 09:15:00,24.0,26.282777777777802,24.99277777777779,24.37272727272727
20772,2021-08-07 09:15:00,2021-08-07 09:30:00,21.0,21.193277777777787,21.008277777777778,21.96818181818182
20773,2021-08-07 09:30:00,2021-08-07 09:45:00,21.0,20.89527777777777,20.72477777777777,21.222727272727273
20774,2021-08-07 09:45:00,2021-08-07 10:00:00,21.0,21.0055,20.94605555555556,21.25
20775,2021-08-07 10:00:00,2021-08-07 10:15:00,21.0,20.97369047619048,20.81188888888889,21.077272727272728
20776,2021-08-07 10:15:00,2021-08-07 10:30:00,21.0,20.922722222222227,20.89283333333334,21.30909090909091
20777,2021-08-07 10:30:00,2021-08-07 10:45:00,20.0,20.956666666666667,20.797000000000008,21.704545454545453
20778,2021-08-07 10:45:00,2021-08-07 11:00:00,21.0,20.56513888888889,20.492388888888886,20.60909090909091
20779,2021-08-07 11:00:00,2021-08-07 11:15:00,21.0,20.658666666666658,20.543888888888883,21.172727272727272
20780,2021-08-07 11:15:00,2021-08-07 11:30:00,21.0,20.83927777777777,20.719388888888876,21.463636363636365
20781,2021-08-07 11:30:00,2021-08-07 11:45:00,20.0,22.01038888888888,21.712611111111105,22.368181818181817
20782,2021-08-07 11:45:00,2021-08-07 12:00:00,21.0,21.229361111111107,21.36677777777777,20.522727272727273
20783,2021-08-07 12:00:00,2021-08-07 12:15:00,21.0,21.174833333333336,21.489777777777775,20.954545454545453
20784,2021-08-07 12:15:00,2021-08-07 12:30:00,23.0,21.577555555555556,21.516388888888883,21.504545454545454
20785,2021-08-07 12:30:00,2021-08-07 12:45:00,26.0,25.24077777777779,25.315388888888894,24.65
20786,2021-08-07 12:45:00,2021-08-07 13:00:00,22.0,24.57122222222222,24.55633333333334,24.595454545454544
20787,2021-08-07 13:00:00,2021-08-07 13:15:00,21.0,21.584936507936508,21.341444444444445,21.69090909090909
20788,2021-08-07 13:15:00,2021-08-07 13:30:00,21.0,21.153444444444446,21.13388888888889,21.336363636363636
20789,2021-08-07 13:30:00,2021-08-07 13:45:00,21.0,21.1375,21.096722222222223,21.227272727272727
20790,2021-08-07 13:45:00,2021-08-07 14:00:00,20.0,21.116166666666675,21.048833333333338,21.363636363636363
20791,2021-08-07 14:00:00,2021-08-07 14:15:00,21.0,20.65730555555556,20.570111111111114,21.327272727272728
20792,2021-08-07 14:15:00,2021-08-07 14:30:00,21.0,20.842222222222222,20.70905555555555,21.195454545454545
20793,2021-08-07 14:30:00,2021-08-07 14:45:00,21.0,20.764111111111113,20.73677777777778,21.545454545454547
20794,2021-08-07 14:45:00,2021-08-07 15:00:00,21.0,21.03611111111111,20.942277777777782,21.677272727272726
20795,2021-08-07 15:00:00,2021-08-07 15:15:00,22.0,22.27438095238094,21.871722222222218,21.427272727272726
20796,2021-08-07 15:15:00,2021-08-07 15:30:00,21.0,25.11155555555557,25.008222222222233,24.30909090909091
20797,2021-08-07 15:30:00,2021-08-07 15:45:00,21.0,21.397666666666666,21.29711111111111,21.254545454545454
20798,2021-08-07 15:45:00,2021-08-07 16:00:00,21.0,21.357777777777788,21.224499999999995,21.672727272727272
20799,2021-08-07 16:00:00,2021-08-07 16:15:00,24.0,21.770388888888878,21.61827777777777,21.477272727272727
20800,2021-08-07 16:15:00,2021-08-07 16:30:00,25.0,26.00583333333334,25.825611111111115,25.177272727272726
20801,2021-08-07 16:30:00,2021-08-07 16:45:00,24.0,21.776833333333332,21.76149999999999,22.45909090909091
20802,2021-08-07 16:45:00,2021-08-07 17:00:00,21.0,21.821611111111103,21.59305555555555,22.1
20803,2021-08-07 17:00:00,2021-08-07 17:15:00,21.0,20.822166666666654,20.677944444444435,21.05
20804,2021-08-07 17:15:00,2021-08-07 17:30:00,21.0,20.862777777777772,20.876111111111108,20.7
20805,2021-08-07 17:30:00,2021-08-07 17:45:00,21.0,20.92338888888889,20.946722222222228,20.827272727272728
20806,2021-08-07 17:45:00,2021-08-07 18:00:00,21.0,21.18116666666667,20.94016666666667,21.495454545454546
20807,2021-08-07 18:00:00,2021-08-07 18:15:00,21.0,20.95144444444445,20.705555555555556,21.472727272727273
20808,2021-08-07 18:15:00,2021-08-07 18:30:00,21.0,21.04011111111112,20.851500000000005,21.75
20809,2021-08-07 18:30:00,2021-08-07 18:45:00,21.0,21.043888888888894,20.910111111111117,21.077272727272728
20810,2021-08-07 18:45:00,2021-08-07 19:00:00,21.0,21.076277777777783,20.98488888888889,21.418181818181818
20811,2021-08-07 19:00:00,2021-08-07 19:15:00,21.0,22.342690476190477,22.64233333333332,21.55
20812,2021-08-07 19:15:00,2021-08-07 19:30:00,21.0,23.161436507936504,23.153666666666666,21.55909090909091
20813,2021-08-07 19:30:00,2021-08-07 19:45:00,21.0,21.468055555555566,21.524555555555555,21.04090909090909
20814,2021-08-07 19:45:00,2021-08-07 20:00:00,24.0,21.247944444444446,21.33488888888889,21.463636363636365
20815,2021-08-07 20:00:00,2021-08-07 20:15:00,26.0,25.80594444444445,25.491777777777788,25.613636363636363
20816,2021-08-07 20:15:00,2021-08-07 20:30:00,21.0,22.832166666666673,22.81049999999999,23.318181818181817
20817,2021-08-07 20:30:00,2021-08-07 20:45:00,21.0,21.155944444444444,21.156166666666667,21.045454545454547
20818,2021-08-07 20:45:00,2021-08-07 21:00:00,22.0,21.215055555555562,21.25777777777778,21.213636363636365
20819,2021-08-07 21:00:00,2021-08-07 21:15:00,22.0,21.73256349206349,22.225722222222217,22.26818181818182
20820,2021-08-07 21:15:00,2021-08-07 21:30:00,22.0,22.2400634920635,22.166166666666665,24.19090909090909
20821,2021-08-07 21:30:00,2021-08-07 21:45:00,21.0,22.22171428571429,22.221555555555558,23.26818181818182
20822,2021-08-07 21:45:00,2021-08-07 22:00:00,22.0,21.331222222222216,21.189888888888884,21.577272727272728
20823,2021-08-07 22:00:00,2021-08-07 22:15:00,21.0,21.877968253968263,21.897666666666666,23.05909090909091
20824,2021-08-07 22:15:00,2021-08-07 22:30:00,21.0,21.599642857142854,21.855555555555565,21.395454545454545
20825,2021-08-07 22:30:00,2021-08-07 22:45:00,21.0,21.63155555555555,21.752777777777773,21.20909090909091
20826,2021-08-07 22:45:00,2021-08-07 23:00:00,21.0,21.45666666666666,21.47161111111111,21.37727272727273
20827,2021-08-07 23:00:00,2021-08-07 23:15:00,23.0,21.237499999999986,21.358055555555552,21.213636363636365
20828,2021-08-07 23:15:00,2021-08-07 23:30:00,21.0,25.171833333333336,25.845222222222226,24.418181818181818
20829,2021-08-07 23:30:00,2021-08-07 23:45:00,23.0,21.612166666666667,21.730166666666666,21.28181818181818
20830,2021-08-07 23:45:00,2021-08-08 00:00:00,25.0,25.347642857142862,26.08694444444445,24.14090909090909
20831,2021-08-08 00:00:00,2021-08-08 00:15:00,21.0,25.955722222222235,25.42472222222221,26.168181818181818
20832,2021-08-08 00:15:00,2021-08-08 00:30:00,21.0,20.761499999999998,20.82333333333332,20.98181818181818
20833,2021-08-08 00:30:00,2021-08-08 00:45:00,21.0,20.961777777777776,20.8791111111111,21.131818181818183
20834,2021-08-08 00:45:00,2021-08-08 01:00:00,21.0,21.039944444444444,20.99055555555555,21.177272727272726
20835,2021-08-08 01:00:00,2021-08-08 01:15:00,21.0,21.10638888888889,21.053166666666673,21.331818181818182
20836,2021-08-08 01:15:00,2021-08-08 01:30:00,21.0,20.960055555555567,20.906944444444445,20.990909090909092
20837,2021-08-08 01:30:00,2021-08-08 01:45:00,21.0,21.066111111111113,21.035888888888888,21.21818181818182
20838,2021-08-08 01:45:00,2021-08-08 02:00:00,21.0,21.158055555555553,21.077833333333345,21.45909090909091
20839,2021-08-08 02:00:00,2021-08-08 02:15:00,21.0,21.29633333333333,21.34083333333333,21.44090909090909
20840,2021-08-08 02:15:00,2021-08-08 02:30:00,21.0,21.553611111111117,21.794888888888895,21.577272727272728
20841,2021-08-08 02:30:00,2021-08-08 02:45:00,21.0,21.705333333333325,21.532499999999995,21.636363636363637
20842,2021-08-08 02:45:00,2021-08-08 03:00:00,21.0,21.53288888888887,21.57572222222222,21.69090909090909
20843,2021-08-08 03:00:00,2021-08-08 03:15:00,21.0,22.788166666666672,22.776333333333334,22.05909090909091
20844,2021-08-08 03:15:00,2021-08-08 03:30:00,24.0,21.898500000000002,21.738444444444447,21.604545454545455
20845,2021-08-08 03:30:00,2021-08-08 03:45:00,24.0,25.883444444444457,25.652666666666676,25.686363636363637
20846,2021-08-08 03:45:00,2021-08-08 04:00:00,21.0,22.650555555555545,22.518222222222214,23.113636363636363
20847,2021-08-08 04:00:00,2021-08-08 04:15:00,21.0,21.064880952380946,20.84533333333334,21.363636363636363
20848,2021-08-08 04:15:00,2021-08-08 04:30:00,21.0,21.459166666666665,21.23194444444444,21.181818181818183
20849,2021-08-08 04:30:00,2021-08-08 04:45:00,21.0,21.232888888888894,21.15572222222222,21.213636363636365
20850,2021-08-08 04:45:00,2021-08-08 05:00:00,21.0,21.292833333333338,21.21722222222222,21.44090909090909
20851,2021-08-08 05:00:00,2021-08-08 05:15:00,21.0,21.307777777777787,21.264944444444446,21.631818181818183
20852,2021-08-08 05:15:00,2021-08-08 05:30:00,20.0,21.40738888888889,21.086277777777774,21.854545454545455
20853,2021-08-08 05:30:00,2021-08-08 05:45:00,20.0,20.54275,20.485777777777773,20.704545454545453
20854,2021-08-08 05:45:00,2021-08-08 06:00:00,21.0,21.06836111111112,21.34166666666666,20.54090909090909
20855,2021-08-08 06:00:00,2021-08-08 06:15:00,21.0,21.692833333333326,21.31727777777777,21.645454545454545
20856,2021-08-08 06:15:00,2021-08-08 06:30:00,23.0,22.568277777777784,21.84227777777778,21.95909090909091
20857,2021-08-08 06:30:00,2021-08-08 06:45:00,20.0,25.432388888888884,25.302000000000003,24.76818181818182
20858,2021-08-08 06:45:00,2021-08-08 07:00:00,21.0,20.651138888888894,20.72094444444444,20.381818181818183
20859,2021-08-08 07:00:00,2021-08-08 07:15:00,25.0,21.35488888888889,21.14422222222222,21.8
20860,2021-08-08 07:15:00,2021-08-08 07:30:00,22.0,28.23360317460317,25.644777777777783,27.45
20861,2021-08-08 07:30:00,2021-08-08 07:45:00,20.0,21.655222222222218,21.773444444444447,21.086363636363636
20862,2021-08-08 07:45:00,2021-08-08 08:00:00,20.0,20.344916666666666,20.397666666666666,20.422727272727272
20863,2021-08-08 08:00:00,2021-08-08 08:15:00,20.0,20.356583333333337,20.3705,20.295454545454547
20864,2021-08-08 08:15:00,2021-08-08 08:30:00,20.0,20.291472222222232,20.225333333333335,20.23181818181818
20865,2021-08-08 08:30:00,2021-08-08 08:45:00,21.0,20.42341666666667,20.335222222222228,20.181818181818183
20866,2021-08-08 08:45:00,2021-08-08 09:00:00,21.0,21.446499999999993,21.528166666666678,21.736363636363638
20867,2021-08-08 09:00:00,2021-08-08 09:15:00,21.0,21.000444444444444,20.937555555555555,22.363636363636363
20868,2021-08-08 09:15:00,2021-08-08 09:30:00,21.0,21.151888888888887,21.058722222222226,21.618181818181817
20869,2021-08-08 09:30:00,2021-08-08 09:45:00,21.0,22.104499999999998,22.28177777777779,21.318181818181817
20870,2021-08-08 09:45:00,2021-08-08 10:00:00,21.0,21.68505555555555,22.1255,21.259090909090908
20871,2021-08-08 10:00:00,2021-08-08 10:15:00,21.0,21.798055555555564,22.631888888888884,21.259090909090908
20872,2021-08-08 10:15:00,2021-08-08 10:30:00,21.0,21.70327777777777,22.118666666666666,21.313636363636363
20873,2021-08-08 10:30:00,2021-08-08 10:45:00,23.0,21.959833333333336,21.75577777777778,21.668181818181818
20874,2021-08-08 10:45:00,2021-08-08 11:00:00,25.0,25.370000000000022,25.316777777777784,24.563636363636363
20875,2021-08-08 11:00:00,2021-08-08 11:15:00,21.0,24.490055555555575,24.232555555555557,23.895454545454545
20876,2021-08-08 11:15:00,2021-08-08 11:30:00,21.0,20.826666666666668,20.65683333333332,21.104545454545455
20877,2021-08-08 11:30:00,2021-08-08 11:45:00,21.0,20.910111111111103,20.884944444444447,21.195454545454545
20878,2021-08-08 11:45:00,2021-08-08 12:00:00,21.0,20.8775,20.758555555555557,21.168181818181818
20879,2021-08-08 12:00:00,2021-08-08 12:15:00,21.0,20.827222222222222,20.804888888888907,21.009090909090908
20880,2021-08-08 12:15:00,2021-08-08 12:30:00,21.0,20.860166666666665,20.734277777777777,21.322727272727274
20881,2021-08-08 12:30:00,2021-08-08 12:45:00,21.0,20.981777777777786,20.87550000000001,21.327272727272728
20882,2021-08-08 12:45:00,2021-08-08 13:00:00,20.0,21.05150000000001,20.955611111111118,21.354545454545455
20883,2021-08-08 13:00:00,2021-08-08 13:15:00,20.0,20.891472222222227,20.88133333333333,20.754545454545454
20884,2021-08-08 13:15:00,2021-08-08 13:30:00,23.0,20.848305555555548,21.00277777777777,20.486363636363638
20885,2021-08-08 13:30:00,2021-08-08 13:45:00,20.0,25.162000000000003,25.151166666666672,24.436363636363637
20886,2021-08-08 13:45:00,2021-08-08 14:00:00,21.0,20.632972222222225,20.575944444444442,20.577272727272728
20887,2021-08-08 14:00:00,2021-08-08 14:15:00,20.0,21.143944444444443,21.103833333333327,21.081818181818182
20888,2021-08-08 14:15:00,2021-08-08 14:30:00,25.0,20.457916666666662,20.455777777777776,20.422727272727272
20889,2021-08-08 14:30:00,2021-08-08 14:45:00,22.0,25.568111111111122,26.196833333333345,24.672727272727272
20890,2021-08-08 14:45:00,2021-08-08 15:00:00,21.0,21.03232539682539,21.0115,21.54090909090909
20891,2021-08-08 15:00:00,2021-08-08 15:15:00,20.0,21.012333333333334,20.848500000000005,21.1
20892,2021-08-08 15:15:00,2021-08-08 15:30:00,20.0,20.326944444444454,20.231999999999992,20.495454545454546
20893,2021-08-08 15:30:00,2021-08-08 15:45:00,21.0,20.306000000000008,20.285722222222226,20.513636363636362
20894,2021-08-08 15:45:00,2021-08-08 16:00:00,21.0,20.956166666666675,20.890944444444447,21.286363636363635
20895,2021-08-08 16:00:00,2021-08-08 16:15:00,21.0,20.7071111111111,20.596222222222224,20.89090909090909
20896,2021-08-08 16:15:00,2021-08-08 16:30:00,21.0,21.2831111111111,21.29672222222222,21.836363636363636
20897,2021-08-08 16:30:00,2021-08-08 16:45:00,20.0,21.231277777777777,21.12405555555556,21.277272727272727
20898,2021-08-08 16:45:00,2021-08-08 17:00:00,21.0,21.086944444444445,21.168611111111108,20.35
20899,2021-08-08 17:00:00,2021-08-08 17:15:00,21.0,21.69690476190474,21.447777777777777,21.954545454545453
20900,2021-08-08 17:15:00,2021-08-08 17:30:00,21.0,23.02707142857144,22.641833333333334,22.536363636363635
20901,2021-08-08 17:30:00,2021-08-08 17:45:00,22.0,21.97477777777777,21.75477777777777,22.14090909090909
20902,2021-08-08 17:45:00,2021-08-08 18:00:00,25.0,25.326293650793662,25.373333333333342,24.204545454545453
20903,2021-08-08 18:00:00,2021-08-08 18:15:00,24.0,25.107222222222244,25.088166666666666,25.222727272727273
20904,2021-08-08 18:15:00,2021-08-08 18:30:00,21.0,21.474333333333334,21.221944444444436,22.013636363636362
20905,2021-08-08 18:30:00,2021-08-08 18:45:00,21.0,20.740499999999983,20.639611111111105,20.918181818181818
20906,2021-08-08 18:45:00,2021-08-08 19:00:00,21.0,20.898111111111113,20.902666666666672,21.03181818181818
20907,2021-08-08 19:00:00,2021-08-08 19:15:00,21.0,20.81977777777779,20.833666666666673,20.922727272727272
20908,2021-08-08 19:15:00,2021-08-08 19:30:00,21.0,21.124222222222226,20.944111111111106,21.863636363636363
20909,2021-08-08 19:30:00,2021-08-08 19:45:00,21.0,21.008000000000006,20.871388888888887,21.368181818181817
20910,2021-08-08 19:45:00,2021-08-08 20:00:00,21.0,21.083444444444453,20.95838888888889,21.40909090909091
20911,2021-08-08 20:00:00,2021-08-08 20:15:00,21.0,21.06355555555556,21.03027777777778,21.822727272727274
20912,2021-08-08 20:15:00,2021-08-08 20:30:00,22.0,21.154126984126982,20.92127777777778,22.09090909090909
20913,2021-08-08 20:30:00,2021-08-08 20:45:00,20.0,25.112388888888905,25.330666666666673,24.631818181818183
20914,2021-08-08 20:45:00,2021-08-08 21:00:00,21.0,20.924222222222227,21.03394444444444,20.44090909090909
20915,2021-08-08 21:00:00,2021-08-08 21:15:00,21.0,21.284206349206347,21.1451111111111,21.668181818181818
20916,2021-08-08 21:15:00,2021-08-08 21:30:00,21.0,22.164865079365086,22.349000000000004,21.918181818181818
20917,2021-08-08 21:30:00,2021-08-08 21:45:00,21.0,21.74194444444444,21.85733333333333,22.313636363636363
20918,2021-08-08 21:45:00,2021-08-08 22:00:00,26.0,21.941388888888902,22.19816666666666,21.94090909090909
20919,2021-08-08 22:00:00,2021-08-08 22:15:00,22.0,25.702611111111114,27.179611111111118,26.490909090909092
20920,2021-08-08 22:15:00,2021-08-08 22:30:00,21.0,21.38004761904762,21.29977777777778,22.086363636363636
20921,2021-08-08 22:30:00,2021-08-08 22:45:00,21.0,21.38422222222222,21.29350000000001,21.35
20922,2021-08-08 22:45:00,2021-08-08 23:00:00,21.0,21.28377777777778,21.281555555555553,21.295454545454547
20923,2021-08-08 23:00:00,2021-08-08 23:15:00,20.0,21.153722222222225,21.09605555555556,21.60909090909091
20924,2021-08-08 23:15:00,2021-08-08 23:30:00,21.0,20.33944444444444,20.265777777777775,20.477272727272727
20925,2021-08-08 23:30:00,2021-08-08 23:45:00,21.0,21.227333333333327,21.023833333333332,22.586363636363636
20926,2021-08-08 23:45:00,2021-08-09 00:00:00,21.0,21.67355555555555,21.192000000000004,23.077272727272728
20927,2021-08-09 00:00:00,2021-08-09 00:15:00,21.0,21.78505555555555,21.314277777777775,21.527272727272727
20928,2021-08-09 00:15:00,2021-08-09 00:30:00,21.0,21.494666666666674,21.313444444444436,21.827272727272728
20929,2021-08-09 00:30:00,2021-08-09 00:45:00,21.0,21.564333333333323,21.511722222222218,21.327272727272728
20930,2021-08-09 00:45:00,2021-08-09 01:00:00,21.0,21.685888888888883,21.56977777777777,22.28181818181818
20931,2021-08-09 01:00:00,2021-08-09 01:15:00,21.0,22.22427777777779,23.005000000000003,21.436363636363637
20932,2021-08-09 01:15:00,2021-08-09 01:30:00,25.0,21.50611111111111,21.584500000000006,21.272727272727273
20933,2021-08-09 01:30:00,2021-08-09 01:45:00,24.0,25.303214285714283,25.28611111111111,25.34090909090909
20934,2021-08-09 01:45:00,2021-08-09 02:00:00,21.0,21.80205555555555,21.661888888888896,22.59090909090909
20935,2021-08-09 02:00:00,2021-08-09 02:15:00,21.0,21.29933333333333,21.436444444444447,21.354545454545455
20936,2021-08-09 02:15:00,2021-08-09 02:30:00,20.0,21.09488888888889,21.068333333333324,21.136363636363637
20937,2021-08-09 02:30:00,2021-08-09 02:45:00,20.0,20.388138888888896,20.328166666666664,20.35909090909091
20938,2021-08-09 02:45:00,2021-08-09 03:00:00,20.0,20.562805555555553,20.50927777777779,20.495454545454546
20939,2021-08-09 03:00:00,2021-08-09 03:15:00,21.0,20.625361111111104,20.588000000000005,20.995454545454546
20940,2021-08-09 03:15:00,2021-08-09 03:30:00,21.0,21.617166666666662,21.503833333333333,22.063636363636363
20941,2021-08-09 03:30:00,2021-08-09 03:45:00,21.0,20.85111111111112,20.683944444444446,21.536363636363635
20942,2021-08-09 03:45:00,2021-08-09 04:00:00,23.0,21.352944444444447,21.264000000000003,21.70909090909091
20943,2021-08-09 04:00:00,2021-08-09 04:15:00,20.0,25.270444444444443,25.187611111111117,25.2
20944,2021-08-09 04:15:00,2021-08-09 04:30:00,21.0,20.749138888888886,20.708999999999993,20.486363636363638
20945,2021-08-09 04:30:00,2021-08-09 04:45:00,21.0,21.76172222222223,21.626944444444444,21.87272727272727
20946,2021-08-09 04:45:00,2021-08-09 05:00:00,22.0,21.670277777777777,21.581444444444447,22.009090909090908
20947,2021-08-09 05:00:00,2021-08-09 05:15:00,25.0,23.967055555555554,24.28561111111112,24.704545454545453
20948,2021-08-09 05:15:00,2021-08-09 05:30:00,20.0,24.5571111111111,24.010611111111107,25.086363636363636
20949,2021-08-09 05:30:00,2021-08-09 05:45:00,19.0,20.434472222222222,20.4605,20.513636363636362
20950,2021-08-09 05:45:00,2021-08-09 06:00:00,20.0,20.45227777777782,20.478833333333363,20.413636363636364
20951,2021-08-09 06:00:00,2021-08-09 06:15:00,20.0,20.647138888888893,20.3715,20.586363636363636
20952,2021-08-09 06:15:00,2021-08-09 06:30:00,20.0,20.36236111111112,20.25961111111111,20.572727272727274
20953,2021-08-09 06:30:00,2021-08-09 06:45:00,20.0,20.203861111111113,20.106055555555557,20.463636363636365
20954,2021-08-09 06:45:00,2021-08-09 07:00:00,20.0,20.22447222222223,20.208611111111107,20.04090909090909
20955,2021-08-09 07:00:00,2021-08-09 07:15:00,27.0,21.05713888888889,20.685388888888887,22.245454545454546
20956,2021-08-09 07:15:00,2021-08-09 07:30:00,48.0,36.466111111111104,36.05627777777779,30.163636363636364
20957,2021-08-09 07:30:00,2021-08-09 07:45:00,92.0,73.35672222222216,74.98433333333328,71.71818181818182
20958,2021-08-09 07:45:00,2021-08-09 08:00:00,112.0,132.66016666666664,135.42355555555557,122.80909090909091
20959,2021-08-09 08:00:00,2021-08-09 08:15:00,158.0,148.11727777777773,135.52222222222224,130.66363636363636
20960,2021-08-09 08:15:00,2021-08-09 08:30:00,191.0,176.28828571428582,176.28949999999998,167.36363636363637
20961,2021-08-09 08:30:00,2021-08-09 08:45:00,215.0,196.25277777777765,193.90055555555563,181.70909090909092
20962,2021-08-09 08:45:00,2021-08-09 09:00:00,208.0,202.47122222222222,202.46183333333346,185.0772727272727
20963,2021-08-09 09:00:00,2021-08-09 09:15:00,197.0,188.6966111111111,186.88077777777778,172.55454545454546
20964,2021-08-09 09:15:00,2021-08-09 09:30:00,186.0,189.01633333333328,189.17372222222215,171.67727272727274
20965,2021-08-09 09:30:00,2021-08-09 09:45:00,185.0,181.93316666666666,183.7507222222223,170.7590909090909
20966,2021-08-09 09:45:00,2021-08-09 10:00:00,195.0,184.25083333333333,184.19438888888888,170.77727272727273
20967,2021-08-09 10:00:00,2021-08-09 10:15:00,167.0,159.6134444444444,160.47022222222228,146.9090909090909
20968,2021-08-09 10:15:00,2021-08-09 10:30:00,201.0,192.6432222222222,192.37477777777775,159.9318181818182
20969,2021-08-09 10:30:00,2021-08-09 10:45:00,186.0,192.9282777777776,193.1075555555555,170.31363636363636
20970,2021-08-09 10:45:00,2021-08-09 11:00:00,173.0,178.75561111111108,180.04549999999998,169.87727272727273
20971,2021-08-09 11:00:00,2021-08-09 11:15:00,192.0,170.49944444444446,166.86738888888883,146.61363636363637
20972,2021-08-09 11:15:00,2021-08-09 11:30:00,190.0,187.56105555555544,188.7696111111111,164.63181818181818
20973,2021-08-09 11:30:00,2021-08-09 11:45:00,184.0,183.58683333333332,183.0569444444445,165.14545454545456
20974,2021-08-09 11:45:00,2021-08-09 12:00:00,183.0,178.06216666666668,176.16272222222224,163.77727272727273
20975,2021-08-09 12:00:00,2021-08-09 12:15:00,144.0,127.31461111111103,132.38516666666655,127.14545454545454
20976,2021-08-09 12:15:00,2021-08-09 12:30:00,123.0,139.73611111111111,144.42411111111116,141.96818181818182
20977,2021-08-09 12:30:00,2021-08-09 12:45:00,124.0,112.00505555555554,122.84883333333332,122.7
20978,2021-08-09 12:45:00,2021-08-09 13:00:00,126.0,136.65816666666666,139.00033333333334,134.47727272727272
20979,2021-08-09 13:00:00,2021-08-09 13:15:00,160.0,153.95522222222223,146.07222222222222,144.87272727272727
20980,2021-08-09 13:15:00,2021-08-09 13:30:00,178.0,170.4139444444444,169.28938888888885,159.22727272727272
20981,2021-08-09 13:30:00,2021-08-09 13:45:00,190.0,179.50361111111107,177.78327777777784,171.4909090909091
20982,2021-08-09 13:45:00,2021-08-09 14:00:00,200.0,190.4738888888889,189.89266666666668,174.8409090909091
20983,2021-08-09 14:00:00,2021-08-09 14:15:00,191.0,176.1983888888889,175.1398888888888,149.63636363636363
20984,2021-08-09 14:15:00,2021-08-09 14:30:00,178.0,184.9585555555555,183.7086666666667,164.78636363636363
20985,2021-08-09 14:30:00,2021-08-09 14:45:00,186.0,184.85955555555554,184.9058888888889,167.54090909090908
20986,2021-08-09 14:45:00,2021-08-09 15:00:00,175.0,185.5127777777777,184.87894444444444,168.36363636363637
20987,2021-08-09 15:00:00,2021-08-09 15:15:00,149.0,145.28822222222226,144.38388888888886,143.51818181818183
20988,2021-08-09 15:15:00,2021-08-09 15:30:00,158.0,173.44055555555553,169.22572222222226,154.45454545454547
20989,2021-08-09 15:30:00,2021-08-09 15:45:00,176.0,170.15433333333334,166.7889444444444,156.06363636363636
20990,2021-08-09 15:45:00,2021-08-09 16:00:00,183.0,173.41022222222216,174.88844444444445,158.87727272727273
20991,2021-08-09 16:00:00,2021-08-09 16:15:00,191.0,167.52816666666683,164.39038888888894,148.02727272727273
20992,2021-08-09 16:15:00,2021-08-09 16:30:00,190.0,182.34127777777772,184.44611111111118,161.95454545454547
20993,2021-08-09 16:30:00,2021-08-09 16:45:00,183.0,176.73533333333341,178.02411111111115,166.32272727272726
20994,2021-08-09 16:45:00,2021-08-09 17:00:00,173.0,170.69633333333323,171.66561111111108,164.29090909090908
20995,2021-08-09 17:00:00,2021-08-09 17:15:00,169.0,130.29133333333337,130.9330555555555,134.02272727272728
20996,2021-08-09 17:15:00,2021-08-09 17:30:00,160.0,164.90327777777782,168.70344444444441,154.22272727272727
20997,2021-08-09 17:30:00,2021-08-09 17:45:00,139.0,164.13699999999997,162.96883333333335,155.62272727272727
20998,2021-08-09 17:45:00,2021-08-09 18:00:00,117.0,147.8320000000001,147.25094444444449,140.01363636363635
20999,2021-08-09 18:00:00,2021-08-09 18:15:00,103.0,133.62800000000004,137.14172222222226,119.15454545454546
21000,2021-08-09 18:15:00,2021-08-09 18:30:00,100.0,118.79514285714288,120.94694444444443,110.61818181818182
21001,2021-08-09 18:30:00,2021-08-09 18:45:00,96.0,118.08599999999994,119.01227777777775,109.64545454545454
21002,2021-08-09 18:45:00,2021-08-09 19:00:00,94.0,108.89922222222224,111.93799999999996,102.7090909090909
21003,2021-08-09 19:00:00,2021-08-09 19:15:00,95.0,105.71888888888888,108.06605555555556,97.51363636363637
21004,2021-08-09 19:15:00,2021-08-09 19:30:00,94.0,104.706,104.82761111111112,99.4090909090909
21005,2021-08-09 19:30:00,2021-08-09 19:45:00,93.0,100.80805555555555,100.64599999999999,99.68636363636364
21006,2021-08-09 19:45:00,2021-08-09 20:00:00,90.0,98.8109444444444,99.18116666666666,98.03181818181818
21007,2021-08-09 20:00:00,2021-08-09 20:15:00,100.0,93.10038888888893,94.10455555555556,94.23636363636363
21008,2021-08-09 20:15:00,2021-08-09 20:30:00,112.0,101.71299999999998,103.8418888888889,102.06818181818181
21009,2021-08-09 20:30:00,2021-08-09 20:45:00,110.0,109.25505555555547,109.66588888888887,106.52272727272727
21010,2021-08-09 20:45:00,2021-08-09 21:00:00,113.0,109.15533333333327,107.80627777777777,105.42727272727272
21011,2021-08-09 21:00:00,2021-08-09 21:15:00,116.0,106.09166666666667,104.76055555555554,106.68636363636364
21012,2021-08-09 21:15:00,2021-08-09 21:30:00,119.0,115.4998333333334,115.22722222222221,112.92272727272727
21013,2021-08-09 21:30:00,2021-08-09 21:45:00,111.0,116.87300000000005,120.67516666666667,115.88181818181818
21014,2021-08-09 21:45:00,2021-08-09 22:00:00,115.0,105.85855555555557,102.22261111111114,103.35454545454546
21015,2021-08-09 22:00:00,2021-08-09 22:15:00,106.0,102.57444444444445,106.46794444444446,100.35909090909091
21016,2021-08-09 22:15:00,2021-08-09 22:30:00,108.0,109.21499999999999,110.02872222222223,104.77727272727273
21017,2021-08-09 22:30:00,2021-08-09 22:45:00,108.0,106.75194444444445,108.02233333333332,103.97727272727273
21018,2021-08-09 22:45:00,2021-08-09 23:00:00,112.0,103.88738888888889,102.71555555555555,98.91363636363636
21019,2021-08-09 23:00:00,2021-08-09 23:15:00,108.0,103.96633333333332,106.63822222222225,98.95454545454545
21020,2021-08-09 23:15:00,2021-08-09 23:30:00,104.0,107.81488888888886,107.53461111111113,102.23181818181818
21021,2021-08-09 23:30:00,2021-08-09 23:45:00,103.0,101.60788888888887,101.01972222222221,96.75454545454545
21022,2021-08-09 23:45:00,2021-08-10 00:00:00,76.0,76.92707142857144,79.5958888888889,82.56363636363636
21023,2021-08-10 00:00:00,2021-08-10 00:15:00,71.0,63.42600000000004,63.97122222222224,63.527272727272724
21024,2021-08-10 00:15:00,2021-08-10 00:30:00,68.0,65.77866666666664,66.36077777777778,65.17272727272727
21025,2021-08-10 00:30:00,2021-08-10 00:45:00,67.0,64.81866666666672,65.22266666666664,64.64090909090909
21026,2021-08-10 00:45:00,2021-08-10 01:00:00,67.0,64.9018888888889,65.58349999999999,64.87272727272727
21027,2021-08-10 01:00:00,2021-08-10 01:15:00,104.0,94.59083333333335,94.55288888888892,90.55909090909091
21028,2021-08-10 01:15:00,2021-08-10 01:30:00,101.0,108.84588888888884,109.95861111111113,106.2
21029,2021-08-10 01:30:00,2021-08-10 01:45:00,98.0,106.7856111111111,105.08488888888888,104.88636363636364
21030,2021-08-10 01:45:00,2021-08-10 02:00:00,93.0,103.15816666666669,103.0138888888889,98.83636363636364
21031,2021-08-10 02:00:00,2021-08-10 02:15:00,96.0,98.75622222222223,98.83338888888886,91.39090909090909
21032,2021-08-10 02:15:00,2021-08-10 02:30:00,95.0,101.34272222222218,100.81100000000004,94.78181818181818
21033,2021-08-10 02:30:00,2021-08-10 02:45:00,94.0,99.51877777777774,99.00677777777773,93.14090909090909
21034,2021-08-10 02:45:00,2021-08-10 03:00:00,97.0,96.3797380952381,96.72250000000001,89.75454545454545
21035,2021-08-10 03:00:00,2021-08-10 03:15:00,86.0,89.47996031746027,92.65627777777779,90.26818181818182
21036,2021-08-10 03:15:00,2021-08-10 03:30:00,101.0,98.83638888888889,97.82611111111109,91.17727272727272
21037,2021-08-10 03:30:00,2021-08-10 03:45:00,104.0,100.0722222222222,100.07172222222225,100.06818181818181
21038,2021-08-10 03:45:00,2021-08-10 04:00:00,99.0,102.17022222222222,102.0616111111111,99.6590909090909
21039,2021-08-10 04:00:00,2021-08-10 04:15:00,103.0,98.76055555555551,97.87177777777775,94.01363636363637
21040,2021-08-10 04:15:00,2021-08-10 04:30:00,103.0,101.50856349206349,101.7996666666667,97.85454545454546
21041,2021-08-10 04:30:00,2021-08-10 04:45:00,101.0,100.82550000000003,100.15911111111112,96.51363636363637
21042,2021-08-10 04:45:00,2021-08-10 05:00:00,98.0,101.66011111111108,101.29383333333337,95.44090909090909
21043,2021-08-10 05:00:00,2021-08-10 05:15:00,78.0,83.49227777777779,85.24216666666666,85.09545454545454
21044,2021-08-10 05:15:00,2021-08-10 05:30:00,72.0,72.97627777777777,76.46849999999999,74.0909090909091
21045,2021-08-10 05:30:00,2021-08-10 05:45:00,91.0,93.8905,93.55394444444445,92.5409090909091
21046,2021-08-10 05:45:00,2021-08-10 06:00:00,99.0,97.9192142857143,97.83772222222224,98.08636363636364
21047,2021-08-10 06:00:00,2021-08-10 06:15:00,96.0,105.62809523809526,105.13166666666665,102.89545454545454
21048,2021-08-10 06:15:00,2021-08-10 06:30:00,101.0,99.21467460317464,98.30338888888886,98.26363636363637
21049,2021-08-10 06:30:00,2021-08-10 06:45:00,97.0,102.00466666666665,101.51422222222224,98.45454545454545
21050,2021-08-10 06:45:00,2021-08-10 07:00:00,105.0,94.30166666666669,94.79161111111111,91.35454545454546
21051,2021-08-10 07:00:00,2021-08-10 07:15:00,115.0,103.35998412698409,102.90222222222222,95.89545454545454
21052,2021-08-10 07:15:00,2021-08-10 07:30:00,126.0,124.61205555555556,131.11722222222218,118.35454545454546
21053,2021-08-10 07:30:00,2021-08-10 07:45:00,138.0,147.3176666666666,143.8017777777778,139.4
21054,2021-08-10 07:45:00,2021-08-10 08:00:00,132.0,144.5398888888889,146.17249999999996,141.47272727272727
21055,2021-08-10 08:00:00,2021-08-10 08:15:00,158.0,151.3719444444445,147.89722222222224,148.86818181818182
21056,2021-08-10 08:15:00,2021-08-10 08:30:00,189.0,169.05244444444452,169.16861111111118,167.21363636363637
21057,2021-08-10 08:30:00,2021-08-10 08:45:00,195.0,194.23483333333334,194.65444444444444,184.69545454545454
21058,2021-08-10 08:45:00,2021-08-10 09:00:00,190.0,189.2890555555555,188.83377777777778,189.48636363636365
21059,2021-08-10 09:00:00,2021-08-10 09:15:00,182.0,181.32705555555546,180.69522222222216,180.97272727272727
21060,2021-08-10 09:15:00,2021-08-10 09:30:00,174.0,176.18172222222222,175.99444444444444,172.2
21061,2021-08-10 09:30:00,2021-08-10 09:45:00,193.0,173.09344444444451,173.1266111111111,165.04545454545453
21062,2021-08-10 09:45:00,2021-08-10 10:00:00,190.0,186.12072222222216,186.18872222222217,183.82272727272726
21063,2021-08-10 10:00:00,2021-08-10 10:15:00,142.0,146.60877777777765,157.8464444444444,165.58636363636364
21064,2021-08-10 10:15:00,2021-08-10 10:30:00,180.0,172.52272222222226,170.91983333333334,168.85
21065,2021-08-10 10:30:00,2021-08-10 10:45:00,192.0,183.43022222222226,183.83877777777778,176.8
21066,2021-08-10 10:45:00,2021-08-10 11:00:00,186.0,187.34327777777773,187.10055555555556,184.57272727272726
21067,2021-08-10 11:00:00,2021-08-10 11:15:00,180.0,180.32299999999998,173.47633333333326,175.26363636363635
21068,2021-08-10 11:15:00,2021-08-10 11:30:00,191.0,173.70938888888892,172.30988888888888,165.4909090909091
21069,2021-08-10 11:30:00,2021-08-10 11:45:00,183.0,182.71511111111113,183.05300000000003,177.88181818181818
21070,2021-08-10 11:45:00,2021-08-10 12:00:00,185.0,174.5735,173.1478888888889,173.26363636363635
21071,2021-08-10 12:00:00,2021-08-10 12:15:00,119.0,127.23744444444438,134.96766666666662,140.0090909090909
21072,2021-08-10 12:15:00,2021-08-10 12:30:00,100.0,98.79583333333332,100.32394444444444,108.64545454545454
21073,2021-08-10 12:30:00,2021-08-10 12:45:00,100.0,96.18488888888879,97.38066666666656,108.40454545454546
21074,2021-08-10 12:45:00,2021-08-10 13:00:00,110.0,126.71577777777782,125.97044444444447,122.94090909090909
21075,2021-08-10 13:00:00,2021-08-10 13:15:00,161.0,149.20611111111108,145.3375,143.25454545454545
21076,2021-08-10 13:15:00,2021-08-10 13:30:00,187.0,173.48666666666665,173.79377777777776,166.91363636363636
21077,2021-08-10 13:30:00,2021-08-10 13:45:00,187.0,188.82222222222228,189.46838888888894,179.14545454545456
21078,2021-08-10 13:45:00,2021-08-10 14:00:00,190.0,184.71383333333333,184.65311111111112,182.78636363636363
21079,2021-08-10 14:00:00,2021-08-10 14:15:00,180.0,174.73555555555552,175.90683333333328,163.65454545454546
21080,2021-08-10 14:15:00,2021-08-10 14:30:00,172.0,172.51283333333336,171.89800000000005,168.60454545454544
21081,2021-08-10 14:30:00,2021-08-10 14:45:00,164.0,173.378,173.46816666666672,167.60454545454544
21082,2021-08-10 14:45:00,2021-08-10 15:00:00,165.0,167.89450000000008,166.00016666666676,163.8590909090909
21083,2021-08-10 15:00:00,2021-08-10 15:15:00,133.0,137.88933333333338,136.53922222222224,140.11818181818182
21084,2021-08-10 15:15:00,2021-08-10 15:30:00,138.0,167.54961111111112,160.7512222222222,158.51363636363635
21085,2021-08-10 15:30:00,2021-08-10 15:45:00,167.0,163.35866666666672,160.12861111111113,155.63636363636363
21086,2021-08-10 15:45:00,2021-08-10 16:00:00,181.0,173.63122222222225,172.8577222222222,164.35454545454544
21087,2021-08-10 16:00:00,2021-08-10 16:15:00,178.0,165.22433333333348,165.02600000000007,161.5772727272727
21088,2021-08-10 16:15:00,2021-08-10 16:30:00,182.0,169.5041666666666,169.3731666666667,166.79545454545453
21089,2021-08-10 16:30:00,2021-08-10 16:45:00,155.0,170.8269444444444,173.47966666666653,167.27272727272728
21090,2021-08-10 16:45:00,2021-08-10 17:00:00,161.0,160.68849999999995,162.64188888888887,162.0681818181818
21091,2021-08-10 17:00:00,2021-08-10 17:15:00,116.0,125.27433333333335,128.37222222222223,151.25
21092,2021-08-10 17:15:00,2021-08-10 17:30:00,98.0,106.04255555555557,107.02150000000003,126.18181818181819
21093,2021-08-10 17:30:00,2021-08-10 17:45:00,132.0,137.72830158730162,131.83616666666663,144.21363636363637
21094,2021-08-10 17:45:00,2021-08-10 18:00:00,156.0,153.86650000000003,152.47755555555557,140.4090909090909
21095,2021-08-10 18:00:00,2021-08-10 18:15:00,162.0,160.19216666666657,158.90355555555556,145.23181818181817
21096,2021-08-10 18:15:00,2021-08-10 18:30:00,166.0,156.4375,156.93277777777777,148.05454545454546
21097,2021-08-10 18:30:00,2021-08-10 18:45:00,164.0,164.26205555555563,163.51922222222225,154.78636363636363
21098,2021-08-10 18:45:00,2021-08-10 19:00:00,168.0,162.4649999999999,163.09577777777776,152.21363636363637
21099,2021-08-10 19:00:00,2021-08-10 19:15:00,161.0,157.25266666666667,153.63950000000006,143.02272727272728
21100,2021-08-10 19:15:00,2021-08-10 19:30:00,163.0,158.93994444444445,158.8422222222222,152.01363636363635
21101,2021-08-10 19:30:00,2021-08-10 19:45:00,161.0,161.9288333333333,163.0657777777778,157.0909090909091
21102,2021-08-10 19:45:00,2021-08-10 20:00:00,139.0,142.42316666666662,150.9244444444444,135.43636363636364
21103,2021-08-10 20:00:00,2021-08-10 20:15:00,117.0,128.28005555555558,128.877,125.2
21104,2021-08-10 20:15:00,2021-08-10 20:30:00,135.0,121.23588888888885,123.45672222222225,117.72727272727273
21105,2021-08-10 20:30:00,2021-08-10 20:45:00,131.0,131.80294444444445,133.26661111111108,129.0772727272727
21106,2021-08-10 20:45:00,2021-08-10 21:00:00,133.0,125.10016666666668,124.78499999999998,124.42272727272727
21107,2021-08-10 21:00:00,2021-08-10 21:15:00,127.0,125.20277777777778,124.27927777777778,125.49090909090908
21108,2021-08-10 21:15:00,2021-08-10 21:30:00,121.0,127.66822222222227,126.87200000000004,124.67272727272727
21109,2021-08-10 21:30:00,2021-08-10 21:45:00,120.0,123.48088888888886,123.95366666666666,118.2
21110,2021-08-10 21:45:00,2021-08-10 22:00:00,122.0,119.17044444444441,119.01061111111113,116.98636363636363
21111,2021-08-10 22:00:00,2021-08-10 22:15:00,99.0,108.5599444444444,111.29844444444448,105.72727272727273
21112,2021-08-10 22:15:00,2021-08-10 22:30:00,114.0,111.92605555555555,111.04144444444442,106.83181818181818
21113,2021-08-10 22:30:00,2021-08-10 22:45:00,104.0,111.63577777777776,111.8816111111111,108.57272727272728
21114,2021-08-10 22:45:00,2021-08-10 23:00:00,106.0,110.57444444444442,108.79405555555556,109.26818181818182
21115,2021-08-10 23:00:00,2021-08-10 23:15:00,103.0,107.14533333333333,104.57733333333334,104.22727272727273
21116,2021-08-10 23:15:00,2021-08-10 23:30:00,101.0,106.7350158730159,105.58177777777775,103.21818181818182
21117,2021-08-10 23:30:00,2021-08-10 23:45:00,109.0,100.53443650793655,101.36183333333332,99.45454545454545
21118,2021-08-10 23:45:00,2021-08-11 00:00:00,84.0,86.67115873015871,93.56416666666667,85.44090909090909
21119,2021-08-11 00:00:00,2021-08-11 00:15:00,81.0,66.30905555555562,68.16988888888886,47.4
21120,2021-08-11 00:15:00,2021-08-11 00:30:00,83.0,76.34533333333336,79.52672222222222,66.1
21121,2021-08-11 00:30:00,2021-08-11 00:45:00,76.0,80.45172222222223,83.97383333333336,68.42727272727272
21122,2021-08-11 00:45:00,2021-08-11 01:00:00,66.0,71.13926984126986,72.02944444444448,69.54545454545455
21123,2021-08-11 01:00:00,2021-08-11 01:15:00,102.0,91.88155555555558,91.58927777777778,87.80454545454545
21124,2021-08-11 01:15:00,2021-08-11 01:30:00,108.0,108.4677222222222,109.55994444444444,106.05
21125,2021-08-11 01:30:00,2021-08-11 01:45:00,96.0,112.05427777777776,111.74344444444442,107.18636363636364
21126,2021-08-11 01:45:00,2021-08-11 02:00:00,90.0,101.46177777777777,100.1156111111111,96.3
21127,2021-08-11 02:00:00,2021-08-11 02:15:00,101.0,96.89205555555554,95.99277777777776,94.27272727272727
21128,2021-08-11 02:15:00,2021-08-11 02:30:00,114.0,103.98516666666666,103.4434444444444,98.0
21129,2021-08-11 02:30:00,2021-08-11 02:45:00,109.0,111.44422222222221,113.40799999999996,109.24090909090908
21130,2021-08-11 02:45:00,2021-08-11 03:00:00,110.0,105.42911111111108,105.14861111111111,104.57727272727273
21131,2021-08-11 03:00:00,2021-08-11 03:15:00,97.0,97.17866666666664,97.58472222222221,93.9090909090909
21132,2021-08-11 03:15:00,2021-08-11 03:30:00,113.0,104.93766666666667,103.59647222222223,99.70454545454545
21133,2021-08-11 03:30:00,2021-08-11 03:45:00,102.0,111.13344444444442,110.62438095238092,108.02727272727273
21134,2021-08-11 03:45:00,2021-08-11 04:00:00,105.0,101.03266666666667,100.93911111111113,99.61818181818182
21135,2021-08-11 04:00:00,2021-08-11 04:15:00,105.0,103.7915,102.0668333333333,99.13181818181818
21136,2021-08-11 04:15:00,2021-08-11 04:30:00,111.0,105.71855555555558,106.12694444444445,101.94090909090909
21137,2021-08-11 04:30:00,2021-08-11 04:45:00,116.0,109.26178571428572,108.90269841269841,106.54545454545455
21138,2021-08-11 04:45:00,2021-08-11 05:00:00,113.0,111.53538888888887,113.02011111111109,108.60454545454546
21139,2021-08-11 05:00:00,2021-08-11 05:15:00,91.0,96.76046031746031,98.59733333333331,95.52727272727273
21140,2021-08-11 05:15:00,2021-08-11 05:30:00,78.0,86.90333333333331,92.84794444444447,84.92727272727272
21141,2021-08-11 05:30:00,2021-08-11 05:45:00,92.0,95.38555555555554,94.28300000000002,88.78636363636363
21142,2021-08-11 05:45:00,2021-08-11 06:00:00,105.0,101.48933333333328,100.16727777777776,98.83636363636364
21143,2021-08-11 06:00:00,2021-08-11 06:15:00,118.0,108.17663492063491,107.79438888888888,101.98181818181818
21144,2021-08-11 06:15:00,2021-08-11 06:30:00,115.0,113.90383333333337,115.06716666666662,112.4
21145,2021-08-11 06:30:00,2021-08-11 06:45:00,124.0,113.14161111111108,112.69883333333331,112.18181818181819
21146,2021-08-11 06:45:00,2021-08-11 07:00:00,129.0,117.50049999999997,120.99594444444446,121.61363636363636
21147,2021-08-11 07:00:00,2021-08-11 07:15:00,116.0,124.24099999999999,128.0995,122.17727272727272
21148,2021-08-11 07:15:00,2021-08-11 07:30:00,121.0,122.77872222222219,117.75205555555556,123.16363636363636
21149,2021-08-11 07:30:00,2021-08-11 07:45:00,142.0,149.6764285714286,139.2866666666667,142.1727272727273
21150,2021-08-11 07:45:00,2021-08-11 08:00:00,150.0,146.30899999999994,145.99349999999995,142.96818181818182
21151,2021-08-11 08:00:00,2021-08-11 08:15:00,176.0,162.57488888888895,160.70994444444437,160.6909090909091
21152,2021-08-11 08:15:00,2021-08-11 08:30:00,206.0,189.08394444444437,186.3943888888888,180.51818181818183
21153,2021-08-11 08:30:00,2021-08-11 08:45:00,218.0,200.95127777777773,200.48,189.2590909090909
21154,2021-08-11 08:45:00,2021-08-11 09:00:00,212.0,191.56466666666657,191.9397777777778,189.87272727272727
21155,2021-08-11 09:00:00,2021-08-11 09:15:00,185.0,184.27283333333338,182.8649444444444,182.0681818181818
21156,2021-08-11 09:15:00,2021-08-11 09:30:00,171.0,182.95105555555554,184.08622222222226,179.13636363636363
21157,2021-08-11 09:30:00,2021-08-11 09:45:00,169.0,180.71722222222226,182.33599999999993,167.6727272727273
21158,2021-08-11 09:45:00,2021-08-11 10:00:00,189.0,179.72327777777784,181.89827777777776,168.43636363636364
21159,2021-08-11 10:00:00,2021-08-11 10:15:00,165.0,149.78838888888882,150.3435,150.0090909090909
21160,2021-08-11 10:15:00,2021-08-11 10:30:00,192.0,183.40122222222217,184.56833333333333,166.96818181818182
21161,2021-08-11 10:30:00,2021-08-11 10:45:00,192.0,189.7471666666666,190.84699999999998,181.79090909090908
21162,2021-08-11 10:45:00,2021-08-11 11:00:00,183.0,185.96722222222226,185.84188888888892,184.09545454545454
21163,2021-08-11 11:00:00,2021-08-11 11:15:00,176.0,166.79683333333332,160.1016666666666,165.8181818181818
21164,2021-08-11 11:15:00,2021-08-11 11:30:00,178.0,176.3160555555555,175.7876111111111,166.46818181818182
21165,2021-08-11 11:30:00,2021-08-11 11:45:00,190.0,179.76694444444445,178.7753888888889,169.68636363636364
21166,2021-08-11 11:45:00,2021-08-11 12:00:00,192.0,186.42361111111111,187.7532222222222,180.09545454545454
21167,2021-08-11 12:00:00,2021-08-11 12:15:00,132.0,129.67944444444436,135.26627777777765,125.32727272727273
21168,2021-08-11 12:15:00,2021-08-11 12:30:00,106.0,105.32077777777768,109.36077777777771,119.79545454545455
21169,2021-08-11 12:30:00,2021-08-11 12:45:00,108.0,97.8417777777776,98.17511111111092,97.65454545454546
21170,2021-08-11 12:45:00,2021-08-11 13:00:00,107.0,133.51233333333332,133.84583333333333,121.01818181818182
21171,2021-08-11 13:00:00,2021-08-11 13:15:00,159.0,144.47899999999998,138.48261111111114,142.06363636363636
21172,2021-08-11 13:15:00,2021-08-11 13:30:00,171.0,171.18561111111106,170.56788888888886,165.2590909090909
21173,2021-08-11 13:30:00,2021-08-11 13:45:00,195.0,178.28066666666666,179.04855555555562,170.40454545454546
21174,2021-08-11 13:45:00,2021-08-11 14:00:00,205.0,188.62588888888882,189.41938888888888,183.55
21175,2021-08-11 14:00:00,2021-08-11 14:15:00,207.0,177.47933333333333,175.33905555555555,171.91363636363636
21176,2021-08-11 14:15:00,2021-08-11 14:30:00,187.0,187.7852777777777,187.46522222222217,179.02727272727273
21177,2021-08-11 14:30:00,2021-08-11 14:45:00,178.0,185.7550555555555,184.6422222222222,176.51818181818183
21178,2021-08-11 14:45:00,2021-08-11 15:00:00,177.0,182.6701666666667,183.25488888888893,172.02272727272728
21179,2021-08-11 15:00:00,2021-08-11 15:15:00,131.0,150.82194444444448,148.52405555555552,147.0818181818182
21180,2021-08-11 15:15:00,2021-08-11 15:30:00,139.0,156.64911111111118,147.94366666666667,156.5590909090909
21181,2021-08-11 15:30:00,2021-08-11 15:45:00,177.0,163.59138888888896,161.98700000000002,156.48181818181817
21182,2021-08-11 15:45:00,2021-08-11 16:00:00,164.0,173.96399999999997,176.07361111111118,165.65454545454546
21183,2021-08-11 16:00:00,2021-08-11 16:15:00,185.0,163.81361111111113,160.03761111111112,159.62727272727273
21184,2021-08-11 16:15:00,2021-08-11 16:30:00,170.0,177.10888888888877,179.06911111111103,168.93636363636364
21185,2021-08-11 16:30:00,2021-08-11 16:45:00,185.0,168.5800555555555,169.14044444444443,164.25454545454545
21186,2021-08-11 16:45:00,2021-08-11 17:00:00,187.0,171.2551190476191,175.1,164.36363636363637
21187,2021-08-11 17:00:00,2021-08-11 17:15:00,141.0,136.39405555555555,137.16244444444442,139.84545454545454
21188,2021-08-11 17:15:00,2021-08-11 17:30:00,117.0,138.65711111111116,138.04277777777776,133.75454545454545
21189,2021-08-11 17:30:00,2021-08-11 17:45:00,168.0,132.55010317460324,120.29116666666665,132.26818181818183
21190,2021-08-11 17:45:00,2021-08-11 18:00:00,177.0,172.6463333333334,171.2637777777778,164.25
21191,2021-08-11 18:00:00,2021-08-11 18:15:00,194.0,170.30038888888905,164.50727777777792,160.76363636363635
21192,2021-08-11 18:15:00,2021-08-11 18:30:00,180.0,183.33799999999982,186.63616666666664,172.1681818181818
21193,2021-08-11 18:30:00,2021-08-11 18:45:00,172.0,171.24999999999983,175.17411111111107,165.74545454545455
21194,2021-08-11 18:45:00,2021-08-11 19:00:00,172.0,166.73627777777776,169.9873333333333,163.16363636363636
21195,2021-08-11 19:00:00,2021-08-11 19:15:00,163.0,159.2203888888888,161.67816666666667,157.54545454545453
21196,2021-08-11 19:15:00,2021-08-11 19:30:00,155.0,160.89577777777785,163.3805555555556,158.44545454545454
21197,2021-08-11 19:30:00,2021-08-11 19:45:00,146.0,156.37733333333335,156.5203333333333,151.79545454545453
21198,2021-08-11 19:45:00,2021-08-11 20:00:00,137.0,126.65355555555553,133.31527777777768,131.8181818181818
21199,2021-08-11 20:00:00,2021-08-11 20:15:00,123.0,129.33450000000002,132.76094444444448,125.00454545454545
21200,2021-08-11 20:15:00,2021-08-11 20:30:00,127.0,124.51366666666667,125.76283333333338,121.67727272727272
21201,2021-08-11 20:30:00,2021-08-11 20:45:00,128.0,122.98016666666668,122.296,123.82272727272728
21202,2021-08-11 20:45:00,2021-08-11 21:00:00,121.0,123.7781666666667,123.17494444444444,125.30454545454545
21203,2021-08-11 21:00:00,2021-08-11 21:15:00,115.0,122.65055555555553,121.84255555555556,111.17727272727272
21204,2021-08-11 21:15:00,2021-08-11 21:30:00,100.0,116.42044444444451,117.42699999999999,112.16818181818182
21205,2021-08-11 21:30:00,2021-08-11 21:45:00,103.0,111.27405555555556,111.14011111111108,108.33181818181818
21206,2021-08-11 21:45:00,2021-08-11 22:00:00,115.0,109.63766666666665,110.20411111111112,107.0909090909091
21207,2021-08-11 22:00:00,2021-08-11 22:15:00,108.0,108.83699999999999,112.76761111111108,103.73181818181818
21208,2021-08-11 22:15:00,2021-08-11 22:30:00,116.0,109.41157142857136,109.65533333333333,107.13181818181818
21209,2021-08-11 22:30:00,2021-08-11 22:45:00,112.0,115.95683333333332,116.07527777777779,113.92727272727272
21210,2021-08-11 22:45:00,2021-08-11 23:00:00,104.0,110.04761111111114,109.36905555555558,105.76818181818182
21211,2021-08-11 23:00:00,2021-08-11 23:15:00,104.0,99.78533333333334,94.42805555555555,102.43181818181819
21212,2021-08-11 23:15:00,2021-08-11 23:30:00,100.0,105.82738888888889,105.31294444444444,105.37272727272727
21213,2021-08-11 23:30:00,2021-08-11 23:45:00,109.0,100.62299999999998,100.70261111111112,101.30454545454545
21214,2021-08-11 23:45:00,2021-08-12 00:00:00,84.0,86.54055555555556,93.43588888888893,86.15454545454546
21215,2021-08-12 00:00:00,2021-08-12 00:15:00,81.0,66.23933333333336,67.3477222222222,49.70909090909091
21216,2021-08-12 00:15:00,2021-08-12 00:30:00,78.0,76.13027777777778,80.51144444444445,65.45454545454545
21217,2021-08-12 00:30:00,2021-08-12 00:45:00,75.0,73.91897222222227,77.86866666666668,69.9590909090909
21218,2021-08-12 00:45:00,2021-08-12 01:00:00,69.0,70.4649365079365,70.9696111111111,69.31818181818181
21219,2021-08-12 01:00:00,2021-08-12 01:15:00,93.0,94.11922222222222,93.71811111111109,90.36363636363636
21220,2021-08-12 01:15:00,2021-08-12 01:30:00,100.0,104.15683333333332,103.45305555555554,101.35909090909091
21221,2021-08-12 01:30:00,2021-08-12 01:45:00,111.0,106.77774603174599,106.56794444444446,103.72272727272727
21222,2021-08-12 01:45:00,2021-08-12 02:00:00,115.0,110.9641111111111,110.53747619047618,104.7
21223,2021-08-12 02:00:00,2021-08-12 02:15:00,107.0,111.36,110.84294444444448,108.05909090909091
21224,2021-08-12 02:15:00,2021-08-12 02:30:00,110.0,101.8405,102.03400000000003,103.94545454545455
21225,2021-08-12 02:30:00,2021-08-12 02:45:00,110.0,109.82949999999995,110.54561111111114,107.78181818181818
21226,2021-08-12 02:45:00,2021-08-12 03:00:00,103.0,107.58305555555555,106.97811111111109,106.82272727272728
21227,2021-08-12 03:00:00,2021-08-12 03:15:00,87.0,92.67505555555552,93.76377777777778,93.9
21228,2021-08-12 03:15:00,2021-08-12 03:30:00,110.0,105.32850000000003,100.25383333333333,100.47272727272727
21229,2021-08-12 03:30:00,2021-08-12 03:45:00,108.0,109.6733333333333,110.07150000000001,107.39090909090909
21230,2021-08-12 03:45:00,2021-08-12 04:00:00,110.0,105.33172222222223,104.8878333333333,104.74545454545455
21231,2021-08-12 04:00:00,2021-08-12 04:15:00,114.0,108.79516666666672,106.46477777777775,108.89545454545454
21232,2021-08-12 04:15:00,2021-08-12 04:30:00,111.0,110.84299999999998,110.86005555555556,109.67727272727272
21233,2021-08-12 04:30:00,2021-08-12 04:45:00,109.0,107.96549999999998,108.22694444444444,107.6590909090909
21234,2021-08-12 04:45:00,2021-08-12 05:00:00,95.0,106.45127777777775,106.81530158730156,105.9590909090909
21235,2021-08-12 05:00:00,2021-08-12 05:15:00,77.0,82.20711111111108,84.67449999999998,87.71818181818182
21236,2021-08-12 05:15:00,2021-08-12 05:30:00,75.0,75.04416666666664,74.5816111111111,73.27727272727273
21237,2021-08-12 05:30:00,2021-08-12 05:45:00,100.0,96.9595555555555,96.54744444444445,93.25
21238,2021-08-12 05:45:00,2021-08-12 06:00:00,103.0,107.07988888888885,107.8608333333333,106.00454545454545
21239,2021-08-12 06:00:00,2021-08-12 06:15:00,114.0,109.2671111111111,108.5163888888889,105.44090909090909
21240,2021-08-12 06:15:00,2021-08-12 06:30:00,117.0,110.85494444444441,111.50233333333335,112.86363636363636
21241,2021-08-12 06:30:00,2021-08-12 06:45:00,112.0,113.98505555555552,116.1473333333333,119.91363636363636
21242,2021-08-12 06:45:00,2021-08-12 07:00:00,114.0,108.06861111111104,108.71849999999999,114.63636363636364
21243,2021-08-12 07:00:00,2021-08-12 07:15:00,114.0,110.70966666666665,109.7153888888889,112.3409090909091
21244,2021-08-12 07:15:00,2021-08-12 07:30:00,113.0,122.5540555555556,121.77794444444451,119.28636363636363
21245,2021-08-12 07:30:00,2021-08-12 07:45:00,143.0,137.70299999999995,125.78472222222221,135.51818181818183
21246,2021-08-12 07:45:00,2021-08-12 08:00:00,149.0,145.01699999999997,145.04405555555553,144.07272727272726
21247,2021-08-12 08:00:00,2021-08-12 08:15:00,164.0,160.5400555555556,160.55311111111106,162.20909090909092
21248,2021-08-12 08:15:00,2021-08-12 08:30:00,194.0,173.64063492063494,172.86383333333333,171.59545454545454
21249,2021-08-12 08:30:00,2021-08-12 08:45:00,194.0,198.6927777777778,200.9857222222222,185.61363636363637
21250,2021-08-12 08:45:00,2021-08-12 09:00:00,196.0,186.96005555555556,187.33827777777776,186.11818181818182
21251,2021-08-12 09:00:00,2021-08-12 09:15:00,189.0,182.57744444444438,183.43111111111105,178.74545454545455
21252,2021-08-12 09:15:00,2021-08-12 09:30:00,183.0,181.11772222222223,181.6998333333334,180.13181818181818
21253,2021-08-12 09:30:00,2021-08-12 09:45:00,180.0,176.0975555555555,176.94744444444447,175.47727272727272
21254,2021-08-12 09:45:00,2021-08-12 10:00:00,170.0,178.19361111111115,177.59755555555554,172.32272727272726
21255,2021-08-12 10:00:00,2021-08-12 10:15:00,158.0,140.82638888888889,141.34166666666667,148.95454545454547
21256,2021-08-12 10:15:00,2021-08-12 10:30:00,186.0,175.3348253968254,174.7578333333333,166.6727272727273
21257,2021-08-12 10:30:00,2021-08-12 10:45:00,179.0,181.92354761904767,182.1255555555556,174.52727272727273
21258,2021-08-12 10:45:00,2021-08-12 11:00:00,184.0,172.97483333333338,172.92505555555562,172.3409090909091
21259,2021-08-12 11:00:00,2021-08-12 11:15:00,176.0,168.79555555555552,168.05427777777774,163.30454545454546
21260,2021-08-12 11:15:00,2021-08-12 11:30:00,179.0,174.58527777777775,171.61444444444442,167.9409090909091
21261,2021-08-12 11:30:00,2021-08-12 11:45:00,196.0,176.77149999999997,175.7466111111111,166.85
21262,2021-08-12 11:45:00,2021-08-12 12:00:00,199.0,187.7378333333332,188.64877777777778,179.8590909090909
21263,2021-08-12 12:00:00,2021-08-12 12:15:00,133.0,135.38194444444443,139.71511111111096,133.2
21264,2021-08-12 12:15:00,2021-08-12 12:30:00,116.0,108.69205555555548,111.24383333333327,121.16363636363636
21265,2021-08-12 12:30:00,2021-08-12 12:45:00,118.0,105.03461111111113,114.88461111111106,108.71818181818182
21266,2021-08-12 12:45:00,2021-08-12 13:00:00,111.0,134.49699999999999,137.22583333333336,125.48181818181818
21267,2021-08-12 13:00:00,2021-08-12 13:15:00,153.0,145.33816666666667,138.27966666666666,141.59545454545454
21268,2021-08-12 13:15:00,2021-08-12 13:30:00,150.0,167.1442777777778,166.02055555555557,160.90454545454546
21269,2021-08-12 13:30:00,2021-08-12 13:45:00,186.0,162.95722222222227,160.90366666666668,160.24545454545455
21270,2021-08-12 13:45:00,2021-08-12 14:00:00,191.0,185.39505555555556,184.70161111111113,179.35
21271,2021-08-12 14:00:00,2021-08-12 14:15:00,189.0,176.70650000000003,174.54644444444446,167.05454545454546
21272,2021-08-12 14:15:00,2021-08-12 14:30:00,173.0,181.40411111111118,180.75766666666672,172.95909090909092
21273,2021-08-12 14:30:00,2021-08-12 14:45:00,193.0,174.05433333333332,174.59999999999994,168.5
21274,2021-08-12 14:45:00,2021-08-12 15:00:00,182.0,188.31788888888883,187.62549999999996,178.34545454545454
21275,2021-08-12 15:00:00,2021-08-12 15:15:00,132.0,148.69466666666673,151.88055555555553,146.67727272727274
21276,2021-08-12 15:15:00,2021-08-12 15:30:00,147.0,154.0264444444445,143.95644444444446,156.59545454545454
21277,2021-08-12 15:30:00,2021-08-12 15:45:00,185.0,163.76361111111112,163.72494444444445,162.23181818181817
21278,2021-08-12 15:45:00,2021-08-12 16:00:00,197.0,177.94255555555551,179.06122222222223,169.29090909090908
21279,2021-08-12 16:00:00,2021-08-12 16:15:00,172.0,174.3026111111113,168.95616666666675,173.97727272727272
21280,2021-08-12 16:15:00,2021-08-12 16:30:00,165.0,167.75933333333327,169.5102777777778,162.76818181818183
21281,2021-08-12 16:30:00,2021-08-12 16:45:00,176.0,164.40083333333328,166.01622222222224,163.54545454545453
21282,2021-08-12 16:45:00,2021-08-12 17:00:00,166.0,171.47616666666667,172.70027777777776,160.70454545454547
21283,2021-08-12 17:00:00,2021-08-12 17:15:00,127.0,129.52522222222225,129.696,140.82272727272726
21284,2021-08-12 17:15:00,2021-08-12 17:30:00,106.0,115.33000000000006,116.2992777777778,116.43181818181819
21285,2021-08-12 17:30:00,2021-08-12 17:45:00,148.0,144.14288888888893,138.86200000000002,138.8909090909091
21286,2021-08-12 17:45:00,2021-08-12 18:00:00,160.0,166.7331111111111,165.21216666666666,159.3181818181818
21287,2021-08-12 18:00:00,2021-08-12 18:15:00,173.0,162.83600000000007,162.16694444444443,157.98636363636365
21288,2021-08-12 18:15:00,2021-08-12 18:30:00,175.0,169.31561111111105,168.59627777777774,162.21818181818182
21289,2021-08-12 18:30:00,2021-08-12 18:45:00,177.0,169.8552777777777,169.73433333333335,165.75454545454545
21290,2021-08-12 18:45:00,2021-08-12 19:00:00,161.0,167.2971111111111,167.83199999999997,162.16363636363636
21291,2021-08-12 19:00:00,2021-08-12 19:15:00,169.0,157.90372222222217,157.0647222222222,156.10454545454544
21292,2021-08-12 19:15:00,2021-08-12 19:30:00,182.0,162.96188888888898,163.7604444444445,159.35
21293,2021-08-12 19:30:00,2021-08-12 19:45:00,157.0,168.35577777777775,173.8231111111111,165.26818181818183
21294,2021-08-12 19:45:00,2021-08-12 20:00:00,136.0,136.82219047619031,141.11933333333326,140.24545454545455
21295,2021-08-12 20:00:00,2021-08-12 20:15:00,120.0,129.03911111111117,131.54972222222227,126.8409090909091
21296,2021-08-12 20:15:00,2021-08-12 20:30:00,124.0,124.45927777777777,126.73600000000003,120.43181818181819
21297,2021-08-12 20:30:00,2021-08-12 20:45:00,127.0,122.01661111111112,124.4,120.72272727272727
21298,2021-08-12 20:45:00,2021-08-12 21:00:00,127.0,124.57444444444445,124.99349999999995,125.12272727272727
21299,2021-08-12 21:00:00,2021-08-12 21:15:00,110.0,123.73261111111111,123.27877777777778,124.05
21300,2021-08-12 21:15:00,2021-08-12 21:30:00,113.0,115.96661111111115,115.09805555555558,108.94090909090909
21301,2021-08-12 21:30:00,2021-08-12 21:45:00,114.0,114.24699999999997,115.19055555555555,107.59545454545454
21302,2021-08-12 21:45:00,2021-08-12 22:00:00,110.0,112.3565555555555,113.14900000000002,109.99545454545455
21303,2021-08-12 22:00:00,2021-08-12 22:15:00,109.0,100.07974603174604,106.23049999999999,98.37272727272727
21304,2021-08-12 22:15:00,2021-08-12 22:30:00,110.0,111.54877777777774,111.82961111111108,108.8
21305,2021-08-12 22:30:00,2021-08-12 22:45:00,121.0,110.32455555555559,111.44605555555557,108.46363636363637
21306,2021-08-12 22:45:00,2021-08-12 23:00:00,122.0,116.58766666666665,116.54116666666665,115.61363636363636
21307,2021-08-12 23:00:00,2021-08-12 23:15:00,118.0,112.542,113.83794444444443,111.13636363636364
21308,2021-08-12 23:15:00,2021-08-12 23:30:00,105.0,114.06550000000003,114.68855555555558,112.10454545454546
21309,2021-08-12 23:30:00,2021-08-12 23:45:00,106.0,104.1276666666667,104.56405555555554,105.23181818181818
21310,2021-08-12 23:45:00,2021-08-13 00:00:00,83.0,86.52316666666663,88.16611111111112,88.21363636363637
21311,2021-08-13 00:00:00,2021-08-13 00:15:00,79.0,67.4888333333333,65.98805555555552,43.39545454545455
21312,2021-08-13 00:15:00,2021-08-13 00:30:00,72.0,71.7586666666667,74.41305555555554,65.7
21313,2021-08-13 00:30:00,2021-08-13 00:45:00,69.0,70.18344444444442,70.83805555555554,68.3
21314,2021-08-13 00:45:00,2021-08-13 01:00:00,67.0,68.16488888888887,68.0162777777778,67.56363636363636
21315,2021-08-13 01:00:00,2021-08-13 01:15:00,90.0,95.28138888888887,95.72811111111106,89.78181818181818
21316,2021-08-13 01:15:00,2021-08-13 01:30:00,99.0,102.01738888888895,101.64205555555554,99.28181818181818
21317,2021-08-13 01:30:00,2021-08-13 01:45:00,104.0,106.99749999999997,107.33872222222224,106.47272727272727
21318,2021-08-13 01:45:00,2021-08-13 02:00:00,105.0,104.72322222222222,105.58266666666667,104.43636363636364
21319,2021-08-13 02:00:00,2021-08-13 02:15:00,109.0,106.29250000000002,106.26405555555557,99.59545454545454
21320,2021-08-13 02:15:00,2021-08-13 02:30:00,117.0,108.49377777777778,108.98900000000003,106.6
21321,2021-08-13 02:30:00,2021-08-13 02:45:00,107.0,114.94016666666667,115.95955555555551,114.05909090909091
21322,2021-08-13 02:45:00,2021-08-13 03:00:00,115.0,105.08783333333336,105.85805555555555,99.01363636363637
21323,2021-08-13 03:00:00,2021-08-13 03:15:00,114.0,104.01422222222222,105.52255555555556,100.81363636363636
21324,2021-08-13 03:15:00,2021-08-13 03:30:00,116.0,113.7333333333333,114.0351111111111,110.11363636363636
21325,2021-08-13 03:30:00,2021-08-13 03:45:00,120.0,115.26633333333334,116.22849999999995,113.33636363636364
21326,2021-08-13 03:45:00,2021-08-13 04:00:00,112.0,114.4987222222222,115.4942222222222,111.62272727272727
21327,2021-08-13 04:00:00,2021-08-13 04:15:00,116.0,106.30133333333333,105.9372777777778,105.98636363636363
21328,2021-08-13 04:15:00,2021-08-13 04:30:00,107.0,114.72155555555555,115.39277777777777,111.93181818181819
21329,2021-08-13 04:30:00,2021-08-13 04:45:00,105.0,107.87255555555552,108.35044444444446,104.13181818181818
21330,2021-08-13 04:45:00,2021-08-13 05:00:00,110.0,106.44577777777775,106.98372222222223,96.8
21331,2021-08-13 05:00:00,2021-08-13 05:15:00,79.0,93.06938888888882,94.16494444444446,91.01818181818182
21332,2021-08-13 05:15:00,2021-08-13 05:30:00,70.0,76.36738888888891,77.52466666666668,73.00454545454545
21333,2021-08-13 05:30:00,2021-08-13 05:45:00,96.0,96.31663492063485,95.54,92.92727272727272
21334,2021-08-13 05:45:00,2021-08-13 06:00:00,108.0,110.3571666666667,110.78666666666662,103.7909090909091
21335,2021-08-13 06:00:00,2021-08-13 06:15:00,115.0,113.1264444444444,112.77214285714285,108.4590909090909
21336,2021-08-13 06:15:00,2021-08-13 06:30:00,116.0,113.69094444444444,116.21016666666668,111.65
21337,2021-08-13 06:30:00,2021-08-13 06:45:00,107.0,116.7725,119.43150000000004,117.56363636363636
21338,2021-08-13 06:45:00,2021-08-13 07:00:00,103.0,103.9502539682539,103.55622222222222,102.9090909090909
21339,2021-08-13 07:00:00,2021-08-13 07:15:00,108.0,102.10444444444443,101.98522222222226,99.47727272727273
21340,2021-08-13 07:15:00,2021-08-13 07:30:00,122.0,120.98227777777778,118.81527777777778,109.42727272727272
21341,2021-08-13 07:30:00,2021-08-13 07:45:00,147.0,146.6099841269842,139.34050000000002,141.98636363636365
21342,2021-08-13 07:45:00,2021-08-13 08:00:00,166.0,146.39666666666662,147.66188888888883,146.9909090909091
21343,2021-08-13 08:00:00,2021-08-13 08:15:00,188.0,169.8658333333333,168.06755555555554,161.29545454545453
21344,2021-08-13 08:15:00,2021-08-13 08:30:00,201.0,193.1686666666666,198.8151111111111,189.73181818181817
21345,2021-08-13 08:30:00,2021-08-13 08:45:00,207.0,194.25872222222216,195.4863333333333,187.35
21346,2021-08-13 08:45:00,2021-08-13 09:00:00,187.0,188.83477777777756,188.41827777777775,186.15454545454546
21347,2021-08-13 09:00:00,2021-08-13 09:15:00,184.0,177.38044444444438,174.88527777777776,166.21363636363637
21348,2021-08-13 09:15:00,2021-08-13 09:30:00,191.0,183.3702777777778,182.94227777777783,176.66363636363636
21349,2021-08-13 09:30:00,2021-08-13 09:45:00,188.0,181.2586666666667,181.44505555555557,180.91363636363636
21350,2021-08-13 09:45:00,2021-08-13 10:00:00,188.0,182.34144444444453,181.52299999999997,182.36363636363637
21351,2021-08-13 10:00:00,2021-08-13 10:15:00,151.0,147.3367222222222,154.64261111111102,152.21363636363637
21352,2021-08-13 10:15:00,2021-08-13 10:30:00,201.0,177.05266666666665,177.65438888888886,166.80454545454546
21353,2021-08-13 10:30:00,2021-08-13 10:45:00,195.0,192.38305555555533,192.21544444444436,182.9409090909091
21354,2021-08-13 10:45:00,2021-08-13 11:00:00,187.0,182.0419444444444,181.45016666666666,183.6
21355,2021-08-13 11:00:00,2021-08-13 11:15:00,185.0,176.85261111111114,160.11377777777767,174.5909090909091
21356,2021-08-13 11:15:00,2021-08-13 11:30:00,191.0,178.54088888888887,178.5481111111111,168.3
21357,2021-08-13 11:30:00,2021-08-13 11:45:00,203.0,183.55766666666665,183.46938888888891,176.1727272727273
21358,2021-08-13 11:45:00,2021-08-13 12:00:00,204.0,189.5991666666665,190.79644444444435,181.53181818181818
21359,2021-08-13 12:00:00,2021-08-13 12:15:00,134.0,132.09672222222216,138.1732777777777,130.71818181818182
21360,2021-08-13 12:15:00,2021-08-13 12:30:00,103.0,105.79477777777765,107.51449999999991,118.95
21361,2021-08-13 12:30:00,2021-08-13 12:45:00,102.0,98.5906666666664,99.43822222222197,103.85
21362,2021-08-13 12:45:00,2021-08-13 13:00:00,103.0,128.74561111111112,130.23950000000002,116.53636363636363
21363,2021-08-13 13:00:00,2021-08-13 13:15:00,162.0,141.6558333333333,135.6763333333333,137.43636363636364
21364,2021-08-13 13:15:00,2021-08-13 13:30:00,195.0,176.12099999999998,176.972,163.5772727272727
21365,2021-08-13 13:30:00,2021-08-13 13:45:00,194.0,191.32561111111107,191.4704444444444,181.3409090909091
21366,2021-08-13 13:45:00,2021-08-13 14:00:00,182.0,190.57455555555552,190.4546111111111,184.8318181818182
21367,2021-08-13 14:00:00,2021-08-13 14:15:00,200.0,173.4138888888888,172.15077777777782,156.59545454545454
21368,2021-08-13 14:15:00,2021-08-13 14:30:00,192.0,188.54844444444424,189.62222222222218,175.76818181818183
21369,2021-08-13 14:30:00,2021-08-13 14:45:00,177.0,186.14633333333333,186.5274444444444,176.4318181818182
21370,2021-08-13 14:45:00,2021-08-13 15:00:00,188.0,183.68594444444443,184.38522222222218,169.76818181818183
21371,2021-08-13 15:00:00,2021-08-13 15:15:00,140.0,147.56383333333335,147.01999999999998,145.26818181818183
21372,2021-08-13 15:15:00,2021-08-13 15:30:00,149.0,165.48627777777776,157.53677777777784,161.8272727272727
21373,2021-08-13 15:30:00,2021-08-13 15:45:00,184.0,167.92961111111117,165.45627777777779,162.85454545454544
21374,2021-08-13 15:45:00,2021-08-13 16:00:00,195.0,174.72716666666662,177.33911111111112,168.86363636363637
21375,2021-08-13 16:00:00,2021-08-13 16:15:00,186.0,173.61316666666687,166.78550000000007,171.6409090909091
21376,2021-08-13 16:15:00,2021-08-13 16:30:00,186.0,174.27283333333327,174.009,167.78636363636363
21377,2021-08-13 16:30:00,2021-08-13 16:45:00,180.0,173.51188888888885,174.92311111111113,170.27727272727273
21378,2021-08-13 16:45:00,2021-08-13 17:00:00,179.0,170.54005555555548,172.01005555555557,165.49545454545455
21379,2021-08-13 17:00:00,2021-08-13 17:15:00,131.0,132.17577777777782,131.09061111111106,140.3272727272727
21380,2021-08-13 17:15:00,2021-08-13 17:30:00,123.0,120.42194444444448,118.20622222222222,120.94090909090909
21381,2021-08-13 17:30:00,2021-08-13 17:45:00,165.0,144.67061111111127,137.78866666666667,137.62727272727273
21382,2021-08-13 17:45:00,2021-08-13 18:00:00,176.0,173.77666666666667,172.88038888888886,161.35
21383,2021-08-13 18:00:00,2021-08-13 18:15:00,172.0,172.43577777777807,168.23644444444466,161.2590909090909
21384,2021-08-13 18:15:00,2021-08-13 18:30:00,176.0,166.88394444444435,167.62927777777776,161.18636363636364
21385,2021-08-13 18:30:00,2021-08-13 18:45:00,177.0,170.40311111111097,172.24716666666663,166.36363636363637
21386,2021-08-13 18:45:00,2021-08-13 19:00:00,172.0,165.84805555555556,167.62916666666666,161.21363636363637
21387,2021-08-13 19:00:00,2021-08-13 19:15:00,168.0,157.06833333333333,157.57316666666668,156.96363636363637
21388,2021-08-13 19:15:00,2021-08-13 19:30:00,151.0,162.46438888888895,163.4851666666667,161.50454545454545
21389,2021-08-13 19:30:00,2021-08-13 19:45:00,144.0,151.65327777777776,152.63938888888885,149.95909090909092
21390,2021-08-13 19:45:00,2021-08-13 20:00:00,120.0,123.88722222222226,128.11361111111108,129.5590909090909
21391,2021-08-13 20:00:00,2021-08-13 20:15:00,106.0,112.2871111111112,113.22261111111123,112.71818181818182
21392,2021-08-13 20:15:00,2021-08-13 20:30:00,113.0,114.68127777777775,116.66194444444446,111.55
21393,2021-08-13 20:30:00,2021-08-13 20:45:00,122.0,115.45938888888891,117.75477777777776,113.0
21394,2021-08-13 20:45:00,2021-08-13 21:00:00,125.0,122.01261111111111,122.04688888888889,123.21818181818182
21395,2021-08-13 21:00:00,2021-08-13 21:15:00,119.0,121.31016666666665,121.61672222222224,123.29545454545455
21396,2021-08-13 21:15:00,2021-08-13 21:30:00,112.0,119.83111111111114,121.2727777777778,118.38181818181818
21397,2021-08-13 21:30:00,2021-08-13 21:45:00,109.0,113.90016666666665,113.17655555555555,108.94090909090909
21398,2021-08-13 21:45:00,2021-08-13 22:00:00,111.0,113.64611111111117,114.45633333333332,108.64090909090909
21399,2021-08-13 22:00:00,2021-08-13 22:15:00,100.0,101.46361111111108,104.8041111111111,100.63181818181818
21400,2021-08-13 22:15:00,2021-08-13 22:30:00,100.0,106.49116666666669,105.22255555555552,104.88181818181818
21401,2021-08-13 22:30:00,2021-08-13 22:45:00,116.0,104.05101587301586,103.9648888888889,106.14090909090909
21402,2021-08-13 22:45:00,2021-08-13 23:00:00,118.0,113.93772222222219,115.89238888888886,113.66363636363636
21403,2021-08-13 23:00:00,2021-08-13 23:15:00,116.0,117.04283333333335,116.61622222222223,114.52727272727273
21404,2021-08-13 23:15:00,2021-08-13 23:30:00,108.0,114.54755555555559,114.5892222222222,112.75909090909092
21405,2021-08-13 23:30:00,2021-08-13 23:45:00,92.0,104.60311111111109,103.93272222222221,103.52727272727273
21406,2021-08-13 23:45:00,2021-08-14 00:00:00,71.0,78.23296031746032,78.4466111111111,80.32727272727273
21407,2021-08-14 00:00:00,2021-08-14 00:15:00,67.0,62.65955555555553,62.79838888888887,60.30909090909091
21408,2021-08-14 00:15:00,2021-08-14 00:30:00,61.0,65.3383888888889,65.81900000000003,64.62272727272727
21409,2021-08-14 00:30:00,2021-08-14 00:45:00,61.0,61.3495555555556,61.60227777777777,62.25454545454546
21410,2021-08-14 00:45:00,2021-08-14 01:00:00,59.0,61.33694444444444,62.065777777777775,61.32727272727273
21411,2021-08-14 01:00:00,2021-08-14 01:15:00,83.0,90.73116666666674,91.04616666666669,87.51818181818182
21412,2021-08-14 01:15:00,2021-08-14 01:30:00,95.0,100.77127777777777,100.53961111111103,95.3
21413,2021-08-14 01:30:00,2021-08-14 01:45:00,106.0,100.99122222222229,100.46911111111112,101.58636363636364
21414,2021-08-14 01:45:00,2021-08-14 02:00:00,104.0,106.59511111111108,106.87972222222226,104.39090909090909
21415,2021-08-14 02:00:00,2021-08-14 02:15:00,108.0,100.9910555555556,100.34794444444441,100.06818181818181
21416,2021-08-14 02:15:00,2021-08-14 02:30:00,108.0,107.24888888888893,107.5436666666667,105.27272727272727
21417,2021-08-14 02:30:00,2021-08-14 02:45:00,108.0,104.46150000000006,106.23183333333337,102.89545454545454
21418,2021-08-14 02:45:00,2021-08-14 03:00:00,104.0,104.63372222222222,104.69188888888888,104.62727272727273
21419,2021-08-14 03:00:00,2021-08-14 03:15:00,89.0,88.15283333333338,89.84994444444445,100.35909090909091
21420,2021-08-14 03:15:00,2021-08-14 03:30:00,86.0,102.93017460317463,100.20066666666663,101.70454545454545
21421,2021-08-14 03:30:00,2021-08-14 03:45:00,90.0,96.1122777777778,91.51411111111108,96.0409090909091
21422,2021-08-14 03:45:00,2021-08-14 04:00:00,98.0,96.71938888888886,95.82355555555556,99.49090909090908
21423,2021-08-14 04:00:00,2021-08-14 04:15:00,100.0,97.90344444444445,98.61133333333328,94.78181818181818
21424,2021-08-14 04:15:00,2021-08-14 04:30:00,96.0,102.54894444444443,104.7447777777778,94.80454545454545
21425,2021-08-14 04:30:00,2021-08-14 04:45:00,98.0,100.29214285714284,99.83735620915034,96.46818181818182
21426,2021-08-14 04:45:00,2021-08-14 05:00:00,97.0,97.7844444444444,97.90155555555557,96.8409090909091
21427,2021-08-14 05:00:00,2021-08-14 05:15:00,80.0,84.41444444444446,86.19805555555553,81.26363636363637
21428,2021-08-14 05:15:00,2021-08-14 05:30:00,76.0,71.6321111111111,73.65738888888887,72.28636363636363
21429,2021-08-14 05:30:00,2021-08-14 05:45:00,86.0,85.38166666666672,79.65411111111112,91.57272727272728
21430,2021-08-14 05:45:00,2021-08-14 06:00:00,91.0,92.7101111111111,92.29594444444442,92.82272727272728
21431,2021-08-14 06:00:00,2021-08-14 06:15:00,91.0,100.86305555555566,99.05300000000003,98.80454545454545
21432,2021-08-14 06:15:00,2021-08-14 06:30:00,89.0,92.37657142857145,93.29005555555553,96.88181818181818
21433,2021-08-14 06:30:00,2021-08-14 06:45:00,82.0,87.18752380952382,86.56533333333333,93.43636363636364
21434,2021-08-14 06:45:00,2021-08-14 07:00:00,81.0,80.69050793650791,81.09883333333333,84.69545454545455
21435,2021-08-14 07:00:00,2021-08-14 07:15:00,75.0,81.00705555555555,80.4763333333333,82.39545454545454
21436,2021-08-14 07:15:00,2021-08-14 07:30:00,66.0,71.17772222222223,68.01744444444444,70.01363636363637
21437,2021-08-14 07:30:00,2021-08-14 07:45:00,42.0,62.56388888888887,62.0662777777778,56.89545454545455
21438,2021-08-14 07:45:00,2021-08-14 08:00:00,30.0,33.21711904761905,31.84433333333334,32.34090909090909
21439,2021-08-14 08:00:00,2021-08-14 08:15:00,26.0,29.48522222222222,27.72344444444445,34.554545454545455
21440,2021-08-14 08:15:00,2021-08-14 08:30:00,22.0,24.65083333333334,24.99911111111112,24.927272727272726
21441,2021-08-14 08:30:00,2021-08-14 08:45:00,21.0,23.11540476190476,23.11155555555556,22.386363636363637
21442,2021-08-14 08:45:00,2021-08-14 09:00:00,21.0,21.78572222222223,21.567555555555565,21.490909090909092
21443,2021-08-14 09:00:00,2021-08-14 09:15:00,22.0,21.210357142857145,21.461666666666673,21.345454545454544
21444,2021-08-14 09:15:00,2021-08-14 09:30:00,21.0,22.68993650793652,22.77688888888889,22.954545454545453
21445,2021-08-14 09:30:00,2021-08-14 09:45:00,21.0,21.47305555555555,21.61533333333335,21.39090909090909
21446,2021-08-14 09:45:00,2021-08-14 10:00:00,23.0,21.371388888888895,21.642500000000005,21.363636363636363
21447,2021-08-14 10:00:00,2021-08-14 10:15:00,21.0,25.21255555555556,24.90977777777778,24.35909090909091
21448,2021-08-14 10:15:00,2021-08-14 10:30:00,21.0,21.913777777777774,22.401277777777782,21.331818181818182
21449,2021-08-14 10:30:00,2021-08-14 10:45:00,21.0,21.896833333333337,21.921833333333332,21.35909090909091
21450,2021-08-14 10:45:00,2021-08-14 11:00:00,20.0,21.82105555555555,21.971333333333323,21.318181818181817
21451,2021-08-14 11:00:00,2021-08-14 11:15:00,20.0,20.85644444444444,21.123722222222227,20.854545454545455
21452,2021-08-14 11:15:00,2021-08-14 11:30:00,21.0,20.33227777777778,20.41711111111112,20.363636363636363
21453,2021-08-14 11:30:00,2021-08-14 11:45:00,24.0,21.498333333333324,21.57672222222222,21.286363636363635
21454,2021-08-14 11:45:00,2021-08-14 12:00:00,26.0,24.99466666666667,24.89905555555556,24.222727272727273
21455,2021-08-14 12:00:00,2021-08-14 12:15:00,23.0,25.901499999999995,25.32083333333333,23.663636363636364
21456,2021-08-14 12:15:00,2021-08-14 12:30:00,22.0,21.409888888888883,21.22361111111111,22.013636363636362
21457,2021-08-14 12:30:00,2021-08-14 12:45:00,22.0,22.006333333333327,22.13261111111111,22.536363636363635
21458,2021-08-14 12:45:00,2021-08-14 13:00:00,21.0,22.24481746031746,22.403888888888886,22.081818181818182
21459,2021-08-14 13:00:00,2021-08-14 13:15:00,20.0,21.52211904761904,21.298722222222224,21.536363636363635
21460,2021-08-14 13:15:00,2021-08-14 13:30:00,21.0,20.23905555555557,20.193277777777762,20.55
21461,2021-08-14 13:30:00,2021-08-14 13:45:00,21.0,21.014055555555547,20.984055555555553,21.227272727272727
21462,2021-08-14 13:45:00,2021-08-14 14:00:00,21.0,21.0055,20.983666666666668,21.327272727272728
21463,2021-08-14 14:00:00,2021-08-14 14:15:00,21.0,21.104111111111116,20.91483333333333,22.131818181818183
21464,2021-08-14 14:15:00,2021-08-14 14:30:00,21.0,21.55622222222222,21.578444444444443,21.40909090909091
21465,2021-08-14 14:30:00,2021-08-14 14:45:00,22.0,21.333666666666662,21.28133333333333,21.3
21466,2021-08-14 14:45:00,2021-08-14 15:00:00,22.0,24.703777777777784,24.596388888888896,25.072727272727274
21467,2021-08-14 15:00:00,2021-08-14 15:15:00,22.0,24.10998412698413,24.347388888888887,23.213636363636365
21468,2021-08-14 15:15:00,2021-08-14 15:30:00,22.0,23.33611111111111,23.17998821548821,23.327272727272728
21469,2021-08-14 15:30:00,2021-08-14 15:45:00,26.0,23.398662337662337,23.363796296296297,23.495454545454546
21470,2021-08-14 15:45:00,2021-08-14 16:00:00,23.0,26.390500000000014,26.020333333333337,26.35
21471,2021-08-14 16:00:00,2021-08-14 16:15:00,22.0,23.351388888888884,23.067888888888888,22.259090909090908
21472,2021-08-14 16:15:00,2021-08-14 16:30:00,21.0,22.324666666666673,22.676111111111105,23.6
21473,2021-08-14 16:30:00,2021-08-14 16:45:00,22.0,21.28083333333333,21.23788888888889,21.48181818181818
21474,2021-08-14 16:45:00,2021-08-14 17:00:00,22.0,21.949888888888875,21.86775,23.213636363636365
21475,2021-08-14 17:00:00,2021-08-14 17:15:00,22.0,22.67400793650795,23.814111111111114,23.304545454545455
21476,2021-08-14 17:15:00,2021-08-14 17:30:00,21.0,22.29066231438811,22.174465811965813,23.15909090909091
21477,2021-08-14 17:30:00,2021-08-14 17:45:00,20.0,21.257388888888894,21.2033888888889,21.527272727272727
21478,2021-08-14 17:45:00,2021-08-14 18:00:00,22.0,20.582333333333352,20.534277777777774,20.763636363636362
21479,2021-08-14 18:00:00,2021-08-14 18:15:00,24.0,25.03361111111112,25.993166666666667,24.304545454545455
21480,2021-08-14 18:15:00,2021-08-14 18:30:00,21.0,25.802999999999997,26.51305555555555,25.027272727272727
21481,2021-08-14 18:30:00,2021-08-14 18:45:00,21.0,21.00294444444444,20.984888888888904,21.12727272727273
21482,2021-08-14 18:45:00,2021-08-14 19:00:00,21.0,21.09055555555558,20.988444444444458,21.272727272727273
21483,2021-08-14 19:00:00,2021-08-14 19:15:00,26.0,21.067833333333336,20.991611111111112,21.15909090909091
21484,2021-08-14 19:15:00,2021-08-14 19:30:00,22.0,27.21094444444444,29.417055555555564,26.445454545454545
21485,2021-08-14 19:30:00,2021-08-14 19:45:00,21.0,21.38371428571428,21.328333333333337,21.777272727272727
21486,2021-08-14 19:45:00,2021-08-14 20:00:00,21.0,21.268666666666675,21.23550000000001,21.222727272727273
21487,2021-08-14 20:00:00,2021-08-14 20:15:00,21.0,21.164611111111117,21.141166666666667,21.26818181818182
21488,2021-08-14 20:15:00,2021-08-14 20:30:00,21.0,21.29316666666667,21.622388888888892,22.045454545454547
21489,2021-08-14 20:30:00,2021-08-14 20:45:00,22.0,21.186444444444458,21.133277777777778,21.413636363636364
21490,2021-08-14 20:45:00,2021-08-14 21:00:00,22.0,22.275722222222225,22.356833333333334,23.495454545454546
21491,2021-08-14 21:00:00,2021-08-14 21:15:00,22.0,22.24476984126984,22.231277777777773,23.881818181818183
21492,2021-08-14 21:15:00,2021-08-14 21:30:00,22.0,22.35623015873015,22.21722222222222,23.65
21493,2021-08-14 21:30:00,2021-08-14 21:45:00,22.0,23.00722222222222,22.906611111111115,23.259090909090908
21494,2021-08-14 21:45:00,2021-08-14 22:00:00,23.0,23.662436507936512,23.512288888888893,23.963636363636365
21495,2021-08-14 22:00:00,2021-08-14 22:15:00,22.0,23.80616666666667,24.23238888888888,23.586363636363636
21496,2021-08-14 22:15:00,2021-08-14 22:30:00,25.0,23.54981746031747,23.867499999999993,23.45909090909091
21497,2021-08-14 22:30:00,2021-08-14 22:45:00,24.0,26.391111111111115,26.438444444444443,26.40909090909091
21498,2021-08-14 22:45:00,2021-08-14 23:00:00,21.0,23.60813492063491,23.066166666666668,23.368181818181817
21499,2021-08-14 23:00:00,2021-08-14 23:15:00,22.0,21.05133333333333,21.07661111111111,21.113636363636363
21500,2021-08-14 23:15:00,2021-08-14 23:30:00,21.0,24.411992063492065,26.842111111111112,23.15
21501,2021-08-14 23:30:00,2021-08-14 23:45:00,22.0,21.192103174603176,21.18161111111111,21.313636363636363
21502,2021-08-14 23:45:00,2021-08-15 00:00:00,21.0,23.23054761904762,23.0185,23.009090909090908
21503,2021-08-15 00:00:00,2021-08-15 00:15:00,21.0,21.220373015873026,21.04133333333333,21.563636363636363
21504,2021-08-15 00:15:00,2021-08-15 00:30:00,21.0,21.089444444444457,21.138555555555556,21.363636363636363
21505,2021-08-15 00:30:00,2021-08-15 00:45:00,22.0,21.19844444444445,21.249055555555547,21.35909090909091
21506,2021-08-15 00:45:00,2021-08-15 01:00:00,22.0,22.656920634920652,22.37083333333333,23.20909090909091
21507,2021-08-15 01:00:00,2021-08-15 01:15:00,21.0,23.61883150183149,23.529459595959583,23.95
21508,2021-08-15 01:15:00,2021-08-15 01:30:00,21.0,21.481365079365087,21.530166666666666,21.245454545454546
21509,2021-08-15 01:30:00,2021-08-15 01:45:00,22.0,21.528888888888886,21.525888888888886,21.5
21510,2021-08-15 01:45:00,2021-08-15 02:00:00,28.0,22.716521978021976,22.505166666666664,22.431818181818183
21511,2021-08-15 02:00:00,2021-08-15 02:15:00,24.0,27.79838095238097,28.891666666666666,27.172727272727272
21512,2021-08-15 02:15:00,2021-08-15 02:30:00,22.0,22.10172222222221,22.029833333333325,22.004545454545454
21513,2021-08-15 02:30:00,2021-08-15 02:45:00,20.0,21.97360317460318,21.876666666666665,22.10909090909091
21514,2021-08-15 02:45:00,2021-08-15 03:00:00,21.0,20.471507936507937,20.401999999999997,20.322727272727274
21515,2021-08-15 03:00:00,2021-08-15 03:15:00,21.0,21.253833333333336,21.111277777777776,21.186363636363637
21516,2021-08-15 03:15:00,2021-08-15 03:30:00,21.0,21.154111111111114,21.194499999999998,21.472727272727273
21517,2021-08-15 03:30:00,2021-08-15 03:45:00,21.0,21.217500000000005,21.209999999999997,21.945454545454545
21518,2021-08-15 03:45:00,2021-08-15 04:00:00,22.0,21.43227777777778,21.416166666666673,21.45
21519,2021-08-15 04:00:00,2021-08-15 04:15:00,22.0,22.222666666666676,22.316888888888887,22.39090909090909
21520,2021-08-15 04:15:00,2021-08-15 04:30:00,22.0,22.354805555555547,22.485777777777784,22.381818181818183
21521,2021-08-15 04:30:00,2021-08-15 04:45:00,22.0,22.851811668811656,22.7876446452831,22.490909090909092
21522,2021-08-15 04:45:00,2021-08-15 05:00:00,22.0,23.21630719180719,23.309579864437712,22.45
21523,2021-08-15 05:00:00,2021-08-15 05:15:00,25.0,22.698791318791304,22.870601408825102,22.240909090909092
21524,2021-08-15 05:15:00,2021-08-15 05:30:00,25.0,26.350222222222214,26.32166666666667,26.081818181818182
21525,2021-08-15 05:30:00,2021-08-15 05:45:00,21.0,22.958055555555564,22.94388888888889,22.509090909090908
21526,2021-08-15 05:45:00,2021-08-15 06:00:00,21.0,21.047111111111096,20.79027777777777,21.386363636363637
21527,2021-08-15 06:00:00,2021-08-15 06:15:00,22.0,21.034666666666663,20.897833333333327,21.21818181818182
21528,2021-08-15 06:15:00,2021-08-15 06:30:00,22.0,23.876222222222218,24.09038888888888,23.65
21529,2021-08-15 06:30:00,2021-08-15 06:45:00,21.0,22.15909422617576,22.16927777777778,22.15909090909091
21530,2021-08-15 06:45:00,2021-08-15 07:00:00,21.0,21.295444444444435,21.143444444444448,21.25
21531,2021-08-15 07:00:00,2021-08-15 07:15:00,21.0,21.19605555555556,21.125722222222226,21.418181818181818
21532,2021-08-15 07:15:00,2021-08-15 07:30:00,20.0,22.485531746031764,21.744222222222223,22.568181818181817
21533,2021-08-15 07:30:00,2021-08-15 07:45:00,20.0,20.54411111111111,20.408722222222227,20.759090909090908
21534,2021-08-15 07:45:00,2021-08-15 08:00:00,21.0,21.068722222222217,21.27933333333333,20.80909090909091
21535,2021-08-15 08:00:00,2021-08-15 08:15:00,22.0,21.44261111111109,21.2596111111111,21.022727272727273
21536,2021-08-15 08:15:00,2021-08-15 08:30:00,21.0,24.13911111111112,24.168333333333337,23.759090909090908
21537,2021-08-15 08:30:00,2021-08-15 08:45:00,24.0,21.706222222222213,21.524833333333337,21.686363636363637
21538,2021-08-15 08:45:00,2021-08-15 09:00:00,26.0,25.48311111111112,25.84427777777778,25.55
21539,2021-08-15 09:00:00,2021-08-15 09:15:00,24.0,27.862277777777773,25.102666666666675,24.386363636363637
21540,2021-08-15 09:15:00,2021-08-15 09:30:00,22.0,21.790944444444435,21.967333333333332,21.663636363636364
21541,2021-08-15 09:30:00,2021-08-15 09:45:00,23.0,21.813761904761904,21.854999999999997,22.03181818181818
21542,2021-08-15 09:45:00,2021-08-15 10:00:00,21.0,22.83016666666666,23.23611111111111,22.727272727272727
21543,2021-08-15 10:00:00,2021-08-15 10:15:00,21.0,21.28296825396825,21.138611111111118,21.286363636363635
21544,2021-08-15 10:15:00,2021-08-15 10:30:00,21.0,21.429388888888887,21.390833333333337,21.263636363636362
21545,2021-08-15 10:30:00,2021-08-15 10:45:00,20.0,21.44716666666667,21.282055555555562,21.436363636363637
21546,2021-08-15 10:45:00,2021-08-15 11:00:00,21.0,20.558944444444442,20.461499999999997,20.84090909090909
21547,2021-08-15 11:00:00,2021-08-15 11:15:00,21.0,20.751055555555553,20.708777777777776,21.027272727272727
21548,2021-08-15 11:15:00,2021-08-15 11:30:00,21.0,20.825611111111108,20.780222222222218,21.554545454545455
21549,2021-08-15 11:30:00,2021-08-15 11:45:00,22.0,21.380111111111102,21.29222222222222,22.154545454545456
21550,2021-08-15 11:45:00,2021-08-15 12:00:00,22.0,24.401841269841267,24.121888888888897,24.04090909090909
21551,2021-08-15 12:00:00,2021-08-15 12:15:00,21.0,23.453857142857142,23.64009259259258,23.081818181818182
21552,2021-08-15 12:15:00,2021-08-15 12:30:00,22.0,21.73438888888889,21.916666666666664,21.204545454545453
21553,2021-08-15 12:30:00,2021-08-15 12:45:00,26.0,24.51268468468469,24.74516666666667,22.522727272727273
21554,2021-08-15 12:45:00,2021-08-15 13:00:00,24.0,25.511055555555565,25.350666666666662,25.70909090909091
21555,2021-08-15 13:00:00,2021-08-15 13:15:00,22.0,23.25322222222222,24.062777777777768,21.75
21556,2021-08-15 13:15:00,2021-08-15 13:30:00,21.0,21.900380952380957,21.948166666666665,22.181818181818183
21557,2021-08-15 13:30:00,2021-08-15 13:45:00,21.0,21.21738888888888,21.20872222222222,21.4
21558,2021-08-15 13:45:00,2021-08-15 14:00:00,22.0,21.129499999999997,21.25311111111111,21.222727272727273
21559,2021-08-15 14:00:00,2021-08-15 14:15:00,21.0,21.973999999999997,21.843555555555554,22.76818181818182
21560,2021-08-15 14:15:00,2021-08-15 14:30:00,22.0,21.25666666666667,21.118,21.513636363636362
21561,2021-08-15 14:30:00,2021-08-15 14:45:00,22.0,22.4504365079365,22.377944444444445,23.022727272727273
21562,2021-08-15 14:45:00,2021-08-15 15:00:00,21.0,22.11992063492064,21.79544444444444,22.804545454545455
21563,2021-08-15 15:00:00,2021-08-15 15:15:00,21.0,21.554666666666673,21.384166666666673,21.668181818181818
21564,2021-08-15 15:15:00,2021-08-15 15:30:00,21.0,21.67688888888889,21.583333333333325,21.595454545454544
21565,2021-08-15 15:30:00,2021-08-15 15:45:00,21.0,21.58,21.65505555555555,21.181818181818183
21566,2021-08-15 15:45:00,2021-08-15 16:00:00,21.0,21.56438888888889,21.828277777777775,21.154545454545456
21567,2021-08-15 16:00:00,2021-08-15 16:15:00,25.0,21.70699999999999,21.427555555555553,21.313636363636363
21568,2021-08-15 16:15:00,2021-08-15 16:30:00,24.0,25.4023253968254,25.344111111111125,25.15909090909091
21569,2021-08-15 16:30:00,2021-08-15 16:45:00,21.0,22.190722222222213,21.979777777777784,21.736363636363638
21570,2021-08-15 16:45:00,2021-08-15 17:00:00,21.0,20.857166666666654,20.767333333333337,21.077272727272728
21571,2021-08-15 17:00:00,2021-08-15 17:15:00,22.0,20.86761111111111,20.926944444444448,20.863636363636363
21572,2021-08-15 17:15:00,2021-08-15 17:30:00,22.0,23.40127777777777,23.653111111111112,23.786363636363635
21573,2021-08-15 17:30:00,2021-08-15 17:45:00,21.0,22.576888888888888,22.65177777777778,23.14090909090909
21574,2021-08-15 17:45:00,2021-08-15 18:00:00,22.0,21.20688888888889,21.05644444444445,21.53181818181818
21575,2021-08-15 18:00:00,2021-08-15 18:15:00,21.0,22.405373015873018,22.35188888888889,23.19090909090909
21576,2021-08-15 18:15:00,2021-08-15 18:30:00,20.0,21.340333333333337,21.366055555555562,21.40909090909091
21577,2021-08-15 18:30:00,2021-08-15 18:45:00,21.0,20.407277777777775,20.302388888888892,20.48181818181818
21578,2021-08-15 18:45:00,2021-08-15 19:00:00,21.0,21.230222222222217,21.09833333333332,20.986363636363638
21579,2021-08-15 19:00:00,2021-08-15 19:15:00,21.0,21.520571428571422,21.458944444444434,22.081818181818182
21580,2021-08-15 19:15:00,2021-08-15 19:30:00,22.0,21.654182539682534,21.529944444444443,21.486363636363638
21581,2021-08-15 19:30:00,2021-08-15 19:45:00,25.0,24.492999999999995,24.43472222222223,24.654545454545456
21582,2021-08-15 19:45:00,2021-08-15 20:00:00,24.0,24.63177777777779,24.492611111111113,24.936363636363637
21583,2021-08-15 20:00:00,2021-08-15 20:15:00,22.0,22.063111111111112,22.74927777777778,21.645454545454545
21584,2021-08-15 20:15:00,2021-08-15 20:30:00,21.0,21.835214285714287,21.976555555555557,22.181818181818183
21585,2021-08-15 20:30:00,2021-08-15 20:45:00,21.0,21.113222222222223,20.991888888888887,21.368181818181817
21586,2021-08-15 20:45:00,2021-08-15 21:00:00,22.0,21.122333333333337,21.00311111111111,21.172727272727272
21587,2021-08-15 21:00:00,2021-08-15 21:15:00,22.0,22.07061904761905,22.182666666666666,23.14090909090909
21588,2021-08-15 21:15:00,2021-08-15 21:30:00,22.0,22.5302905982906,22.542698412698407,24.05
21589,2021-08-15 21:30:00,2021-08-15 21:45:00,22.0,22.41358726432669,22.453185636856368,23.822727272727274
21590,2021-08-15 21:45:00,2021-08-15 22:00:00,22.0,22.712333333333333,22.327333333333335,23.78181818181818
21591,2021-08-15 22:00:00,2021-08-15 22:15:00,22.0,22.913999999999984,22.936277777777775,23.777272727272727
21592,2021-08-15 22:15:00,2021-08-15 22:30:00,22.0,23.14973015873016,23.079750000000008,23.113636363636363
21593,2021-08-15 22:30:00,2021-08-15 22:45:00,22.0,23.058388888888892,23.241305555555556,22.904545454545456
21594,2021-08-15 22:45:00,2021-08-15 23:00:00,24.0,23.792539682539683,23.465888888888895,24.472727272727273
21595,2021-08-15 23:00:00,2021-08-15 23:15:00,25.0,25.603396825396832,26.12916666666666,24.845454545454544
21596,2021-08-15 23:15:00,2021-08-15 23:30:00,23.0,23.65876984126984,23.327055555555557,24.163636363636364
21597,2021-08-15 23:30:00,2021-08-15 23:45:00,21.0,22.591603174603172,22.61688888888889,22.427272727272726
21598,2021-08-15 23:45:00,2021-08-16 00:00:00,22.0,21.403166666666657,20.9845,21.4
21599,2021-08-16 00:00:00,2021-08-16 00:15:00,22.0,28.24783333333334,28.239277777777776,23.318181818181817
21600,2021-08-16 00:15:00,2021-08-16 00:30:00,22.0,22.92619047619048,23.078500000000002,22.672727272727272
21601,2021-08-16 00:30:00,2021-08-16 00:45:00,22.0,22.531111111111105,22.75644444444444,22.854545454545455
21602,2021-08-16 00:45:00,2021-08-16 01:00:00,21.0,22.90877777777778,22.983388888888882,24.48181818181818
21603,2021-08-16 01:00:00,2021-08-16 01:15:00,20.0,21.484492063492066,21.411611111111117,21.354545454545455
21604,2021-08-16 01:15:00,2021-08-16 01:30:00,23.0,20.502444444444443,20.45561111111111,20.395454545454545
21605,2021-08-16 01:30:00,2021-08-16 01:45:00,21.0,25.646499999999993,25.400055555555554,24.918181818181818
21606,2021-08-16 01:45:00,2021-08-16 02:00:00,21.0,21.63216666666665,21.790777777777777,21.29090909090909
21607,2021-08-16 02:00:00,2021-08-16 02:15:00,20.0,21.529055555555555,21.49338888888888,21.386363636363637
21608,2021-08-16 02:15:00,2021-08-16 02:30:00,21.0,20.53361111111111,20.475444444444445,20.277272727272727
21609,2021-08-16 02:30:00,2021-08-16 02:45:00,26.0,21.865222222222215,21.869055555555548,22.12272727272727
21610,2021-08-16 02:45:00,2021-08-16 03:00:00,24.0,26.351444444444443,27.22605555555555,26.20909090909091
21611,2021-08-16 03:00:00,2021-08-16 03:15:00,21.0,23.75166666666667,22.220444444444432,21.845454545454544
21612,2021-08-16 03:15:00,2021-08-16 03:30:00,21.0,21.21983333333333,21.223388888888884,21.286363636363635
21613,2021-08-16 03:30:00,2021-08-16 03:45:00,21.0,21.175666666666665,21.152833333333334,21.23181818181818
21614,2021-08-16 03:45:00,2021-08-16 04:00:00,21.0,21.25766666666667,21.227833333333326,21.304545454545455
21615,2021-08-16 04:00:00,2021-08-16 04:15:00,21.0,21.274944444444444,21.228277777777766,22.013636363636362
21616,2021-08-16 04:15:00,2021-08-16 04:30:00,22.0,21.42266666666668,21.14633333333333,21.336363636363636
21617,2021-08-16 04:30:00,2021-08-16 04:45:00,22.0,23.474611111111113,23.277833333333337,23.89090909090909
21618,2021-08-16 04:45:00,2021-08-16 05:00:00,22.0,22.226412698412688,22.016611111111104,22.46818181818182
21619,2021-08-16 05:00:00,2021-08-16 05:15:00,21.0,23.00230158730159,23.26144444444445,24.045454545454547
21620,2021-08-16 05:15:00,2021-08-16 05:30:00,22.0,21.81144444444444,21.694333333333333,21.222727272727273
21621,2021-08-16 05:30:00,2021-08-16 05:45:00,22.0,24.086222222222226,23.923277777777777,23.39090909090909
21622,2021-08-16 05:45:00,2021-08-16 06:00:00,22.0,23.256936507936505,23.369111111111117,22.85
21623,2021-08-16 06:00:00,2021-08-16 06:15:00,23.0,23.49016666666666,23.984214646464647,22.795454545454547
21624,2021-08-16 06:15:00,2021-08-16 06:30:00,26.0,24.432222222222215,24.291388888888886,23.90909090909091
21625,2021-08-16 06:30:00,2021-08-16 06:45:00,22.0,24.930952380952384,24.98544444444444,24.636363636363637
21626,2021-08-16 06:45:00,2021-08-16 07:00:00,21.0,22.087999999999997,21.91111111111111,21.822727272727274
21627,2021-08-16 07:00:00,2021-08-16 07:15:00,24.0,21.364166666666666,21.40466666666666,21.763636363636362
21628,2021-08-16 07:15:00,2021-08-16 07:30:00,30.0,30.284055555555543,27.202777777777783,35.28636363636364
21629,2021-08-16 07:30:00,2021-08-16 07:45:00,63.0,42.925476190476225,42.6601666666667,47.15
21630,2021-08-16 07:45:00,2021-08-16 08:00:00,122.0,106.06249999999996,104.5567777777778,103.48636363636363
21631,2021-08-16 08:00:00,2021-08-16 08:15:00,152.0,148.2215,141.05738888888888,154.35454545454544
21632,2021-08-16 08:15:00,2021-08-16 08:30:00,180.0,175.73483333333334,174.78983333333343,175.37272727272727
21633,2021-08-16 08:30:00,2021-08-16 08:45:00,182.0,180.36205555555557,180.18022222222223,185.34545454545454
21634,2021-08-16 08:45:00,2021-08-16 09:00:00,183.0,182.4475555555555,182.5798333333333,181.43636363636364
21635,2021-08-16 09:00:00,2021-08-16 09:15:00,184.0,172.36727777777773,169.13211111111113,176.45454545454547
21636,2021-08-16 09:15:00,2021-08-16 09:30:00,190.0,176.81377777777777,176.23066666666665,175.39545454545456
21637,2021-08-16 09:30:00,2021-08-16 09:45:00,186.0,181.19266666666664,182.43466666666671,181.25
21638,2021-08-16 09:45:00,2021-08-16 10:00:00,170.0,179.37166666666664,179.69422222222227,180.7
21639,2021-08-16 10:00:00,2021-08-16 10:15:00,116.0,141.62633333333335,141.6994444444444,169.36363636363637
21640,2021-08-16 10:15:00,2021-08-16 10:30:00,151.0,150.79672222222231,145.40594444444451,166.9181818181818
21641,2021-08-16 10:30:00,2021-08-16 10:45:00,151.0,166.8951666666667,166.825,161.1818181818182
21642,2021-08-16 10:45:00,2021-08-16 11:00:00,157.0,163.06266666666673,162.48199999999997,161.22272727272727
21643,2021-08-16 11:00:00,2021-08-16 11:15:00,156.0,163.91666666666657,158.5234444444444,164.1590909090909
21644,2021-08-16 11:15:00,2021-08-16 11:30:00,152.0,165.24044444444445,164.9461111111111,163.57272727272726
21645,2021-08-16 11:30:00,2021-08-16 11:45:00,157.0,161.16855555555557,160.94405555555556,161.3318181818182
21646,2021-08-16 11:45:00,2021-08-16 12:00:00,155.0,160.7001666666667,160.51144444444444,159.52272727272728
21647,2021-08-16 12:00:00,2021-08-16 12:15:00,107.0,108.89957142857146,114.58755555555557,131.21363636363637
21648,2021-08-16 12:15:00,2021-08-16 12:30:00,91.0,90.85761111111108,91.01044444444443,109.83181818181818
21649,2021-08-16 12:30:00,2021-08-16 12:45:00,88.0,94.44533333333331,96.71438888888886,114.63181818181818
21650,2021-08-16 12:45:00,2021-08-16 13:00:00,100.0,116.11494444444446,115.61538888888884,121.70454545454545
21651,2021-08-16 13:00:00,2021-08-16 13:15:00,157.0,141.3900555555555,135.3601666666667,144.3590909090909
21652,2021-08-16 13:15:00,2021-08-16 13:30:00,156.0,160.98618253968255,161.7968333333334,164.85
21653,2021-08-16 13:30:00,2021-08-16 13:45:00,148.0,158.5529444444444,159.82966666666672,163.45909090909092
21654,2021-08-16 13:45:00,2021-08-16 14:00:00,149.0,153.87272222222228,152.30088888888892,159.47727272727272
21655,2021-08-16 14:00:00,2021-08-16 14:15:00,153.0,146.88194444444434,147.67411111111113,156.61363636363637
21656,2021-08-16 14:15:00,2021-08-16 14:30:00,138.0,155.0855555555555,155.69644444444444,159.88181818181818
21657,2021-08-16 14:30:00,2021-08-16 14:45:00,149.0,147.98018253968252,146.61988888888888,157.1681818181818
21658,2021-08-16 14:45:00,2021-08-16 15:00:00,144.0,151.06544444444447,150.29400000000004,155.1909090909091
21659,2021-08-16 15:00:00,2021-08-16 15:15:00,112.0,129.56138888888893,130.0174444444445,144.9090909090909
21660,2021-08-16 15:15:00,2021-08-16 15:30:00,146.0,133.99683333333334,127.93050000000002,141.97272727272727
21661,2021-08-16 15:30:00,2021-08-16 15:45:00,140.0,147.0379444444445,146.21544444444442,157.38636363636363
21662,2021-08-16 15:45:00,2021-08-16 16:00:00,132.0,141.30988888888888,139.65977777777775,150.1409090909091
21663,2021-08-16 16:00:00,2021-08-16 16:15:00,117.0,136.41244444444445,131.44855555555557,142.78636363636363
21664,2021-08-16 16:15:00,2021-08-16 16:30:00,125.0,128.6775555555555,126.153,139.79545454545453
21665,2021-08-16 16:30:00,2021-08-16 16:45:00,110.0,133.27327777777776,128.7370555555556,142.8909090909091
21666,2021-08-16 16:45:00,2021-08-16 17:00:00,113.0,118.31838888888888,114.85816666666666,129.37727272727273
21667,2021-08-16 17:00:00,2021-08-16 17:15:00,105.0,115.95383333333331,112.39127777777777,129.43636363636364
21668,2021-08-16 17:15:00,2021-08-16 17:30:00,99.0,109.43900000000002,110.18622222222218,123.96818181818182
21669,2021-08-16 17:30:00,2021-08-16 17:45:00,99.0,113.60580158730157,109.68488888888884,121.77727272727273
21670,2021-08-16 17:45:00,2021-08-16 18:00:00,95.0,106.1991111111112,103.77044444444445,109.06818181818181
21671,2021-08-16 18:00:00,2021-08-16 18:15:00,94.0,99.00422222222221,99.26188888888888,101.59545454545454
21672,2021-08-16 18:15:00,2021-08-16 18:30:00,92.0,98.01209523809521,99.58488888888888,97.86363636363636
21673,2021-08-16 18:30:00,2021-08-16 18:45:00,91.0,97.74649206349206,97.24527777777779,97.70454545454545
21674,2021-08-16 18:45:00,2021-08-16 19:00:00,89.0,95.77969047619051,94.37861111111108,95.85909090909091
21675,2021-08-16 19:00:00,2021-08-16 19:15:00,95.0,91.23901587301594,89.57927777777782,92.41818181818182
21676,2021-08-16 19:15:00,2021-08-16 19:30:00,93.0,96.80661111111117,97.55383333333332,97.0409090909091
21677,2021-08-16 19:30:00,2021-08-16 19:45:00,85.0,95.18964285714287,93.4736111111111,97.8409090909091
21678,2021-08-16 19:45:00,2021-08-16 20:00:00,84.0,88.20022222222224,84.13116666666667,90.45
21679,2021-08-16 20:00:00,2021-08-16 20:15:00,95.0,86.48261111111108,80.58266666666668,92.91818181818182
21680,2021-08-16 20:15:00,2021-08-16 20:30:00,101.0,97.63838888888891,97.2402222222222,102.48636363636363
21681,2021-08-16 20:30:00,2021-08-16 20:45:00,95.0,102.23899999999998,103.59666666666668,105.27272727272727
21682,2021-08-16 20:45:00,2021-08-16 21:00:00,102.0,97.04205555555555,92.07461111111111,102.82272727272728
21683,2021-08-16 21:00:00,2021-08-16 21:15:00,113.0,99.84961111111112,100.07688888888885,104.5409090909091
21684,2021-08-16 21:15:00,2021-08-16 21:30:00,116.0,108.956,110.04233333333335,109.11818181818182
21685,2021-08-16 21:30:00,2021-08-16 21:45:00,110.0,116.1005555555555,118.40738888888892,118.11363636363636
21686,2021-08-16 21:45:00,2021-08-16 22:00:00,108.0,106.17961111111109,104.18438888888888,108.14090909090909
21687,2021-08-16 22:00:00,2021-08-16 22:15:00,86.0,96.02211111111113,99.29683333333332,99.74090909090908
21688,2021-08-16 22:15:00,2021-08-16 22:30:00,102.0,101.35227777777779,89.30094444444444,103.46363636363637
21689,2021-08-16 22:30:00,2021-08-16 22:45:00,95.0,103.94111111111116,104.77450000000002,103.59545454545454
21690,2021-08-16 22:45:00,2021-08-16 23:00:00,98.0,97.85157142857143,94.00727777777777,104.08636363636364
21691,2021-08-16 23:00:00,2021-08-16 23:15:00,94.0,100.72277777777778,99.93066666666664,105.81818181818181
21692,2021-08-16 23:15:00,2021-08-16 23:30:00,102.0,97.92567460317454,95.43400000000003,101.45454545454545
21693,2021-08-16 23:30:00,2021-08-16 23:45:00,102.0,101.7891111111111,102.78155555555558,99.41818181818182
21694,2021-08-16 23:45:00,2021-08-17 00:00:00,84.0,77.96744444444448,82.76277777777779,75.9
21695,2021-08-17 00:00:00,2021-08-17 00:15:00,71.0,63.00505555555558,67.22650000000002,64.40454545454546
21696,2021-08-17 00:15:00,2021-08-17 00:30:00,68.0,66.73994444444445,68.84933333333332,68.58181818181818
21697,2021-08-17 00:30:00,2021-08-17 00:45:00,68.0,64.19761111111112,65.11183333333334,66.22272727272727
21698,2021-08-17 00:45:00,2021-08-17 01:00:00,71.0,64.59750000000001,65.04744444444444,65.35
21699,2021-08-17 01:00:00,2021-08-17 01:15:00,90.0,94.8918888888889,94.51638888888888,94.66818181818182
21700,2021-08-17 01:15:00,2021-08-17 01:30:00,95.0,99.8877777777778,98.57861111111112,97.92727272727272
21701,2021-08-17 01:30:00,2021-08-17 01:45:00,100.0,102.85794444444439,101.8306666666666,102.40454545454546
21702,2021-08-17 01:45:00,2021-08-17 02:00:00,100.0,101.95946031746027,102.6626111111111,104.77727272727273
21703,2021-08-17 02:00:00,2021-08-17 02:15:00,98.0,101.44327777777775,101.96433333333336,99.22272727272727
21704,2021-08-17 02:15:00,2021-08-17 02:30:00,96.0,99.56527777777777,100.81944444444447,101.43636363636364
21705,2021-08-17 02:30:00,2021-08-17 02:45:00,101.0,97.39644444444446,98.33155555555555,98.74545454545455
21706,2021-08-17 02:45:00,2021-08-17 03:00:00,98.0,100.06226190476191,101.20438888888887,101.86363636363636
21707,2021-08-17 03:00:00,2021-08-17 03:15:00,83.0,89.97566666666667,93.32905555555557,89.36818181818182
21708,2021-08-17 03:15:00,2021-08-17 03:30:00,95.0,99.51566666666668,96.22383333333336,96.62272727272727
21709,2021-08-17 03:30:00,2021-08-17 03:45:00,99.0,97.83338888888892,96.8696111111111,101.41363636363636
21710,2021-08-17 03:45:00,2021-08-17 04:00:00,92.0,101.8075555555555,102.14322222222219,101.29545454545455
21711,2021-08-17 04:00:00,2021-08-17 04:15:00,86.0,92.42016666666663,92.32372222222216,97.80909090909091
21712,2021-08-17 04:15:00,2021-08-17 04:30:00,95.0,89.60411111111108,88.72727777777777,90.5
21713,2021-08-17 04:30:00,2021-08-17 04:45:00,98.0,97.39005555555555,96.98894444444444,99.64545454545454
21714,2021-08-17 04:45:00,2021-08-17 05:00:00,94.0,98.37949999999996,98.93033333333332,100.16363636363636
21715,2021-08-17 05:00:00,2021-08-17 05:15:00,77.0,83.2730555555556,86.08166666666664,82.17272727272727
21716,2021-08-17 05:15:00,2021-08-17 05:30:00,73.0,71.79313492063491,75.76227777777778,70.72727272727273
21717,2021-08-17 05:30:00,2021-08-17 05:45:00,89.0,89.29822222222226,86.82822222222224,93.14090909090909
21718,2021-08-17 05:45:00,2021-08-17 06:00:00,103.0,95.79557142857145,95.53155555555553,94.21818181818182
21719,2021-08-17 06:00:00,2021-08-17 06:15:00,94.0,106.2516111111111,106.21405555555555,106.16363636363636
21720,2021-08-17 06:15:00,2021-08-17 06:30:00,91.0,94.05665873015872,94.71366666666667,98.74545454545455
21721,2021-08-17 06:30:00,2021-08-17 06:45:00,93.0,89.75230158730157,90.52194444444442,92.93636363636364
21722,2021-08-17 06:45:00,2021-08-17 07:00:00,96.0,91.8179603174603,91.82066666666664,93.05909090909091
21723,2021-08-17 07:00:00,2021-08-17 07:15:00,95.0,97.44683333333334,96.7677222222222,101.27727272727273
21724,2021-08-17 07:15:00,2021-08-17 07:30:00,120.0,99.60481746031748,97.42672222222218,100.4
21725,2021-08-17 07:30:00,2021-08-17 07:45:00,146.0,145.39444444444445,140.08661111111104,142.5818181818182
21726,2021-08-17 07:45:00,2021-08-17 08:00:00,137.0,148.57666666666665,148.20794444444445,146.99545454545455
21727,2021-08-17 08:00:00,2021-08-17 08:15:00,156.0,151.95716666666664,150.6497777777778,156.23636363636365
21728,2021-08-17 08:15:00,2021-08-17 08:30:00,171.0,168.3694523809525,169.11205555555557,167.25454545454545
21729,2021-08-17 08:30:00,2021-08-17 08:45:00,168.0,171.74790476190478,173.03172222222224,173.17727272727274
21730,2021-08-17 08:45:00,2021-08-17 09:00:00,162.0,173.1634444444444,173.38244444444442,173.0
21731,2021-08-17 09:00:00,2021-08-17 09:15:00,156.0,159.81166666666667,158.25016666666667,164.0681818181818
21732,2021-08-17 09:15:00,2021-08-17 09:30:00,159.0,159.99272222222223,158.6195,162.4181818181818
21733,2021-08-17 09:30:00,2021-08-17 09:45:00,170.0,163.19700000000003,163.4940555555557,163.01363636363635
21734,2021-08-17 09:45:00,2021-08-17 10:00:00,166.0,169.74694444444435,169.46411111111115,168.71818181818182
21735,2021-08-17 10:00:00,2021-08-17 10:15:00,126.0,126.97555555555557,128.80350000000007,127.45454545454545
21736,2021-08-17 10:15:00,2021-08-17 10:30:00,159.0,160.90538888888887,160.3273888888888,160.20454545454547
21737,2021-08-17 10:30:00,2021-08-17 10:45:00,162.0,166.42014285714282,166.38455555555555,167.87727272727273
21738,2021-08-17 10:45:00,2021-08-17 11:00:00,165.0,163.9242222222222,163.67972222222227,164.15
21739,2021-08-17 11:00:00,2021-08-17 11:15:00,165.0,161.6762777777778,155.11205555555557,165.46818181818182
21740,2021-08-17 11:15:00,2021-08-17 11:30:00,167.0,163.07930158730167,162.9908333333333,164.5681818181818
21741,2021-08-17 11:30:00,2021-08-17 11:45:00,171.0,167.97535714285712,168.61649999999997,166.70454545454547
21742,2021-08-17 11:45:00,2021-08-17 12:00:00,173.0,166.64944444444444,166.53027777777777,164.94545454545454
21743,2021-08-17 12:00:00,2021-08-17 12:15:00,109.0,108.4334523809524,111.39261111111114,107.82727272727273
21744,2021-08-17 12:15:00,2021-08-17 12:30:00,98.0,87.46377777777782,88.26044444444443,91.11818181818182
21745,2021-08-17 12:30:00,2021-08-17 12:45:00,100.0,96.74834920634919,97.46027777777772,96.76818181818182
21746,2021-08-17 12:45:00,2021-08-17 13:00:00,134.0,124.08849999999998,124.11283333333337,119.09545454545454
21747,2021-08-17 13:00:00,2021-08-17 13:15:00,159.0,170.58440476190484,171.3477777777778,171.46818181818182
21748,2021-08-17 13:15:00,2021-08-17 13:30:00,164.0,160.44911111111105,159.55538888888887,160.4
21749,2021-08-17 13:30:00,2021-08-17 13:45:00,163.0,167.40699999999998,164.86216666666664,171.0818181818182
21750,2021-08-17 13:45:00,2021-08-17 14:00:00,162.0,160.16578571428565,160.89605555555553,160.5681818181818
21751,2021-08-17 14:00:00,2021-08-17 14:15:00,164.0,152.19350000000009,153.03188888888886,155.87272727272727
21752,2021-08-17 14:15:00,2021-08-17 14:30:00,160.0,160.70816666666667,160.80288888888893,158.0818181818182
21753,2021-08-17 14:30:00,2021-08-17 14:45:00,163.0,160.43964285714281,160.2221111111111,159.9318181818182
21754,2021-08-17 14:45:00,2021-08-17 15:00:00,156.0,161.29677777777775,161.35116666666664,159.66363636363636
21755,2021-08-17 15:00:00,2021-08-17 15:15:00,120.0,124.72083333333336,124.35294444444446,123.82727272727273
21756,2021-08-17 15:15:00,2021-08-17 15:30:00,154.0,151.15066666666667,150.0209444444445,148.60454545454544
21757,2021-08-17 15:30:00,2021-08-17 15:45:00,159.0,154.99823809523812,156.2831666666667,156.27727272727273
21758,2021-08-17 15:45:00,2021-08-17 16:00:00,168.0,157.0028888888889,157.60066666666668,157.07272727272726
21759,2021-08-17 16:00:00,2021-08-17 16:15:00,158.0,154.0472222222222,151.7715,158.4
21760,2021-08-17 16:15:00,2021-08-17 16:30:00,151.0,154.75733333333338,155.31194444444444,158.0590909090909
21761,2021-08-17 16:30:00,2021-08-17 16:45:00,152.0,154.66644444444444,155.10088888888885,151.7590909090909
21762,2021-08-17 16:45:00,2021-08-17 17:00:00,147.0,153.15227777777778,152.56866666666664,149.61363636363637
21763,2021-08-17 17:00:00,2021-08-17 17:15:00,104.0,112.85957936507936,108.95133333333332,111.09545454545454
21764,2021-08-17 17:15:00,2021-08-17 17:30:00,91.0,91.22022222222218,90.96094444444442,91.98636363636363
21765,2021-08-17 17:30:00,2021-08-17 17:45:00,120.0,132.02793650793646,130.43566666666666,131.94545454545454
21766,2021-08-17 17:45:00,2021-08-17 18:00:00,135.0,137.0532777777778,137.52216666666666,140.21363636363637
21767,2021-08-17 18:00:00,2021-08-17 18:15:00,137.0,133.01630158730157,134.03905555555556,136.2409090909091
21768,2021-08-17 18:15:00,2021-08-17 18:30:00,148.0,138.29566666666673,137.09733333333338,136.13181818181818
21769,2021-08-17 18:30:00,2021-08-17 18:45:00,154.0,141.61255555555556,141.95083333333332,143.73181818181817
21770,2021-08-17 18:45:00,2021-08-17 19:00:00,158.0,148.20833333333337,148.97766666666666,149.52727272727273
21771,2021-08-17 19:00:00,2021-08-17 19:15:00,143.0,149.70833333333334,150.92238888888895,153.21363636363637
21772,2021-08-17 19:15:00,2021-08-17 19:30:00,141.0,143.4235555555556,144.0822222222222,148.3272727272727
21773,2021-08-17 19:30:00,2021-08-17 19:45:00,139.0,143.91471428571433,144.61411111111107,144.78636363636363
21774,2021-08-17 19:45:00,2021-08-17 20:00:00,127.0,124.95313492063491,129.68488888888882,129.52272727272728
21775,2021-08-17 20:00:00,2021-08-17 20:15:00,116.0,119.68099206349201,118.89027777777777,119.35909090909091
21776,2021-08-17 20:15:00,2021-08-17 20:30:00,120.0,118.91843650793652,118.25238888888889,119.3
21777,2021-08-17 20:30:00,2021-08-17 20:45:00,128.0,122.07467460317464,121.91333333333333,121.01363636363637
21778,2021-08-17 20:45:00,2021-08-17 21:00:00,116.0,125.95144444444445,125.61261111111108,125.00909090909092
21779,2021-08-17 21:00:00,2021-08-17 21:15:00,120.0,111.6125,112.01233333333333,117.0909090909091
21780,2021-08-17 21:15:00,2021-08-17 21:30:00,118.0,119.83295238095239,119.7773888888889,121.88181818181818
21781,2021-08-17 21:30:00,2021-08-17 21:45:00,121.0,115.74538888888894,115.31966666666665,117.7
21782,2021-08-17 21:45:00,2021-08-17 22:00:00,112.0,117.44211111111106,117.15827777777774,117.28181818181818
21783,2021-08-17 22:00:00,2021-08-17 22:15:00,90.0,98.65544444444444,101.9371111111111,96.37727272727273
21784,2021-08-17 22:15:00,2021-08-17 22:30:00,114.0,108.99557142857144,106.75366666666663,108.74090909090908
21785,2021-08-17 22:30:00,2021-08-17 22:45:00,118.0,110.63183333333332,110.83483333333335,110.38636363636364
21786,2021-08-17 22:45:00,2021-08-17 23:00:00,117.0,118.72933333333337,118.32644444444448,118.2090909090909
21787,2021-08-17 23:00:00,2021-08-17 23:15:00,118.0,112.63566666666668,108.61877777777775,114.28181818181818
21788,2021-08-17 23:15:00,2021-08-17 23:30:00,111.0,113.75533333333338,113.92111111111112,112.85909090909091
21789,2021-08-17 23:30:00,2021-08-17 23:45:00,99.0,103.78727777777783,103.21916666666667,106.45
21790,2021-08-17 23:45:00,2021-08-18 00:00:00,87.0,80.9623333333333,81.89005555555555,81.52272727272727
21791,2021-08-18 00:00:00,2021-08-18 00:15:00,66.0,71.3898333333333,71.62650000000002,72.73181818181818
21792,2021-08-18 00:15:00,2021-08-18 00:30:00,64.0,64.30261111111109,63.44549999999997,67.99090909090908
21793,2021-08-18 00:30:00,2021-08-18 00:45:00,65.0,63.36622222222223,63.77227777777776,64.83181818181818
21794,2021-08-18 00:45:00,2021-08-18 01:00:00,65.0,64.32288888888893,64.83283333333331,64.46363636363637
21795,2021-08-18 01:00:00,2021-08-18 01:15:00,84.0,94.86505555555556,93.98938888888885,93.15
21796,2021-08-18 01:15:00,2021-08-18 01:30:00,95.0,100.5807777777778,100.88011111111109,99.06818181818181
21797,2021-08-18 01:30:00,2021-08-18 01:45:00,97.0,103.09433333333334,102.9992222222222,103.19090909090909
21798,2021-08-18 01:45:00,2021-08-18 02:00:00,105.0,97.68333333333337,98.36827777777775,99.19090909090909
21799,2021-08-18 02:00:00,2021-08-18 02:15:00,101.0,104.72350000000004,104.51411111111113,103.39545454545454
21800,2021-08-18 02:15:00,2021-08-18 02:30:00,102.0,100.81173809523807,99.29927777777779,103.48636363636363
21801,2021-08-18 02:30:00,2021-08-18 02:45:00,105.0,100.88538888888894,101.47455555555551,103.12272727272727
21802,2021-08-18 02:45:00,2021-08-18 03:00:00,102.0,101.96434126984133,102.575,104.91363636363636
21803,2021-08-18 03:00:00,2021-08-18 03:15:00,78.0,92.05852380952389,94.48455555555556,90.75909090909092
21804,2021-08-18 03:15:00,2021-08-18 03:30:00,87.0,98.57970634920626,96.59194444444442,99.65
21805,2021-08-18 03:30:00,2021-08-18 03:45:00,98.0,96.5277777777778,96.28999999999999,98.27272727272727
21806,2021-08-18 03:45:00,2021-08-18 04:00:00,101.0,101.81856349206348,102.13366666666664,102.49090909090908
21807,2021-08-18 04:00:00,2021-08-18 04:15:00,93.0,100.8786666666667,102.51488888888888,102.46818181818182
21808,2021-08-18 04:15:00,2021-08-18 04:30:00,95.0,98.1454444444444,97.48144444444443,99.9
21809,2021-08-18 04:30:00,2021-08-18 04:45:00,99.0,98.08033333333329,97.1067222222222,102.78636363636363
21810,2021-08-18 04:45:00,2021-08-18 05:00:00,93.0,98.2842777777777,100.38761111111113,100.63636363636364
21811,2021-08-18 05:00:00,2021-08-18 05:15:00,78.0,80.51383333333334,84.68655555555551,79.54545454545455
21812,2021-08-18 05:15:00,2021-08-18 05:30:00,70.0,70.49627777777778,72.88288888888886,70.00454545454545
21813,2021-08-18 05:30:00,2021-08-18 05:45:00,84.0,87.14327777777781,81.878,93.71818181818182
21814,2021-08-18 05:45:00,2021-08-18 06:00:00,98.0,92.99262698412691,94.10094444444441,94.98636363636363
21815,2021-08-18 06:00:00,2021-08-18 06:15:00,96.0,105.56527777777781,105.17227777777774,103.70454545454545
21816,2021-08-18 06:15:00,2021-08-18 06:30:00,97.0,98.63695238095241,99.18027777777776,100.48636363636363
21817,2021-08-18 06:30:00,2021-08-18 06:45:00,103.0,98.97630952380952,98.12066666666666,102.35454545454546
21818,2021-08-18 06:45:00,2021-08-18 07:00:00,107.0,101.54838888888888,101.0454444444444,108.36363636363636
21819,2021-08-18 07:00:00,2021-08-18 07:15:00,105.0,103.91277777777778,102.3076111111111,105.6
21820,2021-08-18 07:15:00,2021-08-18 07:30:00,116.0,110.32383333333337,109.32050000000001,109.43636363636364
21821,2021-08-18 07:30:00,2021-08-18 07:45:00,146.0,144.41211111111102,139.75749999999996,143.86363636363637
21822,2021-08-18 07:45:00,2021-08-18 08:00:00,131.0,144.1213333333333,145.90166666666664,144.0090909090909
21823,2021-08-18 08:00:00,2021-08-18 08:15:00,146.0,149.2695555555556,146.77772222222225,152.5090909090909
21824,2021-08-18 08:15:00,2021-08-18 08:30:00,162.0,163.94683333333333,164.7725,164.71818181818182
21825,2021-08-18 08:30:00,2021-08-18 08:45:00,174.0,162.97233333333327,162.63766666666658,162.6727272727273
21826,2021-08-18 08:45:00,2021-08-18 09:00:00,171.0,171.91433333333333,170.66516666666666,171.6
21827,2021-08-18 09:00:00,2021-08-18 09:15:00,171.0,162.6414999999999,163.7322777777777,163.58636363636364
21828,2021-08-18 09:15:00,2021-08-18 09:30:00,172.0,167.72333333333336,168.8817222222222,167.79090909090908
21829,2021-08-18 09:30:00,2021-08-18 09:45:00,163.0,169.60172222222218,168.79961111111115,170.98181818181817
21830,2021-08-18 09:45:00,2021-08-18 10:00:00,170.0,165.32327777777778,165.05000000000004,167.70454545454547
21831,2021-08-18 10:00:00,2021-08-18 10:15:00,134.0,130.62894444444444,131.0427222222222,155.0
21832,2021-08-18 10:15:00,2021-08-18 10:30:00,160.0,166.36105555555562,165.92911111111118,165.67727272727274
21833,2021-08-18 10:30:00,2021-08-18 10:45:00,166.0,164.99749999999997,164.42299999999997,166.35454545454544
21834,2021-08-18 10:45:00,2021-08-18 11:00:00,176.0,166.45565873015866,166.2997222222222,164.01363636363635
21835,2021-08-18 11:00:00,2021-08-18 11:15:00,173.0,165.31838888888885,160.6267777777778,167.70909090909092
21836,2021-08-18 11:15:00,2021-08-18 11:30:00,172.0,165.3106666666666,165.19961111111107,166.0909090909091
21837,2021-08-18 11:30:00,2021-08-18 11:45:00,183.0,169.92672222222222,168.82305555555556,172.64545454545456
21838,2021-08-18 11:45:00,2021-08-18 12:00:00,163.0,175.8977777777777,175.21883333333335,176.32272727272726
21839,2021-08-18 12:00:00,2021-08-18 12:15:00,109.0,112.17080158730154,117.52238888888881,113.2
21840,2021-08-18 12:15:00,2021-08-18 12:30:00,90.0,91.46444444444447,92.52855555555556,92.55909090909091
21841,2021-08-18 12:30:00,2021-08-18 12:45:00,88.0,91.13711111111112,91.89849999999997,93.6
21842,2021-08-18 12:45:00,2021-08-18 13:00:00,120.0,123.54877777777774,124.22888888888887,122.6
21843,2021-08-18 13:00:00,2021-08-18 13:15:00,166.0,162.00983333333335,160.75194444444435,158.8
21844,2021-08-18 13:15:00,2021-08-18 13:30:00,171.0,171.99655555555555,171.471,170.73181818181817
21845,2021-08-18 13:30:00,2021-08-18 13:45:00,171.0,172.10477777777777,172.0301111111111,170.87727272727273
21846,2021-08-18 13:45:00,2021-08-18 14:00:00,177.0,168.46861111111113,170.14549999999997,169.55454545454546
21847,2021-08-18 14:00:00,2021-08-18 14:15:00,175.0,168.13405555555548,168.5626666666667,170.9
21848,2021-08-18 14:15:00,2021-08-18 14:30:00,176.0,168.6955,168.55333333333337,171.5772727272727
21849,2021-08-18 14:30:00,2021-08-18 14:45:00,181.0,172.13083333333336,171.37827777777775,172.23181818181817
21850,2021-08-18 14:45:00,2021-08-18 15:00:00,185.0,175.23094444444448,173.66949999999994,174.39545454545456
21851,2021-08-18 15:00:00,2021-08-18 15:15:00,141.0,145.1745555555556,147.42722222222218,146.96818181818182
21852,2021-08-18 15:15:00,2021-08-18 15:30:00,176.0,171.52109523809528,170.7026666666667,163.70909090909092
21853,2021-08-18 15:30:00,2021-08-18 15:45:00,184.0,178.26233333333332,177.82600000000002,172.28181818181818
21854,2021-08-18 15:45:00,2021-08-18 16:00:00,178.0,174.0353412698413,175.31244444444442,168.54090909090908
21855,2021-08-18 16:00:00,2021-08-18 16:15:00,188.0,165.17772222222223,159.20816666666664,164.26818181818183
21856,2021-08-18 16:15:00,2021-08-18 16:30:00,174.0,179.4685555555555,181.7403333333333,174.1681818181818
21857,2021-08-18 16:30:00,2021-08-18 16:45:00,148.0,169.72794444444446,170.47077777777778,167.37727272727273
21858,2021-08-18 16:45:00,2021-08-18 17:00:00,152.0,160.51600000000002,162.42900000000003,159.8409090909091
21859,2021-08-18 17:00:00,2021-08-18 17:15:00,118.0,135.95433333333335,122.63255555555554,134.0590909090909
21860,2021-08-18 17:15:00,2021-08-18 17:30:00,99.0,110.18994444444446,112.9751111111111,111.46363636363637
21861,2021-08-18 17:30:00,2021-08-18 17:45:00,160.0,141.24966666666666,136.92911111111113,141.1090909090909
21862,2021-08-18 17:45:00,2021-08-18 18:00:00,186.0,167.5795555555555,167.89944444444444,161.98636363636365
21863,2021-08-18 18:00:00,2021-08-18 18:15:00,168.0,169.29633333333342,170.04849999999996,172.08636363636364
21864,2021-08-18 18:15:00,2021-08-18 18:30:00,165.0,162.97094444444446,163.45250000000001,160.61818181818182
21865,2021-08-18 18:30:00,2021-08-18 18:45:00,174.0,164.95349999999988,163.90422222222224,161.3590909090909
21866,2021-08-18 18:45:00,2021-08-18 19:00:00,147.0,166.32911111111113,165.5992777777778,166.45909090909092
21867,2021-08-18 19:00:00,2021-08-18 19:15:00,150.0,144.5437777777778,141.94777777777776,152.06363636363636
21868,2021-08-18 19:15:00,2021-08-18 19:30:00,158.0,150.5803888888889,151.3732777777778,146.84545454545454
21869,2021-08-18 19:30:00,2021-08-18 19:45:00,142.0,159.08511111111116,157.1907222222222,153.65454545454546
21870,2021-08-18 19:45:00,2021-08-18 20:00:00,123.0,119.36111111111111,125.50727777777773,128.4409090909091
21871,2021-08-18 20:00:00,2021-08-18 20:15:00,116.0,113.90327777777776,116.61683333333339,113.97272727272727
21872,2021-08-18 20:15:00,2021-08-18 20:30:00,124.0,121.9841666666667,122.22644444444445,121.53636363636363
21873,2021-08-18 20:30:00,2021-08-18 20:45:00,120.0,122.11438888888891,122.6,121.84545454545454
21874,2021-08-18 20:45:00,2021-08-18 21:00:00,118.0,122.2292222222222,121.89494444444448,120.96363636363637
21875,2021-08-18 21:00:00,2021-08-18 21:15:00,109.0,117.81394444444442,117.19027777777777,114.80454545454545
21876,2021-08-18 21:15:00,2021-08-18 21:30:00,111.0,115.04472222222226,115.38027777777779,111.75909090909092
21877,2021-08-18 21:30:00,2021-08-18 21:45:00,115.0,114.87922222222218,114.973,113.15454545454546
21878,2021-08-18 21:45:00,2021-08-18 22:00:00,123.0,114.02127777777777,113.47344444444444,112.08181818181818
21879,2021-08-18 22:00:00,2021-08-18 22:15:00,102.0,109.31433333333334,108.80877777777778,113.26818181818182
21880,2021-08-18 22:15:00,2021-08-18 22:30:00,125.0,106.03888888888886,105.9339444444444,110.29545454545455
21881,2021-08-18 22:30:00,2021-08-18 22:45:00,117.0,120.90361111111112,122.91994444444445,121.26363636363637
21882,2021-08-18 22:45:00,2021-08-18 23:00:00,103.0,113.70280158730156,113.18277777777782,116.31363636363636
21883,2021-08-18 23:00:00,2021-08-18 23:15:00,103.0,104.0471111111111,94.98105555555557,106.67272727272727
21884,2021-08-18 23:15:00,2021-08-18 23:30:00,112.0,109.44988888888892,108.00127777777772,108.36363636363636
21885,2021-08-18 23:30:00,2021-08-18 23:45:00,107.0,105.76050000000001,107.22544444444442,106.73636363636363
21886,2021-08-18 23:45:00,2021-08-19 00:00:00,96.0,85.02538888888887,86.98538888888892,77.81818181818181
21887,2021-08-19 00:00:00,2021-08-19 00:15:00,77.0,82.36055555555559,85.53777777777775,76.47272727272727
21888,2021-08-19 00:15:00,2021-08-19 00:30:00,73.0,72.56427777777782,76.00999999999998,70.05
21889,2021-08-19 00:30:00,2021-08-19 00:45:00,68.0,70.07361111111112,71.33038888888888,70.4590909090909
21890,2021-08-19 00:45:00,2021-08-19 01:00:00,65.0,65.88183333333333,65.65144444444442,66.89090909090909
21891,2021-08-19 01:00:00,2021-08-19 01:15:00,84.0,90.93649999999997,86.75422222222221,92.77272727272727
21892,2021-08-19 01:15:00,2021-08-19 01:30:00,101.0,98.5520555555556,98.45188888888886,99.24090909090908
21893,2021-08-19 01:30:00,2021-08-19 01:45:00,110.0,108.71184126984123,108.8016666666667,106.14545454545454
21894,2021-08-19 01:45:00,2021-08-19 02:00:00,114.0,111.6128333333333,111.51608730158729,110.38181818181818
21895,2021-08-19 02:00:00,2021-08-19 02:15:00,116.0,111.73316666666666,111.47994444444451,109.9090909090909
21896,2021-08-19 02:15:00,2021-08-19 02:30:00,106.0,114.02505555555553,114.82994444444444,113.75454545454545
21897,2021-08-19 02:30:00,2021-08-19 02:45:00,101.0,104.80794444444444,105.49583333333335,106.09545454545454
21898,2021-08-19 02:45:00,2021-08-19 03:00:00,113.0,106.9062857142857,105.5997222222222,104.10454545454546
21899,2021-08-19 03:00:00,2021-08-19 03:15:00,93.0,100.70738095238093,103.08838888888887,95.92272727272727
21900,2021-08-19 03:15:00,2021-08-19 03:30:00,111.0,106.7498968253968,103.85358333333338,104.10909090909091
21901,2021-08-19 03:30:00,2021-08-19 03:45:00,119.0,109.18500000000002,109.66227777777776,108.7909090909091
21902,2021-08-19 03:45:00,2021-08-19 04:00:00,112.0,116.1800793650794,116.71988888888889,117.5909090909091
21903,2021-08-19 04:00:00,2021-08-19 04:15:00,108.0,107.33933333333339,106.46566666666666,108.55909090909091
21904,2021-08-19 04:15:00,2021-08-19 04:30:00,108.0,108.55600000000001,108.79372222222221,106.96363636363637
21905,2021-08-19 04:30:00,2021-08-19 04:45:00,101.0,109.6066666666667,110.03111111111112,109.43636363636364
21906,2021-08-19 04:45:00,2021-08-19 05:00:00,98.0,103.77855555555557,103.83222222222223,100.1590909090909
21907,2021-08-19 05:00:00,2021-08-19 05:15:00,78.0,85.55161111111113,87.27255555555554,80.88636363636364
21908,2021-08-19 05:15:00,2021-08-19 05:30:00,70.0,73.53755555555556,74.28694444444444,74.19090909090909
21909,2021-08-19 05:30:00,2021-08-19 05:45:00,96.0,95.61713492063492,94.41861111111112,93.53636363636363
21910,2021-08-19 05:45:00,2021-08-19 06:00:00,106.0,106.94505555555557,106.93111111111112,104.50454545454545
21911,2021-08-19 06:00:00,2021-08-19 06:15:00,110.0,113.2596111111111,113.02999999999997,107.94545454545455
21912,2021-08-19 06:15:00,2021-08-19 06:30:00,119.0,108.38442063492064,108.58533333333331,109.10454545454546
21913,2021-08-19 06:30:00,2021-08-19 06:45:00,110.0,116.34116666666664,118.47288888888892,119.73636363636363
21914,2021-08-19 06:45:00,2021-08-19 07:00:00,97.0,106.94177777777772,106.21166666666663,107.37727272727273
21915,2021-08-19 07:00:00,2021-08-19 07:15:00,91.0,99.79242063492066,98.74322222222223,104.24090909090908
21916,2021-08-19 07:15:00,2021-08-19 07:30:00,116.0,87.05237301587304,89.06166666666671,98.35
21917,2021-08-19 07:30:00,2021-08-19 07:45:00,142.0,143.5327777777778,140.56811111111108,141.1
21918,2021-08-19 07:45:00,2021-08-19 08:00:00,143.0,145.53561111111105,144.74711111111108,144.03636363636363
21919,2021-08-19 08:00:00,2021-08-19 08:15:00,174.0,159.0763333333334,159.37488888888882,155.73181818181817
21920,2021-08-19 08:15:00,2021-08-19 08:30:00,185.0,176.68050793650798,171.18849999999998,177.3272727272727
21921,2021-08-19 08:30:00,2021-08-19 08:45:00,177.0,180.44311111111114,180.47022222222222,180.1818181818182
21922,2021-08-19 08:45:00,2021-08-19 09:00:00,159.0,174.7277777777777,173.39994444444437,177.58636363636364
21923,2021-08-19 09:00:00,2021-08-19 09:15:00,162.0,164.43611111111105,161.64199999999994,162.28181818181818
21924,2021-08-19 09:15:00,2021-08-19 09:30:00,173.0,163.43255555555558,164.68383333333335,163.03181818181818
21925,2021-08-19 09:30:00,2021-08-19 09:45:00,182.0,171.46928571428575,172.09188888888895,169.54090909090908
21926,2021-08-19 09:45:00,2021-08-19 10:00:00,179.0,176.7097222222223,177.28661111111114,177.1090909090909
21927,2021-08-19 10:00:00,2021-08-19 10:15:00,142.0,142.35129365079368,145.87783333333334,160.55
21928,2021-08-19 10:15:00,2021-08-19 10:30:00,166.0,171.88038888888892,172.95416666666668,170.01818181818183
21929,2021-08-19 10:30:00,2021-08-19 10:45:00,165.0,171.4595793650794,171.38466666666673,170.76818181818183
21930,2021-08-19 10:45:00,2021-08-19 11:00:00,177.0,168.82219841269844,168.43555555555557,167.3409090909091
21931,2021-08-19 11:00:00,2021-08-19 11:15:00,176.0,166.78022222222225,156.44033333333334,170.0772727272727
21932,2021-08-19 11:15:00,2021-08-19 11:30:00,188.0,170.20355555555545,170.03811111111114,171.09545454545454
21933,2021-08-19 11:30:00,2021-08-19 11:45:00,175.0,185.17305555555564,184.5758888888889,185.9227272727273
21934,2021-08-19 11:45:00,2021-08-19 12:00:00,168.0,172.40255555555558,171.0464444444444,174.3090909090909
21935,2021-08-19 12:00:00,2021-08-19 12:15:00,114.0,114.76977777777778,118.3088888888889,118.39545454545454
21936,2021-08-19 12:15:00,2021-08-19 12:30:00,96.0,95.04533333333339,96.54316666666665,101.00454545454545
21937,2021-08-19 12:30:00,2021-08-19 12:45:00,89.0,94.19030952380952,93.63816666666663,111.12272727272727
21938,2021-08-19 12:45:00,2021-08-19 13:00:00,120.0,122.23399999999994,122.13900000000001,122.83636363636364
21939,2021-08-19 13:00:00,2021-08-19 13:15:00,168.0,161.42444444444448,160.8534444444444,157.6818181818182
21940,2021-08-19 13:15:00,2021-08-19 13:30:00,168.0,179.61049999999994,180.06255555555558,176.00454545454545
21941,2021-08-19 13:30:00,2021-08-19 13:45:00,163.0,170.89666666666653,171.58072222222225,169.02727272727273
21942,2021-08-19 13:45:00,2021-08-19 14:00:00,172.0,162.12477777777764,162.05933333333323,161.83636363636364
21943,2021-08-19 14:00:00,2021-08-19 14:15:00,178.0,162.06400000000005,162.7666111111111,168.01363636363635
21944,2021-08-19 14:15:00,2021-08-19 14:30:00,167.0,171.20616666666666,171.4437777777778,170.98181818181817
21945,2021-08-19 14:30:00,2021-08-19 14:45:00,171.0,162.31177777777773,163.16405555555554,164.3318181818182
21946,2021-08-19 14:45:00,2021-08-19 15:00:00,184.0,170.43750000000006,169.36649999999995,172.91363636363636
21947,2021-08-19 15:00:00,2021-08-19 15:15:00,145.0,142.91077777777778,143.93477777777778,143.83636363636364
21948,2021-08-19 15:15:00,2021-08-19 15:30:00,179.0,171.34605555555558,170.5342777777778,170.05454545454546
21949,2021-08-19 15:30:00,2021-08-19 15:45:00,185.0,175.84583333333333,175.88011111111106,177.1590909090909
21950,2021-08-19 15:45:00,2021-08-19 16:00:00,172.0,175.57645238095236,177.39377777777773,173.8181818181818
21951,2021-08-19 16:00:00,2021-08-19 16:15:00,166.0,163.9288333333334,159.2395555555555,165.17727272727274
21952,2021-08-19 16:15:00,2021-08-19 16:30:00,171.0,163.89149999999998,165.2433888888889,164.37727272727273
21953,2021-08-19 16:30:00,2021-08-19 16:45:00,167.0,172.26,171.49411111111112,169.59545454545454
21954,2021-08-19 16:45:00,2021-08-19 17:00:00,159.0,167.98961111111112,167.75244444444445,164.26363636363635
21955,2021-08-19 17:00:00,2021-08-19 17:15:00,122.0,125.27575396825397,124.90483333333333,123.85
21956,2021-08-19 17:15:00,2021-08-19 17:30:00,101.0,110.81138888888889,114.27111111111114,111.67727272727272
21957,2021-08-19 17:30:00,2021-08-19 17:45:00,140.0,145.0473333333333,140.67349999999996,146.21818181818182
21958,2021-08-19 17:45:00,2021-08-19 18:00:00,155.0,159.40572222222224,158.6765,153.8909090909091
21959,2021-08-19 18:00:00,2021-08-19 18:15:00,161.0,157.13207142857135,156.80094444444444,156.6
21960,2021-08-19 18:15:00,2021-08-19 18:30:00,140.0,157.39611111111108,157.20583333333335,153.63636363636363
21961,2021-08-19 18:30:00,2021-08-19 18:45:00,153.0,144.75455555555558,145.0625555555556,143.3090909090909
21962,2021-08-19 18:45:00,2021-08-19 19:00:00,155.0,155.20150000000004,154.16988888888892,151.98181818181817
21963,2021-08-19 19:00:00,2021-08-19 19:15:00,153.0,151.0657222222223,149.59433333333342,153.1409090909091
21964,2021-08-19 19:15:00,2021-08-19 19:30:00,151.0,147.94588888888887,147.12177777777777,149.71363636363637
21965,2021-08-19 19:30:00,2021-08-19 19:45:00,149.0,151.403,150.33905555555552,149.46818181818182
21966,2021-08-19 19:45:00,2021-08-19 20:00:00,134.0,124.19428571428567,127.2616111111111,127.05
21967,2021-08-19 20:00:00,2021-08-19 20:15:00,121.0,123.25505555555559,122.83511111111113,124.5409090909091
21968,2021-08-19 20:15:00,2021-08-19 20:30:00,130.0,124.28733333333332,123.68838888888888,122.10454545454546
21969,2021-08-19 20:30:00,2021-08-19 20:45:00,134.0,125.38949999999994,125.2443888888889,127.23181818181818
21970,2021-08-19 20:45:00,2021-08-19 21:00:00,128.0,125.5601666666666,124.75583333333333,128.85
21971,2021-08-19 21:00:00,2021-08-19 21:15:00,121.0,123.01488888888886,122.67922222222218,123.42727272727272
21972,2021-08-19 21:15:00,2021-08-19 21:30:00,118.0,123.51382539682537,122.85488888888891,121.3
21973,2021-08-19 21:30:00,2021-08-19 21:45:00,123.0,122.20380158730161,121.38799999999996,117.85
21974,2021-08-19 21:45:00,2021-08-19 22:00:00,123.0,121.66138888888885,120.49988888888886,121.08636363636364
21975,2021-08-19 22:00:00,2021-08-19 22:15:00,105.0,107.61577777777778,110.8553888888889,109.44090909090909
21976,2021-08-19 22:15:00,2021-08-19 22:30:00,125.0,112.28572222222222,111.21061111111109,112.54545454545455
21977,2021-08-19 22:30:00,2021-08-19 22:45:00,119.0,121.52777777777776,123.32616666666668,122.36818181818182
21978,2021-08-19 22:45:00,2021-08-19 23:00:00,114.0,115.21074603174603,114.7055,118.46818181818182
21979,2021-08-19 23:00:00,2021-08-19 23:15:00,117.0,105.69827777777783,103.68844444444449,109.87272727272727
21980,2021-08-19 23:15:00,2021-08-19 23:30:00,110.0,114.27713492063488,114.62733333333333,112.75
21981,2021-08-19 23:30:00,2021-08-19 23:45:00,111.0,105.72211111111118,106.63077777777778,107.30454545454545
21982,2021-08-19 23:45:00,2021-08-20 00:00:00,101.0,87.79972222222221,92.87222222222228,85.24545454545455
21983,2021-08-20 00:00:00,2021-08-20 00:15:00,80.0,82.56027777777778,84.85644444444446,80.38181818181818
21984,2021-08-20 00:15:00,2021-08-20 00:30:00,74.0,75.48911111111113,77.63538888888888,73.63636363636364
21985,2021-08-20 00:30:00,2021-08-20 00:45:00,70.0,70.4987222222222,72.171,70.46363636363637
21986,2021-08-20 00:45:00,2021-08-20 01:00:00,68.0,68.9198888888889,68.37261111111111,69.25454545454545
21987,2021-08-20 01:00:00,2021-08-20 01:15:00,89.0,93.42944444444446,90.13349999999997,94.01818181818182
21988,2021-08-20 01:15:00,2021-08-20 01:30:00,105.0,102.6283888888889,101.5417777777778,102.5909090909091
21989,2021-08-20 01:30:00,2021-08-20 01:45:00,109.0,109.14045238095235,108.45683333333331,109.67272727272727
21990,2021-08-20 01:45:00,2021-08-20 02:00:00,100.0,114.15194444444435,113.54033333333335,113.0909090909091
21991,2021-08-20 02:00:00,2021-08-20 02:15:00,104.0,106.10500000000005,105.75672222222224,106.34545454545454
21992,2021-08-20 02:15:00,2021-08-20 02:30:00,110.0,106.69766666666672,106.06399999999992,106.4090909090909
21993,2021-08-20 02:30:00,2021-08-20 02:45:00,107.0,108.28411111111109,109.07216666666666,107.02727272727273
21994,2021-08-20 02:45:00,2021-08-20 03:00:00,107.0,103.03841269841269,102.7338888888889,107.43636363636364
21995,2021-08-20 03:00:00,2021-08-20 03:15:00,92.0,91.75027777777781,93.73433333333334,104.52727272727273
21996,2021-08-20 03:15:00,2021-08-20 03:30:00,107.0,106.39516666666671,103.01630555555556,106.46818181818182
21997,2021-08-20 03:30:00,2021-08-20 03:45:00,106.0,105.89591269841272,105.59172222222224,107.49090909090908
21998,2021-08-20 03:45:00,2021-08-20 04:00:00,104.0,104.63111111111114,104.30788888888891,106.50454545454545
21999,2021-08-20 04:00:00,2021-08-20 04:15:00,106.0,102.09016666666663,100.20338888888885,106.42272727272727
22000,2021-08-20 04:15:00,2021-08-20 04:30:00,101.0,105.09688095238097,104.84328787878788,104.52727272727273
22001,2021-08-20 04:30:00,2021-08-20 04:45:00,88.0,102.13805555555555,101.82683333333334,102.38636363636364
22002,2021-08-20 04:45:00,2021-08-20 05:00:00,101.0,89.7903968253968,91.73850000000002,98.25
22003,2021-08-20 05:00:00,2021-08-20 05:15:00,78.0,90.70883333333335,91.94655555555555,85.4090909090909
22004,2021-08-20 05:15:00,2021-08-20 05:30:00,70.0,71.08633333333333,71.22405555555555,71.84545454545454
22005,2021-08-20 05:30:00,2021-08-20 05:45:00,98.0,93.14016666666673,93.00999999999996,94.37272727272727
22006,2021-08-20 05:45:00,2021-08-20 06:00:00,104.0,109.00733333333334,108.44533333333332,109.5909090909091
22007,2021-08-20 06:00:00,2021-08-20 06:15:00,112.0,107.39399999999999,107.38622222222223,106.42727272727272
22008,2021-08-20 06:15:00,2021-08-20 06:30:00,115.0,108.04269841269846,108.16300000000001,110.75454545454545
22009,2021-08-20 06:30:00,2021-08-20 06:45:00,109.0,111.27172222222224,113.93155555555553,113.14545454545454
22010,2021-08-20 06:45:00,2021-08-20 07:00:00,106.0,105.93349999999995,106.7563333333333,104.61818181818182
22011,2021-08-20 07:00:00,2021-08-20 07:15:00,109.0,101.66044444444444,100.41683333333333,102.35909090909091
22012,2021-08-20 07:15:00,2021-08-20 07:30:00,121.0,118.32194444444445,118.95761111111116,117.78636363636363
22013,2021-08-20 07:30:00,2021-08-20 07:45:00,146.0,146.6634841269842,141.51866666666663,144.11363636363637
22014,2021-08-20 07:45:00,2021-08-20 08:00:00,132.0,145.33911111111104,147.08905555555552,148.55454545454546
22015,2021-08-20 08:00:00,2021-08-20 08:15:00,160.0,151.00811111111113,148.07961111111115,151.48636363636365
22016,2021-08-20 08:15:00,2021-08-20 08:30:00,179.0,174.4132539682539,173.40227777777773,174.1681818181818
22017,2021-08-20 08:30:00,2021-08-20 08:45:00,172.0,176.52122222222224,176.9802777777778,173.96363636363637
22018,2021-08-20 08:45:00,2021-08-20 09:00:00,172.0,173.0535634920635,173.10422222222223,170.87272727272727
22019,2021-08-20 09:00:00,2021-08-20 09:15:00,154.0,166.99916666666664,166.97755555555563,166.26363636363635
22020,2021-08-20 09:15:00,2021-08-20 09:30:00,161.0,164.73209523809527,163.94083333333342,165.56363636363636
22021,2021-08-20 09:30:00,2021-08-20 09:45:00,171.0,164.6411190476191,165.56188888888892,163.4409090909091
22022,2021-08-20 09:45:00,2021-08-20 10:00:00,175.0,169.68026190476186,169.93238888888888,169.71818181818182
22023,2021-08-20 10:00:00,2021-08-20 10:15:00,142.0,131.1411825396825,130.6221666666666,149.05454545454546
22024,2021-08-20 10:15:00,2021-08-20 10:30:00,157.0,168.66520634920641,167.48405555555559,165.37727272727273
22025,2021-08-20 10:30:00,2021-08-20 10:45:00,162.0,166.08394444444448,165.58588888888892,165.10454545454544
22026,2021-08-20 10:45:00,2021-08-20 11:00:00,168.0,165.0568290598291,164.7890555555556,165.9227272727273
22027,2021-08-20 11:00:00,2021-08-20 11:15:00,183.0,155.97502380952378,162.73900000000006,167.54545454545453
22028,2021-08-20 11:15:00,2021-08-20 11:30:00,193.0,175.43799999999987,176.79127777777774,179.25
22029,2021-08-20 11:30:00,2021-08-20 11:45:00,189.0,186.38188888888888,186.07522222222224,189.48181818181817
22030,2021-08-20 11:45:00,2021-08-20 12:00:00,183.0,181.7860555555556,182.25366666666673,183.12727272727273
22031,2021-08-20 12:00:00,2021-08-20 12:15:00,118.0,129.43849999999995,139.7992777777776,130.57272727272726
22032,2021-08-20 12:15:00,2021-08-20 12:30:00,96.0,96.99416666666667,100.04949999999997,95.23636363636363
22033,2021-08-20 12:30:00,2021-08-20 12:45:00,95.0,94.18597619047613,94.72488888888881,94.45454545454545
22034,2021-08-20 12:45:00,2021-08-20 13:00:00,134.0,126.98322222222225,126.22111111111111,121.5
22035,2021-08-20 13:00:00,2021-08-20 13:15:00,175.0,178.21628571428582,178.7616666666668,173.0909090909091
22036,2021-08-20 13:15:00,2021-08-20 13:30:00,180.0,185.50410317460316,184.6649444444445,176.89545454545456
22037,2021-08-20 13:30:00,2021-08-20 13:45:00,177.0,178.57972222222222,177.8836666666667,176.7
22038,2021-08-20 13:45:00,2021-08-20 14:00:00,177.0,172.61349206349192,172.40683333333334,171.45454545454547
22039,2021-08-20 14:00:00,2021-08-20 14:15:00,177.0,172.15772222222222,171.41038888888895,173.28636363636363
22040,2021-08-20 14:15:00,2021-08-20 14:30:00,160.0,173.4010555555556,172.14394444444446,174.63181818181818
22041,2021-08-20 14:30:00,2021-08-20 14:45:00,184.0,163.66332905982907,163.35427777777772,162.61363636363637
22042,2021-08-20 14:45:00,2021-08-20 15:00:00,177.0,181.22322222222226,180.06433333333337,177.61818181818182
22043,2021-08-20 15:00:00,2021-08-20 15:15:00,124.0,141.60261111111117,143.23194444444437,144.13636363636363
22044,2021-08-20 15:15:00,2021-08-20 15:30:00,176.0,151.97742857142862,147.40522222222225,167.63636363636363
22045,2021-08-20 15:30:00,2021-08-20 15:45:00,169.0,176.78111111111113,176.18227777777773,176.6409090909091
22046,2021-08-20 15:45:00,2021-08-20 16:00:00,167.0,168.0743888888889,168.4068333333334,168.4318181818182
22047,2021-08-20 16:00:00,2021-08-20 16:15:00,176.0,162.49650000000003,162.1315,160.6090909090909
22048,2021-08-20 16:15:00,2021-08-20 16:30:00,177.0,170.60699999999997,170.64072222222214,169.05
22049,2021-08-20 16:30:00,2021-08-20 16:45:00,168.0,167.48661111111116,168.7698888888889,168.4181818181818
22050,2021-08-20 16:45:00,2021-08-20 17:00:00,161.0,166.38883333333334,167.41799999999995,166.7
22051,2021-08-20 17:00:00,2021-08-20 17:15:00,105.0,126.99405555555556,126.67777777777773,127.15
22052,2021-08-20 17:15:00,2021-08-20 17:30:00,107.0,93.14188888888884,93.13161111111107,101.37272727272727
22053,2021-08-20 17:30:00,2021-08-20 17:45:00,160.0,144.1836111111111,140.90149999999994,145.71818181818182
22054,2021-08-20 17:45:00,2021-08-20 18:00:00,164.0,164.48205555555552,165.07566666666676,164.53181818181818
22055,2021-08-20 18:00:00,2021-08-20 18:15:00,148.0,157.99505555555555,157.4243888888889,154.35
22056,2021-08-20 18:15:00,2021-08-20 18:30:00,156.0,147.61455555555554,148.71955555555556,147.85
22057,2021-08-20 18:30:00,2021-08-20 18:45:00,158.0,156.23994444444443,155.8826666666667,155.81363636363636
22058,2021-08-20 18:45:00,2021-08-20 19:00:00,157.0,156.35216666666656,155.62955555555553,156.31363636363636
22059,2021-08-20 19:00:00,2021-08-20 19:15:00,146.0,149.08622222222223,148.723,152.85
22060,2021-08-20 19:15:00,2021-08-20 19:30:00,116.0,147.73661111111107,147.63583333333335,146.70909090909092
22061,2021-08-20 19:30:00,2021-08-20 19:45:00,134.0,113.63411111111115,109.43266666666668,120.41363636363636
22062,2021-08-20 19:45:00,2021-08-20 20:00:00,105.0,124.06722222222224,127.87022222222222,125.67272727272727
22063,2021-08-20 20:00:00,2021-08-20 20:15:00,99.0,102.5982222222222,103.56249999999997,101.6
22064,2021-08-20 20:15:00,2021-08-20 20:30:00,115.0,109.58183333333339,111.30177777777783,106.66818181818182
22065,2021-08-20 20:30:00,2021-08-20 20:45:00,125.0,114.31072222222222,116.3915,113.92727272727272
22066,2021-08-20 20:45:00,2021-08-20 21:00:00,117.0,126.96288888888887,126.91333333333336,127.87727272727273
22067,2021-08-20 21:00:00,2021-08-20 21:15:00,120.0,115.2595555555555,113.64288888888885,119.48181818181818
22068,2021-08-20 21:15:00,2021-08-20 21:30:00,121.0,119.66072222222222,119.18505555555559,118.89090909090909
22069,2021-08-20 21:30:00,2021-08-20 21:45:00,117.0,118.75838888888887,119.05761111111111,119.13636363636364
22070,2021-08-20 21:45:00,2021-08-20 22:00:00,115.0,111.58599999999998,112.36455555555557,112.10454545454546
22071,2021-08-20 22:00:00,2021-08-20 22:15:00,91.0,100.10322222222224,102.99661111111114,101.86363636363636
22072,2021-08-20 22:15:00,2021-08-20 22:30:00,107.0,110.40527777777778,108.65438888888886,111.3409090909091
22073,2021-08-20 22:30:00,2021-08-20 22:45:00,112.0,109.24777777777776,108.80916666666664,107.93636363636364
22074,2021-08-20 22:45:00,2021-08-20 23:00:00,113.0,111.2996666666667,109.95061111111114,109.4
22075,2021-08-20 23:00:00,2021-08-20 23:15:00,102.0,107.30316666666663,105.99083333333333,109.67727272727272
22076,2021-08-20 23:15:00,2021-08-20 23:30:00,106.0,107.79822222222221,108.79200000000002,106.96363636363637
22077,2021-08-20 23:30:00,2021-08-20 23:45:00,101.0,104.57994444444445,104.2553888888889,104.11818181818182
22078,2021-08-20 23:45:00,2021-08-21 00:00:00,84.0,78.49529365079363,81.72205555555556,86.38636363636364
22079,2021-08-21 00:00:00,2021-08-21 00:15:00,64.0,65.31888888888889,67.03166666666665,68.35454545454546
22080,2021-08-21 00:15:00,2021-08-21 00:30:00,62.0,61.949166666666706,62.11466666666665,62.70909090909091
22081,2021-08-21 00:30:00,2021-08-21 00:45:00,63.0,61.32688888888891,61.53466666666667,60.97727272727273
22082,2021-08-21 00:45:00,2021-08-21 01:00:00,63.0,61.69027777777779,61.858388888888875,63.372727272727275
22083,2021-08-21 01:00:00,2021-08-21 01:15:00,92.0,94.07155555555549,94.03766666666671,93.00454545454545
22084,2021-08-21 01:15:00,2021-08-21 01:30:00,97.0,100.78738888888897,100.54383333333338,101.00454545454545
22085,2021-08-21 01:30:00,2021-08-21 01:45:00,91.0,105.11199999999997,105.32216666666667,106.38181818181818
22086,2021-08-21 01:45:00,2021-08-21 02:00:00,99.0,95.22022222222226,95.14977777777777,100.3409090909091
22087,2021-08-21 02:00:00,2021-08-21 02:15:00,99.0,99.68905555555556,100.72866666666664,102.68636363636364
22088,2021-08-21 02:15:00,2021-08-21 02:30:00,103.0,99.37760317460312,100.72444444444446,102.70454545454545
22089,2021-08-21 02:30:00,2021-08-21 02:45:00,106.0,99.78110317460319,100.77649999999996,101.20454545454545
22090,2021-08-21 02:45:00,2021-08-21 03:00:00,109.0,102.91149999999998,103.26094444444443,104.01363636363637
22091,2021-08-21 03:00:00,2021-08-21 03:15:00,86.0,93.30896825396823,93.50894444444447,94.13636363636364
22092,2021-08-21 03:15:00,2021-08-21 03:30:00,92.0,102.40116666666671,98.94555555555557,96.38636363636364
22093,2021-08-21 03:30:00,2021-08-21 03:45:00,94.0,98.89811111111112,97.08772222222221,97.52727272727273
22094,2021-08-21 03:45:00,2021-08-21 04:00:00,102.0,100.27801851851858,97.73416666666664,100.76363636363637
22095,2021-08-21 04:00:00,2021-08-21 04:15:00,105.0,97.39316666666664,100.74083333333333,102.50454545454545
22096,2021-08-21 04:15:00,2021-08-21 04:30:00,101.0,102.7959365079366,102.62722222222223,101.66363636363636
22097,2021-08-21 04:30:00,2021-08-21 04:45:00,107.0,100.68282539682541,99.92983333333332,100.68181818181819
22098,2021-08-21 04:45:00,2021-08-21 05:00:00,104.0,103.46571428571426,104.12939898989902,102.54545454545455
22099,2021-08-21 05:00:00,2021-08-21 05:15:00,90.0,85.25422222222225,86.38327777777779,83.90454545454546
22100,2021-08-21 05:15:00,2021-08-21 05:30:00,81.0,83.64451587301586,84.86494444444448,81.58181818181818
22101,2021-08-21 05:30:00,2021-08-21 05:45:00,97.0,88.28188095238094,84.37427777777773,92.87727272727273
22102,2021-08-21 05:45:00,2021-08-21 06:00:00,110.0,99.98869312169315,99.62333333333332,100.36363636363636
22103,2021-08-21 06:00:00,2021-08-21 06:15:00,100.0,107.48807142857136,107.01461111111112,104.69090909090909
22104,2021-08-21 06:15:00,2021-08-21 06:30:00,103.0,99.68946825396822,99.74772222222224,98.85909090909091
22105,2021-08-21 06:30:00,2021-08-21 06:45:00,100.0,102.60694444444442,102.6082222222222,101.51818181818182
22106,2021-08-21 06:45:00,2021-08-21 07:00:00,91.0,97.18983333333334,97.89311111111112,95.62272727272727
22107,2021-08-21 07:00:00,2021-08-21 07:15:00,94.0,86.86569841269842,87.39138888888891,87.45454545454545
22108,2021-08-21 07:15:00,2021-08-21 07:30:00,88.0,92.78072222222224,91.33144444444444,89.18636363636364
22109,2021-08-21 07:30:00,2021-08-21 07:45:00,59.0,70.24349206349211,73.98627777777777,68.4
22110,2021-08-21 07:45:00,2021-08-21 08:00:00,33.0,35.048388888888894,35.36688888888889,33.43636363636364
22111,2021-08-21 08:00:00,2021-08-21 08:15:00,26.0,23.516611111111107,23.805444444444447,24.336363636363636
22112,2021-08-21 08:15:00,2021-08-21 08:30:00,21.0,24.35238888888889,24.406333333333336,25.368181818181817
22113,2021-08-21 08:30:00,2021-08-21 08:45:00,21.0,21.524444444444452,21.441222222222223,21.413636363636364
22114,2021-08-21 08:45:00,2021-08-21 09:00:00,23.0,21.85116666666668,21.271611111111113,21.44090909090909
22115,2021-08-21 09:00:00,2021-08-21 09:15:00,21.0,25.35073809523809,25.83633333333333,23.895454545454545
22116,2021-08-21 09:15:00,2021-08-21 09:30:00,20.0,21.887222222222217,22.14161111111111,21.45
22117,2021-08-21 09:30:00,2021-08-21 09:45:00,21.0,20.336333333333336,20.162666666666674,20.327272727272728
22118,2021-08-21 09:45:00,2021-08-21 10:00:00,21.0,21.390277777777776,21.286500000000004,21.1
22119,2021-08-21 10:00:00,2021-08-21 10:15:00,21.0,20.951833333333333,20.925944444444443,21.28181818181818
22120,2021-08-21 10:15:00,2021-08-21 10:30:00,21.0,21.218833333333336,21.44888888888889,22.1
22121,2021-08-21 10:30:00,2021-08-21 10:45:00,22.0,21.996055555555554,22.258833333333335,21.35
22122,2021-08-21 10:45:00,2021-08-21 11:00:00,21.0,24.476055555555565,24.80216666666667,24.51818181818182
22123,2021-08-21 11:00:00,2021-08-21 11:15:00,21.0,21.568055555555564,21.59188888888889,21.48181818181818
22124,2021-08-21 11:15:00,2021-08-21 11:30:00,24.0,22.116222222222213,22.856944444444444,22.022727272727273
22125,2021-08-21 11:30:00,2021-08-21 11:45:00,26.0,25.748111111111115,25.539166666666663,25.73181818181818
22126,2021-08-21 11:45:00,2021-08-21 12:00:00,22.0,25.257777777777775,24.650833333333335,24.259090909090908
22127,2021-08-21 12:00:00,2021-08-21 12:15:00,22.0,22.56599206349206,22.347277777777776,22.054545454545455
22128,2021-08-21 12:15:00,2021-08-21 12:30:00,22.0,22.139846153846154,22.205388888888884,22.236363636363638
22129,2021-08-21 12:30:00,2021-08-21 12:45:00,22.0,22.18916666666668,22.33833333333332,22.313636363636363
22130,2021-08-21 12:45:00,2021-08-21 13:00:00,22.0,22.253067076292883,22.28196341463415,22.454545454545453
22131,2021-08-21 13:00:00,2021-08-21 13:15:00,21.0,22.71088888888889,22.409444444444446,22.677272727272726
22132,2021-08-21 13:15:00,2021-08-21 13:30:00,21.0,21.355722222222223,21.35088888888889,21.55909090909091
22133,2021-08-21 13:30:00,2021-08-21 13:45:00,21.0,21.386944444444453,21.444166666666682,21.62727272727273
22134,2021-08-21 13:45:00,2021-08-21 14:00:00,21.0,21.288611111111123,21.366388888888892,21.381818181818183
22135,2021-08-21 14:00:00,2021-08-21 14:15:00,21.0,21.592,21.420999999999996,21.04090909090909
22136,2021-08-21 14:15:00,2021-08-21 14:30:00,22.0,21.647611111111118,21.775555555555556,21.29090909090909
22137,2021-08-21 14:30:00,2021-08-21 14:45:00,22.0,24.06322222222223,23.76666666666667,24.677272727272726
22138,2021-08-21 14:45:00,2021-08-21 15:00:00,26.0,23.081061660561648,23.154666666666664,23.009090909090908
22139,2021-08-21 15:00:00,2021-08-21 15:15:00,23.0,25.948444444444444,26.097722222222217,25.240909090909092
22140,2021-08-21 15:15:00,2021-08-21 15:30:00,21.0,21.388777777777776,21.326222222222224,22.104545454545455
22141,2021-08-21 15:30:00,2021-08-21 15:45:00,21.0,21.223166666666664,21.167444444444445,21.46818181818182
22142,2021-08-21 15:45:00,2021-08-21 16:00:00,22.0,21.111166666666662,21.082611111111117,21.345454545454544
22143,2021-08-21 16:00:00,2021-08-21 16:15:00,22.0,22.514555555555557,22.426333333333332,23.595454545454544
22144,2021-08-21 16:15:00,2021-08-21 16:30:00,21.0,22.448980805446897,22.18216666666666,23.477272727272727
22145,2021-08-21 16:30:00,2021-08-21 16:45:00,21.0,21.259222222222228,21.254444444444456,21.631818181818183
22146,2021-08-21 16:45:00,2021-08-21 17:00:00,22.0,21.250833333333336,21.249611111111122,21.454545454545453
22147,2021-08-21 17:00:00,2021-08-21 17:15:00,22.0,22.562746031746045,22.636722222222218,23.513636363636362
22148,2021-08-21 17:15:00,2021-08-21 17:30:00,22.0,23.013740740740737,22.977833333333333,23.30909090909091
22149,2021-08-21 17:30:00,2021-08-21 17:45:00,22.0,23.236865079365078,23.18627777777778,23.086363636363636
22150,2021-08-21 17:45:00,2021-08-21 18:00:00,22.0,23.424768009768016,23.476555555555557,22.795454545454547
22151,2021-08-21 18:00:00,2021-08-21 18:15:00,26.0,23.198103988603997,23.388063492063498,23.195454545454545
22152,2021-08-21 18:15:00,2021-08-21 18:30:00,27.0,26.811444444444454,26.853944444444455,26.631818181818183
22153,2021-08-21 18:30:00,2021-08-21 18:45:00,24.0,23.369698412698416,23.828777777777773,23.777272727272727
22154,2021-08-21 18:45:00,2021-08-21 19:00:00,23.0,22.975214285714284,23.227499999999985,23.87727272727273
22155,2021-08-21 19:00:00,2021-08-21 19:15:00,21.0,23.074777777777783,23.24099999999999,23.086363636363636
22156,2021-08-21 19:15:00,2021-08-21 19:30:00,20.0,21.259388888888882,21.417055555555553,21.40909090909091
22157,2021-08-21 19:30:00,2021-08-21 19:45:00,21.0,20.230944444444457,20.22522222222223,20.422727272727272
22158,2021-08-21 19:45:00,2021-08-21 20:00:00,21.0,21.2675,21.337111111111106,20.995454545454546
22159,2021-08-21 20:00:00,2021-08-21 20:15:00,21.0,21.028944444444438,21.081944444444442,22.163636363636364
22160,2021-08-21 20:15:00,2021-08-21 20:30:00,22.0,21.13072222222223,21.144611111111114,22.504545454545454
22161,2021-08-21 20:30:00,2021-08-21 20:45:00,21.0,22.674007936507937,22.568055555555556,24.490909090909092
22162,2021-08-21 20:45:00,2021-08-21 21:00:00,22.0,21.317166666666665,21.26033333333334,21.486363636363638
22163,2021-08-21 21:00:00,2021-08-21 21:15:00,23.0,23.70820634920635,23.535111111111092,23.654545454545456
22164,2021-08-21 21:15:00,2021-08-21 21:30:00,23.0,24.22138888888889,24.119777777777763,23.96818181818182
22165,2021-08-21 21:30:00,2021-08-21 21:45:00,23.0,24.394678571428575,24.24477777777777,24.20909090909091
22166,2021-08-21 21:45:00,2021-08-21 22:00:00,23.0,24.55266666666666,24.579166666666655,24.277272727272727
22167,2021-08-21 22:00:00,2021-08-21 22:15:00,24.0,23.913722222222223,24.04116666666666,23.577272727272728
22168,2021-08-21 22:15:00,2021-08-21 22:30:00,27.0,24.473055555555554,24.94011111111111,24.931818181818183
22169,2021-08-21 22:30:00,2021-08-21 22:45:00,24.0,24.407111111111103,24.236666666666668,23.881818181818183
22170,2021-08-21 22:45:00,2021-08-21 23:00:00,23.0,23.21783333333333,23.26683333333333,23.286363636363635
22171,2021-08-21 23:00:00,2021-08-21 23:15:00,22.0,23.382888888888893,24.368444444444442,23.431818181818183
22172,2021-08-21 23:15:00,2021-08-21 23:30:00,22.0,22.241,22.18161111111111,22.545454545454547
22173,2021-08-21 23:30:00,2021-08-21 23:45:00,22.0,22.318888888888896,22.415808080808084,23.145454545454545
22174,2021-08-21 23:45:00,2021-08-22 00:00:00,23.0,22.724222222222224,22.689196969696976,23.48181818181818
22175,2021-08-22 00:00:00,2021-08-22 00:15:00,22.0,22.914277777777784,23.277722222222224,22.95
22176,2021-08-22 00:15:00,2021-08-22 00:30:00,22.0,22.387825396825402,22.407315963871522,23.395454545454545
22177,2021-08-22 00:30:00,2021-08-22 00:45:00,22.0,22.197222222222216,22.094174603174608,23.345454545454544
22178,2021-08-22 00:45:00,2021-08-22 01:00:00,23.0,22.491666666666664,22.35629366466867,23.486363636363638
22179,2021-08-22 01:00:00,2021-08-22 01:15:00,23.0,22.809420634920627,23.572277777777778,22.95909090909091
22180,2021-08-22 01:15:00,2021-08-22 01:30:00,22.0,23.496000000000013,23.63505555555556,23.081818181818182
22181,2021-08-22 01:30:00,2021-08-22 01:45:00,22.0,23.215571428571433,23.16469385342789,22.89090909090909
22182,2021-08-22 01:45:00,2021-08-22 02:00:00,26.0,22.969809523809523,22.57608274231678,22.21818181818182
22183,2021-08-22 02:00:00,2021-08-22 02:15:00,27.0,27.14566666666667,27.93988888888889,26.222727272727273
22184,2021-08-22 02:15:00,2021-08-22 02:30:00,23.0,22.963722222222227,23.043833333333332,23.863636363636363
22185,2021-08-22 02:30:00,2021-08-22 02:45:00,22.0,22.409166666666653,22.205999999999996,22.345454545454544
22186,2021-08-22 02:45:00,2021-08-22 03:00:00,23.0,22.209333333333326,22.179222222222226,22.436363636363637
22187,2021-08-22 03:00:00,2021-08-22 03:15:00,23.0,23.723111111111116,25.63866666666666,22.595454545454544
22188,2021-08-22 03:15:00,2021-08-22 03:30:00,24.0,22.701222222222224,22.449999999999996,22.881818181818183
22189,2021-08-22 03:30:00,2021-08-22 03:45:00,22.0,24.109952380952386,23.66655555555556,25.595454545454544
22190,2021-08-22 03:45:00,2021-08-22 04:00:00,21.0,22.1755,22.280478260869565,22.15909090909091
22191,2021-08-22 04:00:00,2021-08-22 04:15:00,22.0,21.484380952380967,21.41255555555556,21.545454545454547
22192,2021-08-22 04:15:00,2021-08-22 04:30:00,21.0,23.34701587301588,23.39683333333334,23.55
22193,2021-08-22 04:30:00,2021-08-22 04:45:00,22.0,21.489111111111114,21.42455555555556,21.504545454545454
22194,2021-08-22 04:45:00,2021-08-22 05:00:00,22.0,22.748325396825397,22.738888888888887,22.477272727272727
22195,2021-08-22 05:00:00,2021-08-22 05:15:00,22.0,22.334714285714302,22.32450925925927,22.55
22196,2021-08-22 05:15:00,2021-08-22 05:30:00,21.0,22.67505291005291,22.78328577441078,22.354545454545455
22197,2021-08-22 05:30:00,2021-08-22 05:45:00,25.0,21.463055555555567,21.438611111111115,21.35909090909091
22198,2021-08-22 05:45:00,2021-08-22 06:00:00,26.0,26.274880952380958,26.189944444444443,25.831818181818182
22199,2021-08-22 06:00:00,2021-08-22 06:15:00,22.0,23.20805555555556,23.59016666666666,22.677272727272726
22200,2021-08-22 06:15:00,2021-08-22 06:30:00,22.0,21.82333333333333,21.904611111111112,21.527272727272727
22201,2021-08-22 06:30:00,2021-08-22 06:45:00,22.0,21.954968253968254,22.14395238095238,22.113636363636363
22202,2021-08-22 06:45:00,2021-08-22 07:00:00,22.0,22.02841180563761,22.060288554406664,22.068181818181817
22203,2021-08-22 07:00:00,2021-08-22 07:15:00,21.0,22.60700793650794,22.73204736199474,21.963636363636365
22204,2021-08-22 07:15:00,2021-08-22 07:30:00,22.0,22.57911904761906,22.054444444444446,22.477272727272727
22205,2021-08-22 07:30:00,2021-08-22 07:45:00,22.0,22.41977777777778,22.543555555555557,22.62727272727273
22206,2021-08-22 07:45:00,2021-08-22 08:00:00,22.0,21.88909744268078,21.933388888888896,22.586363636363636
22207,2021-08-22 08:00:00,2021-08-22 08:15:00,22.0,22.305222222222234,22.249777777777773,23.045454545454547
22208,2021-08-22 08:15:00,2021-08-22 08:30:00,21.0,23.013641916054983,23.142250120250115,22.62272727272727
22209,2021-08-22 08:30:00,2021-08-22 08:45:00,21.0,21.86949999999999,21.86483333333334,21.668181818181818
22210,2021-08-22 08:45:00,2021-08-22 09:00:00,22.0,21.674333333333326,21.737277777777773,21.713636363636365
22211,2021-08-22 09:00:00,2021-08-22 09:15:00,25.0,22.31427777777777,22.20819841269841,22.26818181818182
22212,2021-08-22 09:15:00,2021-08-22 09:30:00,27.0,25.066166666666664,25.367499999999996,25.145454545454545
22213,2021-08-22 09:30:00,2021-08-22 09:45:00,22.0,24.155579365079365,23.713277777777773,23.536363636363635
22214,2021-08-22 09:45:00,2021-08-22 10:00:00,22.0,21.933261904761906,21.80964492753623,22.21818181818182
22215,2021-08-22 10:00:00,2021-08-22 10:15:00,22.0,22.177055555555555,22.26766666666666,22.10909090909091
22216,2021-08-22 10:15:00,2021-08-22 10:30:00,22.0,22.10077953050533,22.148500622524054,22.154545454545456
22217,2021-08-22 10:30:00,2021-08-22 10:45:00,22.0,22.23342752967152,22.260277777777777,22.45909090909091
22218,2021-08-22 10:45:00,2021-08-22 11:00:00,22.0,22.40480818496395,22.288895467277822,22.436363636363637
22219,2021-08-22 11:00:00,2021-08-22 11:15:00,23.0,22.31488971454548,22.32538363293957,22.613636363636363
22220,2021-08-22 11:15:00,2021-08-22 11:30:00,22.0,22.91341269841269,22.47672222222222,23.381818181818183
22221,2021-08-22 11:30:00,2021-08-22 11:45:00,22.0,22.310833333333328,22.31533333333333,22.536363636363635
22222,2021-08-22 11:45:00,2021-08-22 12:00:00,21.0,23.436320105820116,23.710980856956652,22.263636363636362
22223,2021-08-22 12:00:00,2021-08-22 12:15:00,22.0,21.687230158730145,21.681944444444447,21.322727272727274
22224,2021-08-22 12:15:00,2021-08-22 12:30:00,22.0,23.258115942028994,23.281055555555554,22.95909090909091
22225,2021-08-22 12:30:00,2021-08-22 12:45:00,23.0,22.930488582567534,22.97317972240178,22.96818181818182
22226,2021-08-22 12:45:00,2021-08-22 13:00:00,24.0,25.405158730158725,25.838611111111103,24.013636363636362
22227,2021-08-22 13:00:00,2021-08-22 13:15:00,26.0,25.740119047619032,26.72888888888889,26.963636363636365
22228,2021-08-22 13:15:00,2021-08-22 13:30:00,24.0,23.7477777777778,24.25344444444444,23.76818181818182
22229,2021-08-22 13:30:00,2021-08-22 13:45:00,22.0,22.71738888888888,22.278555555555545,23.03181818181818
22230,2021-08-22 13:45:00,2021-08-22 14:00:00,22.0,22.036833333333327,22.082777777777775,21.90909090909091
22231,2021-08-22 14:00:00,2021-08-22 14:15:00,23.0,22.477410714285707,22.66357407407408,22.15909090909091
22232,2021-08-22 14:15:00,2021-08-22 14:30:00,22.0,22.77630952380953,22.62311111111111,23.113636363636363
22233,2021-08-22 14:30:00,2021-08-22 14:45:00,23.0,22.398589174367057,22.372159394068397,22.818181818181817
22234,2021-08-22 14:45:00,2021-08-22 15:00:00,23.0,22.599904761904764,22.48827777777778,24.077272727272728
22235,2021-08-22 15:00:00,2021-08-22 15:15:00,23.0,23.14012698412698,22.88844444444444,23.85
22236,2021-08-22 15:15:00,2021-08-22 15:30:00,23.0,22.973293650793646,23.047722222222227,23.35
22237,2021-08-22 15:30:00,2021-08-22 15:45:00,22.0,23.628023809523796,23.579111111111107,22.94090909090909
22238,2021-08-22 15:45:00,2021-08-22 16:00:00,23.0,23.21211111111111,23.454722222222212,23.23181818181818
22239,2021-08-22 16:00:00,2021-08-22 16:15:00,23.0,24.19864285714285,24.404333333333323,22.595454545454544
22240,2021-08-22 16:15:00,2021-08-22 16:30:00,24.0,23.09557142857142,23.250777777777778,22.463636363636365
22241,2021-08-22 16:30:00,2021-08-22 16:45:00,27.0,25.077063492063488,24.858555555555558,25.045454545454547
22242,2021-08-22 16:45:00,2021-08-22 17:00:00,24.0,24.43759523809524,24.56133333333334,24.78181818181818
22243,2021-08-22 17:00:00,2021-08-22 17:15:00,22.0,22.967000000000002,23.781944444444438,22.736363636363638
22244,2021-08-22 17:15:00,2021-08-22 17:30:00,22.0,22.222444444444445,22.275333333333336,22.35
22245,2021-08-22 17:30:00,2021-08-22 17:45:00,22.0,22.21188401559454,22.226337719298247,22.259090909090908
22246,2021-08-22 17:45:00,2021-08-22 18:00:00,22.0,22.106763621577663,22.11666852934806,22.713636363636365
22247,2021-08-22 18:00:00,2021-08-22 18:15:00,22.0,22.429630474491308,22.579859869905764,23.868181818181817
22248,2021-08-22 18:15:00,2021-08-22 18:30:00,22.0,22.160421888053474,22.158341393607472,23.618181818181817
22249,2021-08-22 18:30:00,2021-08-22 18:45:00,22.0,22.243758130461078,22.193090165165167,23.277272727272727
22250,2021-08-22 18:45:00,2021-08-22 19:00:00,22.0,22.19327777777778,22.18238888888889,23.504545454545454
22251,2021-08-22 19:00:00,2021-08-22 19:15:00,22.0,22.40865789473683,22.615749999999995,23.136363636363637
22252,2021-08-22 19:15:00,2021-08-22 19:30:00,21.0,22.888071763984815,22.933748010121924,23.12727272727273
22253,2021-08-22 19:30:00,2021-08-22 19:45:00,22.0,21.85550793650793,21.997055555555566,21.48181818181818
22254,2021-08-22 19:45:00,2021-08-22 20:00:00,22.0,22.63659555159555,22.59633333333333,23.236363636363638
22255,2021-08-22 20:00:00,2021-08-22 20:15:00,25.0,23.47512431720325,23.554573295985055,22.986363636363638
22256,2021-08-22 20:15:00,2021-08-22 20:30:00,26.0,26.94750000000002,27.59750000000001,25.20909090909091
22257,2021-08-22 20:30:00,2021-08-22 20:45:00,23.0,22.59034126984127,22.707277777777783,22.85
22258,2021-08-22 20:45:00,2021-08-22 21:00:00,23.0,22.22361111111111,22.122388888888885,22.672727272727272
22259,2021-08-22 21:00:00,2021-08-22 21:15:00,22.0,22.714333333333336,23.986944444444443,22.754545454545454
22260,2021-08-22 21:15:00,2021-08-22 21:30:00,22.0,22.38896825396825,22.47033333333333,22.44090909090909
22261,2021-08-22 21:30:00,2021-08-22 21:45:00,22.0,22.475778872468524,22.533194444444437,23.15
22262,2021-08-22 21:45:00,2021-08-22 22:00:00,23.0,22.682413793103446,22.43157555455184,23.931818181818183
22263,2021-08-22 22:00:00,2021-08-22 22:15:00,23.0,22.440246031746025,22.91872222222222,23.104545454545455
22264,2021-08-22 22:15:00,2021-08-22 22:30:00,22.0,22.688857142857145,22.955555555555556,23.54090909090909
22265,2021-08-22 22:30:00,2021-08-22 22:45:00,24.0,22.455722222222217,22.315666666666665,22.668181818181818
22266,2021-08-22 22:45:00,2021-08-22 23:00:00,22.0,25.32727777777778,25.643555555555555,23.386363636363637
22267,2021-08-22 23:00:00,2021-08-22 23:15:00,22.0,23.035595238095233,23.726666666666656,22.504545454545454
22268,2021-08-22 23:15:00,2021-08-22 23:30:00,21.0,22.519338217338216,22.849111111111107,22.422727272727272
22269,2021-08-22 23:30:00,2021-08-22 23:45:00,21.0,21.558769841269836,21.528111111111112,21.259090909090908
22270,2021-08-22 23:45:00,2021-08-23 00:00:00,26.0,22.567277777777768,21.77466666666667,22.6
22271,2021-08-23 00:00:00,2021-08-23 00:15:00,25.0,26.345388888888888,28.157166666666672,26.23181818181818
22272,2021-08-23 00:15:00,2021-08-23 00:30:00,22.0,22.11812698412699,23.316000000000006,22.20909090909091
22273,2021-08-23 00:30:00,2021-08-23 00:45:00,23.0,21.842037037037038,21.81883333333333,22.322727272727274
22274,2021-08-23 00:45:00,2021-08-23 01:00:00,22.0,23.15144444444444,23.13344444444444,23.740909090909092
22275,2021-08-23 01:00:00,2021-08-23 01:15:00,22.0,22.91316666666666,22.735333333333333,22.922727272727272
22276,2021-08-23 01:15:00,2021-08-23 01:30:00,23.0,22.234611111111118,22.225638888888888,22.740909090909092
22277,2021-08-23 01:30:00,2021-08-23 01:45:00,23.0,22.7735,22.8005,23.072727272727274
22278,2021-08-23 01:45:00,2021-08-23 02:00:00,23.0,23.104420634920633,23.410000000000004,23.686363636363637
22279,2021-08-23 02:00:00,2021-08-23 02:15:00,23.0,23.00061111111111,23.169333333333334,23.681818181818183
22280,2021-08-23 02:15:00,2021-08-23 02:30:00,22.0,22.60388888888889,22.659611111111108,23.222727272727273
22281,2021-08-23 02:30:00,2021-08-23 02:45:00,23.0,23.562888888888892,23.45877777777778,22.7
22282,2021-08-23 02:45:00,2021-08-23 03:00:00,23.0,23.62949999999999,23.895722222222222,23.9
22283,2021-08-23 03:00:00,2021-08-23 03:15:00,22.0,23.394999999999996,23.914944444444437,23.504545454545454
22284,2021-08-23 03:15:00,2021-08-23 03:30:00,27.0,23.48672222222222,23.41516666666667,25.19090909090909
22285,2021-08-23 03:30:00,2021-08-23 03:45:00,25.0,26.853166666666663,28.076277777777783,26.195454545454545
22286,2021-08-23 03:45:00,2021-08-23 04:00:00,22.0,23.163722222222212,22.45605555555555,22.8
22287,2021-08-23 04:00:00,2021-08-23 04:15:00,22.0,22.03739682539683,22.188000000000002,21.96818181818182
22288,2021-08-23 04:15:00,2021-08-23 04:30:00,22.0,22.305730158730164,22.324499999999997,22.53181818181818
22289,2021-08-23 04:30:00,2021-08-23 04:45:00,22.0,22.43117025089606,22.39705555555556,22.59090909090909
22290,2021-08-23 04:45:00,2021-08-23 05:00:00,22.0,22.30270760233919,22.256919487587954,22.931818181818183
22291,2021-08-23 05:00:00,2021-08-23 05:15:00,22.0,22.732777777777766,22.660111111111114,23.163636363636364
22292,2021-08-23 05:15:00,2021-08-23 05:30:00,22.0,22.783844854070665,22.937070419565675,23.077272727272728
22293,2021-08-23 05:30:00,2021-08-23 05:45:00,22.0,22.399111111111107,22.455722222222214,24.322727272727274
22294,2021-08-23 05:45:00,2021-08-23 06:00:00,22.0,22.728960317460306,22.75755555555556,24.113636363636363
22295,2021-08-23 06:00:00,2021-08-23 06:15:00,22.0,22.992666666666665,23.139373931623933,23.28181818181818
22296,2021-08-23 06:15:00,2021-08-23 06:30:00,21.0,23.181101731601718,23.315234734734727,23.37272727272727
22297,2021-08-23 06:30:00,2021-08-23 06:45:00,21.0,21.76,21.846333333333334,21.304545454545455
22298,2021-08-23 06:45:00,2021-08-23 07:00:00,21.0,21.67622222222222,21.76938888888889,21.336363636363636
22299,2021-08-23 07:00:00,2021-08-23 07:15:00,28.0,21.627111111111116,21.467666666666663,21.39090909090909
22300,2021-08-23 07:15:00,2021-08-23 07:30:00,44.0,36.472285714285725,34.29944444444446,34.877272727272725
22301,2021-08-23 07:30:00,2021-08-23 07:45:00,66.0,71.4533333333333,71.55594444444444,68.49545454545455
22302,2021-08-23 07:45:00,2021-08-23 08:00:00,92.0,94.51805555555558,94.52622222222224,93.40454545454546
22303,2021-08-23 08:00:00,2021-08-23 08:15:00,152.0,148.8431111111111,149.62555555555545,147.72727272727272
22304,2021-08-23 08:15:00,2021-08-23 08:30:00,163.0,174.45966666666678,174.39894444444454,176.58636363636364
22305,2021-08-23 08:30:00,2021-08-23 08:45:00,172.0,174.0415000000001,173.089111111111,178.49545454545455
22306,2021-08-23 08:45:00,2021-08-23 09:00:00,181.0,174.10311111111108,173.3050555555555,177.4318181818182
22307,2021-08-23 09:00:00,2021-08-23 09:15:00,187.0,169.70566666666662,172.15577777777764,172.76363636363635
22308,2021-08-23 09:15:00,2021-08-23 09:30:00,165.0,180.4479444444444,181.0232777777778,179.25454545454545
22309,2021-08-23 09:30:00,2021-08-23 09:45:00,182.0,161.49966666666666,161.3275555555555,171.9181818181818
22310,2021-08-23 09:45:00,2021-08-23 10:00:00,185.0,178.8245555555556,178.57355555555557,175.97727272727272
22311,2021-08-23 10:00:00,2021-08-23 10:15:00,144.0,146.4150555555556,146.0691111111111,140.12727272727273
22312,2021-08-23 10:15:00,2021-08-23 10:30:00,181.0,170.47400000000002,170.31949999999998,168.08636363636364
22313,2021-08-23 10:30:00,2021-08-23 10:45:00,182.0,175.65422222222216,176.24605555555547,174.3909090909091
22314,2021-08-23 10:45:00,2021-08-23 11:00:00,172.0,174.73455555555554,174.36044444444443,172.13636363636363
22315,2021-08-23 11:00:00,2021-08-23 11:15:00,172.0,169.58761111111104,166.5578333333332,169.66363636363636
22316,2021-08-23 11:15:00,2021-08-23 11:30:00,186.0,174.00483333333335,172.93166666666662,170.15
22317,2021-08-23 11:30:00,2021-08-23 11:45:00,191.0,181.1632777777777,181.5981111111111,179.96363636363637
22318,2021-08-23 11:45:00,2021-08-23 12:00:00,188.0,183.12638888888893,184.79111111111112,179.62272727272727
22319,2021-08-23 12:00:00,2021-08-23 12:15:00,124.0,131.71138888888873,140.7414999999997,125.91818181818182
22320,2021-08-23 12:15:00,2021-08-23 12:30:00,99.0,104.57900000000001,106.26855555555554,104.08181818181818
22321,2021-08-23 12:30:00,2021-08-23 12:45:00,103.0,98.86405555555544,98.96349999999993,97.43181818181819
22322,2021-08-23 12:45:00,2021-08-23 13:00:00,136.0,131.60777777777776,130.98183333333333,116.52272727272727
22323,2021-08-23 13:00:00,2021-08-23 13:15:00,184.0,176.10727777777782,175.8770555555556,172.72272727272727
22324,2021-08-23 13:15:00,2021-08-23 13:30:00,181.0,183.96277777777777,184.89055555555552,180.1590909090909
22325,2021-08-23 13:30:00,2021-08-23 13:45:00,176.0,179.0655555555556,179.04138888888892,174.86818181818182
22326,2021-08-23 13:45:00,2021-08-23 14:00:00,193.0,175.81549999999996,175.5560555555555,169.45454545454547
22327,2021-08-23 14:00:00,2021-08-23 14:15:00,181.0,178.78133333333318,178.23183333333316,167.03181818181818
22328,2021-08-23 14:15:00,2021-08-23 14:30:00,184.0,174.41155555555557,175.0498333333333,164.76363636363635
22329,2021-08-23 14:30:00,2021-08-23 14:45:00,182.0,180.77116666666663,180.03438888888886,172.8590909090909
22330,2021-08-23 14:45:00,2021-08-23 15:00:00,190.0,180.30694444444447,179.3671111111111,168.60454545454544
22331,2021-08-23 15:00:00,2021-08-23 15:15:00,151.0,150.91466666666648,152.8655555555554,142.37272727272727
22332,2021-08-23 15:15:00,2021-08-23 15:30:00,187.0,177.7829444444444,178.93611111111113,165.23181818181817
22333,2021-08-23 15:30:00,2021-08-23 15:45:00,184.0,188.5040555555555,188.66716666666665,176.6590909090909
22334,2021-08-23 15:45:00,2021-08-23 16:00:00,196.0,174.8516111111111,175.04472222222228,163.29545454545453
22335,2021-08-23 16:00:00,2021-08-23 16:15:00,173.0,175.78972222222245,168.42044444444457,148.96818181818182
22336,2021-08-23 16:15:00,2021-08-23 16:30:00,172.0,166.07183333333333,167.51900000000006,156.69545454545454
22337,2021-08-23 16:30:00,2021-08-23 16:45:00,177.0,170.22444444444434,171.22050000000002,160.15454545454546
22338,2021-08-23 16:45:00,2021-08-23 17:00:00,164.0,170.14327777777768,172.2466666666667,153.0681818181818
22339,2021-08-23 17:00:00,2021-08-23 17:15:00,124.0,130.33222222222227,128.41677777777775,127.44090909090909
22340,2021-08-23 17:15:00,2021-08-23 17:30:00,114.0,112.15061111111109,114.18527777777778,115.91363636363636
22341,2021-08-23 17:30:00,2021-08-23 17:45:00,154.0,154.2300000000002,152.30305555555563,127.27272727272727
22342,2021-08-23 17:45:00,2021-08-23 18:00:00,177.0,171.1405,168.7907222222222,147.47272727272727
22343,2021-08-23 18:00:00,2021-08-23 18:15:00,179.0,178.23727777777825,175.66000000000034,152.1409090909091
22344,2021-08-23 18:15:00,2021-08-23 18:30:00,165.0,177.1720555555553,175.82599999999985,161.44545454545454
22345,2021-08-23 18:30:00,2021-08-23 18:45:00,148.0,163.00183333333325,160.90894444444442,157.3318181818182
22346,2021-08-23 18:45:00,2021-08-23 19:00:00,131.0,148.1713333333334,145.52288888888887,145.73181818181817
22347,2021-08-23 19:00:00,2021-08-23 19:15:00,137.0,130.93,131.18311111111115,123.22727272727273
22348,2021-08-23 19:15:00,2021-08-23 19:30:00,132.0,141.57716666666667,140.18205555555554,132.58636363636364
22349,2021-08-23 19:30:00,2021-08-23 19:45:00,136.0,127.99049999999998,126.90633333333331,125.96818181818182
22350,2021-08-23 19:45:00,2021-08-23 20:00:00,109.0,123.05266666666668,127.17433333333337,120.30909090909091
22351,2021-08-23 20:00:00,2021-08-23 20:15:00,100.0,104.42272222222218,106.60866666666665,103.67727272727272
22352,2021-08-23 20:15:00,2021-08-23 20:30:00,118.0,110.2252777777778,111.97072222222225,106.09545454545454
22353,2021-08-23 20:30:00,2021-08-23 20:45:00,116.0,118.93116666666668,121.44399999999995,115.71363636363637
22354,2021-08-23 20:45:00,2021-08-23 21:00:00,114.0,116.2346666666667,116.08466666666662,113.83636363636364
22355,2021-08-23 21:00:00,2021-08-23 21:15:00,111.0,108.66311111111114,108.22805555555554,108.5409090909091
22356,2021-08-23 21:15:00,2021-08-23 21:30:00,117.0,114.2098333333333,112.93461111111112,110.74090909090908
22357,2021-08-23 21:30:00,2021-08-23 21:45:00,109.0,115.56922222222224,115.98816666666669,115.5409090909091
22358,2021-08-23 21:45:00,2021-08-23 22:00:00,107.0,110.1414444444444,108.66883333333332,108.28181818181818
22359,2021-08-23 22:00:00,2021-08-23 22:15:00,101.0,94.98649999999996,95.28333333333333,88.75454545454545
22360,2021-08-23 22:15:00,2021-08-23 22:30:00,111.0,106.83538888888891,106.04338888888888,104.97272727272727
22361,2021-08-23 22:30:00,2021-08-23 22:45:00,111.0,108.68555555555561,108.83977777777775,106.59545454545454
22362,2021-08-23 22:45:00,2021-08-23 23:00:00,113.0,106.8916666666667,104.95255555555556,104.47727272727273
22363,2021-08-23 23:00:00,2021-08-23 23:15:00,107.0,105.77433333333333,105.272,101.16363636363636
22364,2021-08-23 23:15:00,2021-08-23 23:30:00,101.0,108.28999999999994,107.50494444444445,106.73181818181818
22365,2021-08-23 23:30:00,2021-08-23 23:45:00,100.0,100.28888888888889,99.96005555555556,98.88181818181818
22366,2021-08-23 23:45:00,2021-08-24 00:00:00,75.0,77.61938888888889,78.79811111111111,75.69545454545455
22367,2021-08-24 00:00:00,2021-08-24 00:15:00,67.0,61.102999999999945,61.26111111111112,65.94545454545455
22368,2021-08-24 00:15:00,2021-08-24 00:30:00,64.0,63.79522222222222,64.14150000000001,63.89545454545455
22369,2021-08-24 00:30:00,2021-08-24 00:45:00,65.0,61.347722222222245,61.79350000000001,62.17727272727273
22370,2021-08-24 00:45:00,2021-08-24 01:00:00,64.0,62.866500000000016,63.818000000000005,63.75454545454546
22371,2021-08-24 01:00:00,2021-08-24 01:15:00,90.0,95.00061111111113,95.01955555555558,94.95
22372,2021-08-24 01:15:00,2021-08-24 01:30:00,108.0,97.10394444444451,96.71144444444442,95.99545454545455
22373,2021-08-24 01:30:00,2021-08-24 01:45:00,111.0,111.38273015873011,110.50188888888893,111.77272727272727
22374,2021-08-24 01:45:00,2021-08-24 02:00:00,110.0,109.36763492063488,109.12788888888889,108.31818181818181
22375,2021-08-24 02:00:00,2021-08-24 02:15:00,115.0,110.8082222222222,109.9835555555555,102.63636363636364
22376,2021-08-24 02:15:00,2021-08-24 02:30:00,109.0,114.09983333333338,115.42277777777777,112.36363636363636
22377,2021-08-24 02:30:00,2021-08-24 02:45:00,107.0,105.5286111111111,106.88044444444444,105.86363636363636
22378,2021-08-24 02:45:00,2021-08-24 03:00:00,108.0,104.54838888888887,104.49000000000005,101.14090909090909
22379,2021-08-24 03:00:00,2021-08-24 03:15:00,95.0,94.6629126984127,95.73183333333333,90.64545454545454
22380,2021-08-24 03:15:00,2021-08-24 03:30:00,103.0,107.13499999999999,105.39161111111112,99.37272727272727
22381,2021-08-24 03:30:00,2021-08-24 03:45:00,115.0,103.9400555555556,104.0717222222222,101.37727272727273
22382,2021-08-24 03:45:00,2021-08-24 04:00:00,105.0,109.73488888888885,112.2587777777778,105.64090909090909
22383,2021-08-24 04:00:00,2021-08-24 04:15:00,109.0,103.95522222222219,102.86444444444444,92.49090909090908
22384,2021-08-24 04:15:00,2021-08-24 04:30:00,113.0,107.54222222222221,107.97207936507935,105.92727272727272
22385,2021-08-24 04:30:00,2021-08-24 04:45:00,107.0,110.67223809523809,110.40785714285708,111.20454545454545
22386,2021-08-24 04:45:00,2021-08-24 05:00:00,103.0,104.24238888888888,103.97166666666669,100.76363636363637
22387,2021-08-24 05:00:00,2021-08-24 05:15:00,81.0,85.11872222222225,86.17155555555557,84.49090909090908
22388,2021-08-24 05:15:00,2021-08-24 05:30:00,72.0,74.53355555555554,75.11638888888888,75.17727272727272
22389,2021-08-24 05:30:00,2021-08-24 05:45:00,93.0,98.18383333333333,98.11177777777775,94.83636363636364
22390,2021-08-24 05:45:00,2021-08-24 06:00:00,106.0,103.05283333333335,103.72827777777779,100.4590909090909
22391,2021-08-24 06:00:00,2021-08-24 06:15:00,112.0,112.03512698412703,111.75716666666668,106.00454545454545
22392,2021-08-24 06:15:00,2021-08-24 06:30:00,107.0,108.80422222222222,108.71683333333331,105.8409090909091
22393,2021-08-24 06:30:00,2021-08-24 06:45:00,102.0,104.21616666666668,104.63566666666665,103.13636363636364
22394,2021-08-24 06:45:00,2021-08-24 07:00:00,115.0,99.87838888888889,99.78077777777779,101.47272727272727
22395,2021-08-24 07:00:00,2021-08-24 07:15:00,116.0,110.04102380952381,111.02100000000003,108.45454545454545
22396,2021-08-24 07:15:00,2021-08-24 07:30:00,119.0,124.48172222222213,124.0846111111111,118.8
22397,2021-08-24 07:30:00,2021-08-24 07:45:00,144.0,146.06105555555553,140.41488888888887,147.7590909090909
22398,2021-08-24 07:45:00,2021-08-24 08:00:00,145.0,145.4962222222222,146.94727777777777,146.6681818181818
22399,2021-08-24 08:00:00,2021-08-24 08:15:00,167.0,160.49883333333344,159.76111111111115,159.49545454545455
22400,2021-08-24 08:15:00,2021-08-24 08:30:00,192.0,171.89788888888884,173.49211111111114,171.8909090909091
22401,2021-08-24 08:30:00,2021-08-24 08:45:00,196.0,201.17316666666665,199.8290555555556,194.63636363636363
22402,2021-08-24 08:45:00,2021-08-24 09:00:00,191.0,188.11388888888882,188.136,187.54545454545453
22403,2021-08-24 09:00:00,2021-08-24 09:15:00,182.0,182.55066666666653,183.17111111111106,183.76818181818183
22404,2021-08-24 09:15:00,2021-08-24 09:30:00,190.0,178.2353888888889,177.4313888888889,178.20909090909092
22405,2021-08-24 09:30:00,2021-08-24 09:45:00,170.0,179.60722222222225,179.89133333333336,181.3181818181818
22406,2021-08-24 09:45:00,2021-08-24 10:00:00,181.0,178.33011111111114,177.67933333333332,175.1409090909091
22407,2021-08-24 10:00:00,2021-08-24 10:15:00,151.0,142.16794444444437,143.12166666666667,140.5818181818182
22408,2021-08-24 10:15:00,2021-08-24 10:30:00,181.0,175.27500000000003,176.2115,171.1590909090909
22409,2021-08-24 10:30:00,2021-08-24 10:45:00,177.0,178.4401666666667,179.59738888888884,178.13636363636363
22410,2021-08-24 10:45:00,2021-08-24 11:00:00,174.0,172.9901666666667,173.9364444444445,175.9909090909091
22411,2021-08-24 11:00:00,2021-08-24 11:15:00,179.0,174.14455555555554,171.74005555555553,173.65
22412,2021-08-24 11:15:00,2021-08-24 11:30:00,183.0,178.82738888888892,176.67577777777777,174.73636363636365
22413,2021-08-24 11:30:00,2021-08-24 11:45:00,188.0,178.3753333333333,179.24277777777772,177.45
22414,2021-08-24 11:45:00,2021-08-24 12:00:00,180.0,180.97555555555556,181.8554444444445,180.4227272727273
22415,2021-08-24 12:00:00,2021-08-24 12:15:00,125.0,126.18849999999993,128.61683333333323,125.79545454545455
22416,2021-08-24 12:15:00,2021-08-24 12:30:00,105.0,105.18766666666666,106.17638888888888,106.07272727272728
22417,2021-08-24 12:30:00,2021-08-24 12:45:00,99.0,97.09838888888883,99.04116666666657,98.94545454545455
22418,2021-08-24 12:45:00,2021-08-24 13:00:00,130.0,127.06599999999993,126.58316666666668,125.0409090909091
22419,2021-08-24 13:00:00,2021-08-24 13:15:00,165.0,173.93461111111108,175.18677777777788,170.83636363636364
22420,2021-08-24 13:15:00,2021-08-24 13:30:00,171.0,175.23049999999995,175.87222222222218,169.05454545454546
22421,2021-08-24 13:30:00,2021-08-24 13:45:00,180.0,174.62283333333332,173.7005555555556,171.5590909090909
22422,2021-08-24 13:45:00,2021-08-24 14:00:00,180.0,175.16044444444447,174.6107777777778,175.0681818181818
22423,2021-08-24 14:00:00,2021-08-24 14:15:00,190.0,170.97694444444443,171.44961111111112,170.89545454545456
22424,2021-08-24 14:15:00,2021-08-24 14:30:00,185.0,184.46461111111114,184.37038888888887,180.02272727272728
22425,2021-08-24 14:30:00,2021-08-24 14:45:00,180.0,175.09183333333334,176.02944444444447,175.1818181818182
22426,2021-08-24 14:45:00,2021-08-24 15:00:00,188.0,177.23966666666666,176.28483333333332,177.34545454545454
22427,2021-08-24 15:00:00,2021-08-24 15:15:00,139.0,148.32255555555554,149.26788888888885,144.1727272727273
22428,2021-08-24 15:15:00,2021-08-24 15:30:00,175.0,166.95461111111118,163.5233888888889,175.48636363636365
22429,2021-08-24 15:30:00,2021-08-24 15:45:00,183.0,179.72838095238097,178.8122777777778,174.51363636363635
22430,2021-08-24 15:45:00,2021-08-24 16:00:00,201.0,174.23672222222223,174.50550000000004,168.84545454545454
22431,2021-08-24 16:00:00,2021-08-24 16:15:00,191.0,174.2003333333335,163.88961111111112,181.39545454545456
22432,2021-08-24 16:15:00,2021-08-24 16:30:00,188.0,178.63655555555547,181.35666666666663,173.68636363636364
22433,2021-08-24 16:30:00,2021-08-24 16:45:00,181.0,174.96066666666673,178.7104444444444,173.44545454545454
22434,2021-08-24 16:45:00,2021-08-24 17:00:00,175.0,171.00888888888886,173.81899999999996,166.37727272727273
22435,2021-08-24 17:00:00,2021-08-24 17:15:00,131.0,131.90638888888893,132.77549999999997,136.06363636363636
22436,2021-08-24 17:15:00,2021-08-24 17:30:00,115.0,119.02650000000004,117.94883333333334,119.5909090909091
22437,2021-08-24 17:30:00,2021-08-24 17:45:00,153.0,149.64216666666684,144.48572222222222,139.95
22438,2021-08-24 17:45:00,2021-08-24 18:00:00,157.0,169.6078888888889,169.3681111111111,160.30454545454546
22439,2021-08-24 18:00:00,2021-08-24 18:15:00,148.0,166.28194444444446,160.78761111111115,160.37727272727273
22440,2021-08-24 18:15:00,2021-08-24 18:30:00,151.0,152.63244444444447,150.95194444444442,147.25454545454545
22441,2021-08-24 18:30:00,2021-08-24 18:45:00,151.0,154.071,154.6162222222222,150.09545454545454
22442,2021-08-24 18:45:00,2021-08-24 19:00:00,156.0,155.86405555555558,153.07216666666667,146.15454545454546
22443,2021-08-24 19:00:00,2021-08-24 19:15:00,164.0,149.46644444444442,147.26044444444443,150.86818181818182
22444,2021-08-24 19:15:00,2021-08-24 19:30:00,146.0,157.86883333333333,156.8912777777778,157.08636363636364
22445,2021-08-24 19:30:00,2021-08-24 19:45:00,148.0,147.00349999999997,147.44344444444442,143.25454545454545
22446,2021-08-24 19:45:00,2021-08-24 20:00:00,142.0,125.9573333333333,128.89811111111112,126.06363636363636
22447,2021-08-24 20:00:00,2021-08-24 20:15:00,117.0,130.16105555555558,132.20066666666668,125.99545454545455
22448,2021-08-24 20:15:00,2021-08-24 20:30:00,122.0,119.8095,119.71672222222226,119.9090909090909
22449,2021-08-24 20:30:00,2021-08-24 20:45:00,125.0,121.12049999999998,121.37388888888889,119.2090909090909
22450,2021-08-24 20:45:00,2021-08-24 21:00:00,120.0,124.08055555555558,122.99261111111113,124.52272727272727
22451,2021-08-24 21:00:00,2021-08-24 21:15:00,122.0,121.50600000000001,121.17105555555555,121.2909090909091
22452,2021-08-24 21:15:00,2021-08-24 21:30:00,123.0,125.5377222222222,125.01394444444445,123.17727272727272
22453,2021-08-24 21:30:00,2021-08-24 21:45:00,121.0,124.23971428571429,124.8326666666667,122.91818181818182
22454,2021-08-24 21:45:00,2021-08-24 22:00:00,119.0,120.84077777777775,121.52977777777778,118.79545454545455
22455,2021-08-24 22:00:00,2021-08-24 22:15:00,112.0,103.56455555555554,106.73338888888888,100.13636363636364
22456,2021-08-24 22:15:00,2021-08-24 22:30:00,120.0,111.80366666666671,111.71161111111108,111.52727272727273
22457,2021-08-24 22:30:00,2021-08-24 22:45:00,109.0,117.76927777777777,117.91516666666661,117.50454545454545
22458,2021-08-24 22:45:00,2021-08-24 23:00:00,109.0,110.8285555555556,107.66844444444445,110.23636363636363
22459,2021-08-24 23:00:00,2021-08-24 23:15:00,102.0,109.21194444444444,105.06327777777778,107.8
22460,2021-08-24 23:15:00,2021-08-24 23:30:00,104.0,110.41116666666673,109.42211111111114,108.86363636363636
22461,2021-08-24 23:30:00,2021-08-24 23:45:00,107.0,103.6655555555556,104.6283333333333,99.86363636363636
22462,2021-08-24 23:45:00,2021-08-25 00:00:00,84.0,84.78299999999997,91.03211111111113,76.28181818181818
22463,2021-08-25 00:00:00,2021-08-25 00:15:00,81.0,64.88566666666668,66.95911111111111,69.67272727272727
22464,2021-08-25 00:15:00,2021-08-25 00:30:00,80.0,76.83533333333337,82.72383333333333,73.08181818181818
22465,2021-08-25 00:30:00,2021-08-25 00:45:00,77.0,74.80363888888891,79.50138888888891,72.5
22466,2021-08-25 00:45:00,2021-08-25 01:00:00,69.0,72.84038095238095,74.27933333333335,71.08636363636364
22467,2021-08-25 01:00:00,2021-08-25 01:15:00,90.0,93.93916666666668,93.20372222222218,91.53181818181818
22468,2021-08-25 01:15:00,2021-08-25 01:30:00,111.0,101.1978333333334,99.73477777777782,102.89090909090909
22469,2021-08-25 01:30:00,2021-08-25 01:45:00,108.0,111.04677777777775,110.6157222222222,110.67727272727272
22470,2021-08-25 01:45:00,2021-08-25 02:00:00,108.0,111.80633333333336,111.06561111111111,113.17272727272727
22471,2021-08-25 02:00:00,2021-08-25 02:15:00,115.0,108.48355555555553,108.09422222222223,108.29545454545455
22472,2021-08-25 02:15:00,2021-08-25 02:30:00,107.0,114.77838888888893,115.56411111111112,111.96818181818182
22473,2021-08-25 02:30:00,2021-08-25 02:45:00,105.0,105.29516666666667,106.11627777777777,104.85454545454546
22474,2021-08-25 02:45:00,2021-08-25 03:00:00,110.0,104.96516666666665,104.48088888888896,104.17727272727272
22475,2021-08-25 03:00:00,2021-08-25 03:15:00,90.0,99.73155555555556,101.25250000000003,91.66363636363636
22476,2021-08-25 03:15:00,2021-08-25 03:30:00,100.0,105.20005555555558,101.4737777777778,98.79545454545455
22477,2021-08-25 03:30:00,2021-08-25 03:45:00,98.0,104.55600000000003,104.02533333333334,104.04545454545455
22478,2021-08-25 03:45:00,2021-08-25 04:00:00,106.0,103.82044444444445,103.13638888888893,102.01818181818182
22479,2021-08-25 04:00:00,2021-08-25 04:15:00,109.0,105.80394444444448,104.23405555555557,103.19545454545455
22480,2021-08-25 04:15:00,2021-08-25 04:30:00,109.0,107.24661111111111,106.95114285714286,108.72727272727273
22481,2021-08-25 04:30:00,2021-08-25 04:45:00,110.0,107.14996825396828,107.12844444444443,106.79545454545455
22482,2021-08-25 04:45:00,2021-08-25 05:00:00,107.0,105.94327777777781,106.32338888888886,102.85454545454546
22483,2021-08-25 05:00:00,2021-08-25 05:15:00,90.0,87.43322222222226,89.27118803418807,85.21363636363637
22484,2021-08-25 05:15:00,2021-08-25 05:30:00,79.0,82.27395238095238,85.61661111111108,80.96818181818182
22485,2021-08-25 05:30:00,2021-08-25 05:45:00,89.0,94.9942222222222,93.44461111111109,93.50909090909092
22486,2021-08-25 05:45:00,2021-08-25 06:00:00,107.0,97.52772222222217,97.03788888888889,100.27272727272727
22487,2021-08-25 06:00:00,2021-08-25 06:15:00,101.0,110.53347619047621,110.18014285714283,109.29545454545455
22488,2021-08-25 06:15:00,2021-08-25 06:30:00,99.0,102.40095238095236,102.0914444444444,101.97727272727273
22489,2021-08-25 06:30:00,2021-08-25 06:45:00,108.0,103.04474603174609,101.84975396825398,102.21363636363637
22490,2021-08-25 06:45:00,2021-08-25 07:00:00,108.0,104.0054126984127,104.71727777777781,109.18636363636364
22491,2021-08-25 07:00:00,2021-08-25 07:15:00,109.0,103.49744444444444,102.3595,107.96363636363637
22492,2021-08-25 07:15:00,2021-08-25 07:30:00,134.0,114.0925,111.7767222222222,115.97727272727273
22493,2021-08-25 07:30:00,2021-08-25 07:45:00,162.0,150.61588888888886,145.47600000000006,151.36363636363637
22494,2021-08-25 07:45:00,2021-08-25 08:00:00,150.0,158.61522222222223,159.21205555555554,157.95909090909092
22495,2021-08-25 08:00:00,2021-08-25 08:15:00,156.0,161.63216666666665,159.59522222222228,164.1409090909091
22496,2021-08-25 08:15:00,2021-08-25 08:30:00,177.0,170.3081666666667,170.31055555555554,166.41363636363636
22497,2021-08-25 08:30:00,2021-08-25 08:45:00,182.0,173.37094444444438,175.69955555555552,173.12272727272727
22498,2021-08-25 08:45:00,2021-08-25 09:00:00,179.0,180.53227777777778,180.43327777777776,182.75
22499,2021-08-25 09:00:00,2021-08-25 09:15:00,161.0,169.78477777777772,168.20305555555558,171.1590909090909
22500,2021-08-25 09:15:00,2021-08-25 09:30:00,167.0,163.8417777777777,164.55016666666668,166.11818181818182
22501,2021-08-25 09:30:00,2021-08-25 09:45:00,175.0,171.20093650793646,171.3600555555555,170.30454545454546
22502,2021-08-25 09:45:00,2021-08-25 10:00:00,181.0,170.9919444444444,171.22444444444437,173.68636363636364
22503,2021-08-25 10:00:00,2021-08-25 10:15:00,153.0,139.2285,141.16099999999997,139.5090909090909
22504,2021-08-25 10:15:00,2021-08-25 10:30:00,179.0,172.61577777777785,172.05422222222222,172.08636363636364
22505,2021-08-25 10:30:00,2021-08-25 10:45:00,187.0,176.68861111111116,177.4764444444444,173.4409090909091
22506,2021-08-25 10:45:00,2021-08-25 11:00:00,189.0,183.69838888888887,183.85966666666673,182.15454545454546
22507,2021-08-25 11:00:00,2021-08-25 11:15:00,172.0,179.10788888888888,174.31516666666664,181.35454545454544
22508,2021-08-25 11:15:00,2021-08-25 11:30:00,158.0,171.5651666666666,170.44594444444448,172.4409090909091
22509,2021-08-25 11:30:00,2021-08-25 11:45:00,184.0,166.55794444444453,165.804,167.38636363636363
22510,2021-08-25 11:45:00,2021-08-25 12:00:00,178.0,179.58394444444446,179.35077777777786,177.18636363636364
22511,2021-08-25 12:00:00,2021-08-25 12:15:00,121.0,123.31394444444442,124.3921111111111,117.06818181818181
22512,2021-08-25 12:15:00,2021-08-25 12:30:00,96.0,104.50527777777779,106.42811111111111,103.25909090909092
22513,2021-08-25 12:30:00,2021-08-25 12:45:00,102.0,94.10158730158727,96.54988888888887,95.01363636363637
22514,2021-08-25 12:45:00,2021-08-25 13:00:00,120.0,125.20238888888879,125.6925,125.35909090909091
22515,2021-08-25 13:00:00,2021-08-25 13:15:00,170.0,158.70172222222223,155.80455555555554,156.7
22516,2021-08-25 13:15:00,2021-08-25 13:30:00,180.0,178.3278888888889,177.6784444444444,173.1727272727273
22517,2021-08-25 13:30:00,2021-08-25 13:45:00,168.0,176.43694444444438,175.33583333333334,176.07272727272726
22518,2021-08-25 13:45:00,2021-08-25 14:00:00,177.0,167.90077777777782,168.81861111111112,167.27272727272728
22519,2021-08-25 14:00:00,2021-08-25 14:15:00,179.0,171.28566666666657,171.68422222222225,171.37727272727273
22520,2021-08-25 14:15:00,2021-08-25 14:30:00,165.0,173.12327777777776,171.78983333333332,173.68636363636364
22521,2021-08-25 14:30:00,2021-08-25 14:45:00,180.0,159.93155555555552,161.66727777777777,163.15
22522,2021-08-25 14:45:00,2021-08-25 15:00:00,184.0,177.06133333333338,174.63038888888886,176.4090909090909
22523,2021-08-25 15:00:00,2021-08-25 15:15:00,142.0,144.6822222222222,147.14488888888886,148.8272727272727
22524,2021-08-25 15:15:00,2021-08-25 15:30:00,178.0,170.52072222222225,169.36722222222227,173.5590909090909
22525,2021-08-25 15:30:00,2021-08-25 15:45:00,174.0,177.24450000000004,177.31933333333333,177.1409090909091
22526,2021-08-25 15:45:00,2021-08-25 16:00:00,180.0,170.8166111111111,171.3215,169.1909090909091
22527,2021-08-25 16:00:00,2021-08-25 16:15:00,172.0,165.69272222222227,163.30316666666667,163.3318181818182
22528,2021-08-25 16:15:00,2021-08-25 16:30:00,169.0,169.46888888888887,168.47472222222225,169.34545454545454
22529,2021-08-25 16:30:00,2021-08-25 16:45:00,146.0,168.5167777777777,168.71522222222225,170.47727272727272
22530,2021-08-25 16:45:00,2021-08-25 17:00:00,160.0,157.53883333333334,159.34494444444445,158.75
22531,2021-08-25 17:00:00,2021-08-25 17:15:00,131.0,118.78972222222224,125.56983333333332,119.72727272727273
22532,2021-08-25 17:15:00,2021-08-25 17:30:00,117.0,123.96144444444452,127.19950000000001,121.47272727272727
22533,2021-08-25 17:30:00,2021-08-25 17:45:00,158.0,147.49433333333332,144.99811111111114,140.5909090909091
22534,2021-08-25 17:45:00,2021-08-25 18:00:00,176.0,163.38277777777776,162.3228333333334,163.6590909090909
22535,2021-08-25 18:00:00,2021-08-25 18:15:00,172.0,167.8495555555556,168.0872222222223,166.76363636363635
22536,2021-08-25 18:15:00,2021-08-25 18:30:00,166.0,166.00711111111113,164.29483333333332,164.1090909090909
22537,2021-08-25 18:30:00,2021-08-25 18:45:00,165.0,166.0596666666666,164.62400000000002,161.8181818181818
22538,2021-08-25 18:45:00,2021-08-25 19:00:00,165.0,163.31788888888892,162.09977777777783,162.51363636363635
22539,2021-08-25 19:00:00,2021-08-25 19:15:00,150.0,155.85077777777775,151.2757777777778,159.9
22540,2021-08-25 19:15:00,2021-08-25 19:30:00,152.0,146.4845555555555,146.87916666666663,151.1409090909091
22541,2021-08-25 19:30:00,2021-08-25 19:45:00,139.0,147.84888888888887,146.85216666666665,147.66363636363636
22542,2021-08-25 19:45:00,2021-08-25 20:00:00,115.0,118.33427777777777,123.18655555555556,121.78636363636363
22543,2021-08-25 20:00:00,2021-08-25 20:15:00,101.0,108.47933333333337,111.22183333333334,111.38181818181818
22544,2021-08-25 20:15:00,2021-08-25 20:30:00,107.0,111.26505555555559,112.73255555555559,111.95
22545,2021-08-25 20:30:00,2021-08-25 20:45:00,112.0,113.29888888888898,114.29805555555555,111.4
22546,2021-08-25 20:45:00,2021-08-25 21:00:00,124.0,111.80727777777773,111.61338888888888,109.94090909090909
22547,2021-08-25 21:00:00,2021-08-25 21:15:00,114.0,120.34100000000001,119.83405555555555,122.31363636363636
22548,2021-08-25 21:15:00,2021-08-25 21:30:00,131.0,115.25161111111112,114.74911111111105,112.49545454545455
22549,2021-08-25 21:30:00,2021-08-25 21:45:00,123.0,124.60522222222224,125.6713888888889,124.69090909090909
22550,2021-08-25 21:45:00,2021-08-25 22:00:00,117.0,119.4923333333333,119.16022222222225,120.57727272727273
22551,2021-08-25 22:00:00,2021-08-25 22:15:00,114.0,102.97255555555557,103.59477777777776,108.71363636363637
22552,2021-08-25 22:15:00,2021-08-25 22:30:00,109.0,110.37855555555558,110.53711111111107,114.75
22553,2021-08-25 22:30:00,2021-08-25 22:45:00,103.0,112.54811111111117,111.9360555555555,112.48181818181818
22554,2021-08-25 22:45:00,2021-08-25 23:00:00,114.0,109.0851111111111,107.13277777777779,104.27272727272727
22555,2021-08-25 23:00:00,2021-08-25 23:15:00,119.0,109.33894444444445,109.1247777777778,107.67727272727272
22556,2021-08-25 23:15:00,2021-08-25 23:30:00,112.0,116.88555555555563,116.91055555555555,116.96818181818182
22557,2021-08-25 23:30:00,2021-08-25 23:45:00,108.0,104.98977777777779,103.72616666666664,106.83636363636364
22558,2021-08-25 23:45:00,2021-08-26 00:00:00,80.0,82.39233333333335,85.17433333333338,92.85454545454546
22559,2021-08-26 00:00:00,2021-08-26 00:15:00,72.0,66.22427777777777,66.08116666666666,66.08181818181818
22560,2021-08-26 00:15:00,2021-08-26 00:30:00,72.0,68.61644444444445,69.1566111111111,68.41363636363636
22561,2021-08-26 00:30:00,2021-08-26 00:45:00,73.0,70.45627777777777,71.01377777777778,71.14545454545454
22562,2021-08-26 00:45:00,2021-08-26 01:00:00,69.0,70.67810317460314,71.13027777777778,69.63181818181818
22563,2021-08-26 01:00:00,2021-08-26 01:15:00,92.0,95.48444444444446,94.93916666666664,94.02727272727273
22564,2021-08-26 01:15:00,2021-08-26 01:30:00,106.0,105.77038888888892,105.31177777777779,105.15
22565,2021-08-26 01:30:00,2021-08-26 01:45:00,110.0,110.75877777777782,110.49205555555557,111.33636363636364
22566,2021-08-26 01:45:00,2021-08-26 02:00:00,105.0,112.37155555555559,111.98558730158732,111.23181818181818
22567,2021-08-26 02:00:00,2021-08-26 02:15:00,113.0,105.77155555555558,104.0255555555556,106.25909090909092
22568,2021-08-26 02:15:00,2021-08-26 02:30:00,116.0,111.58426190476195,111.50572222222222,110.42727272727272
22569,2021-08-26 02:30:00,2021-08-26 02:45:00,112.0,114.35322222222217,114.65133333333331,112.19090909090909
22570,2021-08-26 02:45:00,2021-08-26 03:00:00,118.0,109.35112698412699,108.95122222222221,109.98636363636363
22571,2021-08-26 03:00:00,2021-08-26 03:15:00,90.0,105.65122222222226,110.13500000000002,103.92272727272727
22572,2021-08-26 03:15:00,2021-08-26 03:30:00,100.0,107.68272222222228,104.91272222222229,107.67272727272727
22573,2021-08-26 03:30:00,2021-08-26 03:45:00,104.0,107.06411111111112,106.94638888888886,107.04545454545455
22574,2021-08-26 03:45:00,2021-08-26 04:00:00,103.0,108.73922222222225,107.61938888888889,107.29545454545455
22575,2021-08-26 04:00:00,2021-08-26 04:15:00,108.0,103.36355555555552,101.80922222222226,104.26363636363637
22576,2021-08-26 04:15:00,2021-08-26 04:30:00,115.0,108.12598412698415,108.61933333333332,107.45
22577,2021-08-26 04:30:00,2021-08-26 04:45:00,111.0,113.41883333333331,114.12677777777775,112.76818181818182
22578,2021-08-26 04:45:00,2021-08-26 05:00:00,104.0,107.1087222222222,107.76799999999997,107.08181818181818
22579,2021-08-26 05:00:00,2021-08-26 05:15:00,83.0,85.43972222222226,87.2292991452992,84.15
22580,2021-08-26 05:15:00,2021-08-26 05:30:00,77.0,75.66583333333332,77.21316666666667,76.68181818181819
22581,2021-08-26 05:30:00,2021-08-26 05:45:00,98.0,97.44644444444441,97.17577777777772,96.40454545454546
22582,2021-08-26 05:45:00,2021-08-26 06:00:00,108.0,107.28272222222218,107.49322222222217,106.38181818181818
22583,2021-08-26 06:00:00,2021-08-26 06:15:00,105.0,111.61300793650798,111.82738888888886,110.58636363636364
22584,2021-08-26 06:15:00,2021-08-26 06:30:00,104.0,103.68911111111116,103.5470555555556,105.51818181818182
22585,2021-08-26 06:30:00,2021-08-26 06:45:00,98.0,102.55142857142854,101.60544444444437,102.00909090909092
22586,2021-08-26 06:45:00,2021-08-26 07:00:00,111.0,98.17561111111114,97.67475396825397,99.39090909090909
22587,2021-08-26 07:00:00,2021-08-26 07:15:00,114.0,105.82892857142856,104.58050000000003,106.13636363636364
22588,2021-08-26 07:15:00,2021-08-26 07:30:00,129.0,124.1820555555555,123.3326666666667,122.61363636363636
22589,2021-08-26 07:30:00,2021-08-26 07:45:00,147.0,149.16983333333334,146.04233333333332,150.37272727272727
22590,2021-08-26 07:45:00,2021-08-26 08:00:00,145.0,146.22905555555553,148.52416666666662,149.62272727272727
22591,2021-08-26 08:00:00,2021-08-26 08:15:00,166.0,157.25394444444444,156.37033333333332,156.9227272727273
22592,2021-08-26 08:15:00,2021-08-26 08:30:00,187.0,167.34527777777774,168.9116666666666,167.9409090909091
22593,2021-08-26 08:30:00,2021-08-26 08:45:00,182.0,187.2578333333333,188.99283333333332,184.63181818181818
22594,2021-08-26 08:45:00,2021-08-26 09:00:00,196.0,180.48800000000003,179.10005555555557,183.28636363636363
22595,2021-08-26 09:00:00,2021-08-26 09:15:00,197.0,179.72627777777768,178.9961666666666,177.62727272727273
22596,2021-08-26 09:15:00,2021-08-26 09:30:00,199.0,184.8275,185.3136111111111,185.14545454545456
22597,2021-08-26 09:30:00,2021-08-26 09:45:00,191.0,181.76388888888883,183.16944444444442,185.12272727272727
22598,2021-08-26 09:45:00,2021-08-26 10:00:00,192.0,183.24349999999993,183.4397222222222,185.92727272727274
22599,2021-08-26 10:00:00,2021-08-26 10:15:00,158.0,148.16038888888883,154.2161111111111,154.28181818181818
22600,2021-08-26 10:15:00,2021-08-26 10:30:00,187.0,180.42583333333326,180.3157777777777,177.44545454545454
22601,2021-08-26 10:30:00,2021-08-26 10:45:00,182.0,186.10188888888885,186.46205555555554,185.60454545454544
22602,2021-08-26 10:45:00,2021-08-26 11:00:00,193.0,176.77411111111113,175.26805555555552,175.96818181818182
22603,2021-08-26 11:00:00,2021-08-26 11:15:00,192.0,174.56983333333335,162.17327777777774,184.35
22604,2021-08-26 11:15:00,2021-08-26 11:30:00,194.0,181.73649999999998,182.9606111111111,182.3181818181818
22605,2021-08-26 11:30:00,2021-08-26 11:45:00,180.0,181.21722222222223,181.89327777777774,184.45909090909092
22606,2021-08-26 11:45:00,2021-08-26 12:00:00,187.0,177.09455555555553,176.32000000000002,176.8409090909091
22607,2021-08-26 12:00:00,2021-08-26 12:15:00,117.0,130.82838888888884,136.64611111111108,127.32727272727273
22608,2021-08-26 12:15:00,2021-08-26 12:30:00,100.0,95.78072222222218,99.86555555555555,94.05
22609,2021-08-26 12:30:00,2021-08-26 12:45:00,98.0,97.00922222222212,97.9674999999999,98.18181818181819
22610,2021-08-26 12:45:00,2021-08-26 13:00:00,127.0,125.93300000000005,124.8901666666667,124.70454545454545
22611,2021-08-26 13:00:00,2021-08-26 13:15:00,168.0,169.38988888888903,171.15000000000006,160.71818181818182
22612,2021-08-26 13:15:00,2021-08-26 13:30:00,172.0,182.53072222222215,184.63494444444433,172.96363636363637
22613,2021-08-26 13:30:00,2021-08-26 13:45:00,194.0,174.99750000000003,173.73122222222221,170.77727272727273
22614,2021-08-26 13:45:00,2021-08-26 14:00:00,199.0,189.42361111111106,189.184,187.88181818181818
22615,2021-08-26 14:00:00,2021-08-26 14:15:00,183.0,176.47327777777778,176.36805555555554,182.99545454545455
22616,2021-08-26 14:15:00,2021-08-26 14:30:00,177.0,180.43849999999995,181.37049999999996,174.41363636363636
22617,2021-08-26 14:30:00,2021-08-26 14:45:00,189.0,182.32644444444443,181.22466666666665,177.3272727272727
22618,2021-08-26 14:45:00,2021-08-26 15:00:00,190.0,188.64705555555554,187.81594444444437,183.51818181818183
22619,2021-08-26 15:00:00,2021-08-26 15:15:00,163.0,149.84799999999998,151.40844444444437,152.15
22620,2021-08-26 15:15:00,2021-08-26 15:30:00,192.0,175.94522222222218,175.53655555555557,170.45909090909092
22621,2021-08-26 15:30:00,2021-08-26 15:45:00,202.0,189.71966666666668,188.99022222222223,189.8090909090909
22622,2021-08-26 15:45:00,2021-08-26 16:00:00,193.0,189.48483333333323,189.81433333333322,189.79545454545453
22623,2021-08-26 16:00:00,2021-08-26 16:15:00,186.0,170.74077777777794,166.44444444444449,177.7409090909091
22624,2021-08-26 16:15:00,2021-08-26 16:30:00,172.0,173.62772222222227,176.68822222222224,173.36818181818182
22625,2021-08-26 16:30:00,2021-08-26 16:45:00,175.0,170.1377222222222,172.82783333333333,168.6
22626,2021-08-26 16:45:00,2021-08-26 17:00:00,158.0,169.88694444444442,172.48955555555557,166.96363636363637
22627,2021-08-26 17:00:00,2021-08-26 17:15:00,119.0,127.39677777777783,125.87711111111108,128.06363636363636
22628,2021-08-26 17:15:00,2021-08-26 17:30:00,105.0,117.96944444444443,123.89522222222224,109.4
22629,2021-08-26 17:30:00,2021-08-26 17:45:00,142.0,150.82294444444454,144.58744444444443,148.72727272727272
22630,2021-08-26 17:45:00,2021-08-26 18:00:00,161.0,163.31077777777773,162.4691111111111,153.5
22631,2021-08-26 18:00:00,2021-08-26 18:15:00,161.0,164.00572222222232,161.6692777777778,156.1818181818182
22632,2021-08-26 18:15:00,2021-08-26 18:30:00,155.0,161.64538888888882,160.19444444444446,153.65
22633,2021-08-26 18:30:00,2021-08-26 18:45:00,163.0,154.6102222222222,155.96588888888888,155.82272727272726
22634,2021-08-26 18:45:00,2021-08-26 19:00:00,167.0,162.3132222222222,161.9323888888889,160.86363636363637
22635,2021-08-26 19:00:00,2021-08-26 19:15:00,168.0,157.54022222222216,154.1303888888889,157.82272727272726
22636,2021-08-26 19:15:00,2021-08-26 19:30:00,158.0,163.0488333333334,161.6993888888889,160.52727272727273
22637,2021-08-26 19:30:00,2021-08-26 19:45:00,170.0,154.74511111111107,152.84494444444442,155.45
22638,2021-08-26 19:45:00,2021-08-26 20:00:00,129.0,143.20511111111102,150.71705555555548,146.19545454545454
22639,2021-08-26 20:00:00,2021-08-26 20:15:00,116.0,120.18061111111116,122.03344444444454,124.72272727272727
22640,2021-08-26 20:15:00,2021-08-26 20:30:00,115.0,122.58211111111113,124.51255555555556,122.96818181818182
22641,2021-08-26 20:30:00,2021-08-26 20:45:00,112.0,119.4556666666667,120.75977777777776,119.05
22642,2021-08-26 20:45:00,2021-08-26 21:00:00,121.0,114.21444444444442,115.34266666666666,113.24090909090908
22643,2021-08-26 21:00:00,2021-08-26 21:15:00,122.0,120.07144444444445,120.82183333333332,121.05
22644,2021-08-26 21:15:00,2021-08-26 21:30:00,127.0,125.12577777777781,125.91083333333331,121.19090909090909
22645,2021-08-26 21:30:00,2021-08-26 21:45:00,128.0,126.04883333333332,127.2665,124.50454545454545
22646,2021-08-26 21:45:00,2021-08-26 22:00:00,121.0,122.3960555555556,123.09233333333333,122.06818181818181
22647,2021-08-26 22:00:00,2021-08-26 22:15:00,113.0,103.49072222222222,105.99511111111111,108.21363636363637
22648,2021-08-26 22:15:00,2021-08-26 22:30:00,116.0,110.50833333333338,110.96994444444441,114.65
22649,2021-08-26 22:30:00,2021-08-26 22:45:00,106.0,117.24055555555557,117.02572222222223,117.82272727272728
22650,2021-08-26 22:45:00,2021-08-26 23:00:00,109.0,110.57361111111112,109.72433333333335,109.72727272727273
22651,2021-08-26 23:00:00,2021-08-26 23:15:00,104.0,109.12494444444447,106.4056111111111,110.75909090909092
22652,2021-08-26 23:15:00,2021-08-26 23:30:00,112.0,109.01155555555557,109.23661111111113,107.46818181818182
22653,2021-08-26 23:30:00,2021-08-26 23:45:00,113.0,106.41526984126986,108.67372222222221,105.20454545454545
22654,2021-08-26 23:45:00,2021-08-27 00:00:00,89.0,93.8935,95.54016666666666,98.56363636363636
22655,2021-08-27 00:00:00,2021-08-27 00:15:00,77.0,74.17166666666662,74.89122222222221,75.24545454545455
22656,2021-08-27 00:15:00,2021-08-27 00:30:00,72.0,70.86016666666671,74.89238888888889,70.2909090909091
22657,2021-08-27 00:30:00,2021-08-27 00:45:00,70.0,69.27138888888891,70.09261111111113,70.64545454545454
22658,2021-08-27 00:45:00,2021-08-27 01:00:00,67.0,68.15561111111113,67.97649999999999,69.79545454545455
22659,2021-08-27 01:00:00,2021-08-27 01:15:00,90.0,94.53133333333334,93.9775555555555,94.35909090909091
22660,2021-08-27 01:15:00,2021-08-27 01:30:00,102.0,102.23966666666676,101.43155555555563,103.7
22661,2021-08-27 01:30:00,2021-08-27 01:45:00,111.0,110.3468174603175,110.16433333333335,108.63636363636364
22662,2021-08-27 01:45:00,2021-08-27 02:00:00,106.0,112.42066666666666,111.9373650793651,109.94090909090909
22663,2021-08-27 02:00:00,2021-08-27 02:15:00,107.0,107.67877777777781,106.00377777777783,103.28181818181818
22664,2021-08-27 02:15:00,2021-08-27 02:30:00,115.0,105.0701666666667,108.8885555555556,108.03636363636363
22665,2021-08-27 02:30:00,2021-08-27 02:45:00,112.0,115.88266666666668,124.91477777777776,113.08181818181818
22666,2021-08-27 02:45:00,2021-08-27 03:00:00,111.0,108.26384920634919,110.88866666666668,110.9590909090909
22667,2021-08-27 03:00:00,2021-08-27 03:15:00,92.0,95.87500000000004,101.20433333333334,92.32727272727273
22668,2021-08-27 03:15:00,2021-08-27 03:30:00,98.0,107.07577777777784,104.35911111111115,105.5409090909091
22669,2021-08-27 03:30:00,2021-08-27 03:45:00,105.0,105.41783333333336,106.47583333333336,103.05
22670,2021-08-27 03:45:00,2021-08-27 04:00:00,114.0,107.57883333333332,107.007373015873,104.73636363636363
22671,2021-08-27 04:00:00,2021-08-27 04:15:00,107.0,109.23805555555555,109.97038888888889,111.78181818181818
22672,2021-08-27 04:15:00,2021-08-27 04:30:00,111.0,104.90005555555553,105.17694444444446,107.64545454545454
22673,2021-08-27 04:30:00,2021-08-27 04:45:00,112.0,109.55067460317458,109.66874603174602,108.8
22674,2021-08-27 04:45:00,2021-08-27 05:00:00,100.0,107.60683333333334,107.05641269841267,106.63181818181818
22675,2021-08-27 05:00:00,2021-08-27 05:15:00,77.0,82.14522222222226,83.8271111111111,82.10454545454546
22676,2021-08-27 05:15:00,2021-08-27 05:30:00,74.0,73.14655555555551,73.53422222222221,72.94090909090909
22677,2021-08-27 05:30:00,2021-08-27 05:45:00,87.0,97.9123888888888,97.1049444444444,97.79545454545455
22678,2021-08-27 05:45:00,2021-08-27 06:00:00,104.0,96.14722222222227,95.3048333333333,97.80454545454545
22679,2021-08-27 06:00:00,2021-08-27 06:15:00,101.0,110.327,110.23222222222222,105.71818181818182
22680,2021-08-27 06:15:00,2021-08-27 06:30:00,99.0,103.05323015873016,102.78466666666665,103.6590909090909
22681,2021-08-27 06:30:00,2021-08-27 06:45:00,99.0,102.70504761904763,101.93244444444439,102.36363636363636
22682,2021-08-27 06:45:00,2021-08-27 07:00:00,103.0,99.09722222222217,99.0916111111111,102.1
22683,2021-08-27 07:00:00,2021-08-27 07:15:00,106.0,101.83107142857142,101.4668888888889,103.32727272727273
22684,2021-08-27 07:15:00,2021-08-27 07:30:00,123.0,112.90783333333333,114.32633333333337,112.9590909090909
22685,2021-08-27 07:30:00,2021-08-27 07:45:00,135.0,145.2502063492063,138.10838888888887,144.99545454545455
22686,2021-08-27 07:45:00,2021-08-27 08:00:00,135.0,138.26911111111107,140.63622222222216,139.6
22687,2021-08-27 08:00:00,2021-08-27 08:15:00,166.0,151.25484920634918,148.44127777777769,151.01363636363635
22688,2021-08-27 08:15:00,2021-08-27 08:30:00,183.0,169.01555555555558,171.59016666666656,168.4909090909091
22689,2021-08-27 08:30:00,2021-08-27 08:45:00,190.0,177.2951666666667,177.19672222222226,178.6909090909091
22690,2021-08-27 08:45:00,2021-08-27 09:00:00,185.0,190.95033333333328,190.95711111111112,190.53636363636363
22691,2021-08-27 09:00:00,2021-08-27 09:15:00,179.0,173.77316666666664,174.82427777777767,175.65
22692,2021-08-27 09:15:00,2021-08-27 09:30:00,185.0,171.59433333333334,172.43805555555554,175.65
22693,2021-08-27 09:30:00,2021-08-27 09:45:00,169.0,178.09277777777777,178.3718333333333,179.6909090909091
22694,2021-08-27 09:45:00,2021-08-27 10:00:00,170.0,172.5503888888889,171.8561666666666,173.43636363636364
22695,2021-08-27 10:00:00,2021-08-27 10:15:00,147.0,140.0147222222221,139.17622222222218,150.48181818181817
22696,2021-08-27 10:15:00,2021-08-27 10:30:00,176.0,172.149,173.65088888888891,169.4090909090909
22697,2021-08-27 10:30:00,2021-08-27 10:45:00,177.0,175.03355555555564,174.86155555555558,176.47272727272727
22698,2021-08-27 10:45:00,2021-08-27 11:00:00,176.0,173.31383333333332,173.8171111111112,176.88636363636363
22699,2021-08-27 11:00:00,2021-08-27 11:15:00,179.0,174.51472222222222,171.2455555555555,174.1909090909091
22700,2021-08-27 11:15:00,2021-08-27 11:30:00,182.0,176.80722222222218,174.83438888888887,176.85
22701,2021-08-27 11:30:00,2021-08-27 11:45:00,169.0,179.06538888888886,180.11961111111103,178.3272727272727
22702,2021-08-27 11:45:00,2021-08-27 12:00:00,168.0,170.79200000000003,170.02077777777774,173.90454545454546
22703,2021-08-27 12:00:00,2021-08-27 12:15:00,112.0,115.57577777777774,119.31011111111106,112.25454545454545
22704,2021-08-27 12:15:00,2021-08-27 12:30:00,95.0,96.32133333333336,97.3315,93.22727272727273
22705,2021-08-27 12:30:00,2021-08-27 12:45:00,93.0,93.57749999999997,93.66855555555553,94.25
22706,2021-08-27 12:45:00,2021-08-27 13:00:00,125.0,121.18577777777774,121.84983333333335,124.48636363636363
22707,2021-08-27 13:00:00,2021-08-27 13:15:00,179.0,167.36749999999998,166.23133333333325,157.84545454545454
22708,2021-08-27 13:15:00,2021-08-27 13:30:00,176.0,179.24144444444448,179.19711111111107,182.46363636363637
22709,2021-08-27 13:30:00,2021-08-27 13:45:00,169.0,173.30616666666663,174.63522222222218,174.03181818181818
22710,2021-08-27 13:45:00,2021-08-27 14:00:00,167.0,168.19688888888888,168.77027777777775,172.9409090909091
22711,2021-08-27 14:00:00,2021-08-27 14:15:00,169.0,166.1486111111111,167.51644444444446,169.93636363636364
22712,2021-08-27 14:15:00,2021-08-27 14:30:00,168.0,165.42205555555554,166.13122222222228,166.88181818181818
22713,2021-08-27 14:30:00,2021-08-27 14:45:00,163.0,165.00594444444448,164.96844444444446,168.6409090909091
22714,2021-08-27 14:45:00,2021-08-27 15:00:00,161.0,163.7163846153847,163.78161111111115,165.87727272727273
22715,2021-08-27 15:00:00,2021-08-27 15:15:00,137.0,127.34261111111114,127.80494444444446,146.6909090909091
22716,2021-08-27 15:15:00,2021-08-27 15:30:00,175.0,165.26172222222215,162.81377777777777,164.9227272727273
22717,2021-08-27 15:30:00,2021-08-27 15:45:00,173.0,173.0979920634921,173.05816666666672,174.60454545454544
22718,2021-08-27 15:45:00,2021-08-27 16:00:00,161.0,164.7198888888888,165.75416666666675,168.13636363636363
22719,2021-08-27 16:00:00,2021-08-27 16:15:00,158.0,157.64177777777783,154.77455555555557,157.38636363636363
22720,2021-08-27 16:15:00,2021-08-27 16:30:00,150.0,161.87006349206348,161.43422222222225,159.84545454545454
22721,2021-08-27 16:30:00,2021-08-27 16:45:00,156.0,155.9469999999999,157.24477777777778,159.0090909090909
22722,2021-08-27 16:45:00,2021-08-27 17:00:00,161.0,157.26233333333332,156.24061111111112,154.0090909090909
22723,2021-08-27 17:00:00,2021-08-27 17:15:00,127.0,116.80616666666661,118.3761111111111,117.77727272727273
22724,2021-08-27 17:15:00,2021-08-27 17:30:00,116.0,114.27600000000001,116.41227777777777,114.48181818181818
22725,2021-08-27 17:30:00,2021-08-27 17:45:00,161.0,147.6775,144.22577777777772,143.14545454545456
22726,2021-08-27 17:45:00,2021-08-27 18:00:00,163.0,159.4267222222222,159.1617222222222,165.22727272727272
22727,2021-08-27 18:00:00,2021-08-27 18:15:00,157.0,154.80755555555558,154.80405555555555,155.51818181818183
22728,2021-08-27 18:15:00,2021-08-27 18:30:00,142.0,154.22933333333336,154.35483333333335,155.45454545454547
22729,2021-08-27 18:30:00,2021-08-27 18:45:00,137.0,145.75100000000003,144.32477777777777,149.28636363636363
22730,2021-08-27 18:45:00,2021-08-27 19:00:00,136.0,141.48894444444448,140.59116666666668,143.94545454545454
22731,2021-08-27 19:00:00,2021-08-27 19:15:00,138.0,132.7502777777778,131.75811111111108,134.36363636363637
22732,2021-08-27 19:15:00,2021-08-27 19:30:00,135.0,138.5618888888888,137.52155555555552,135.77272727272728
22733,2021-08-27 19:30:00,2021-08-27 19:45:00,127.0,132.63527777777776,128.73550000000003,131.26818181818183
22734,2021-08-27 19:45:00,2021-08-27 20:00:00,109.0,119.03294444444444,120.26183333333337,119.47272727272727
22735,2021-08-27 20:00:00,2021-08-27 20:15:00,104.0,103.34105555555556,104.85683333333331,106.27272727272727
22736,2021-08-27 20:15:00,2021-08-27 20:30:00,111.0,112.0346666666667,111.78305555555555,111.65454545454546
22737,2021-08-27 20:30:00,2021-08-27 20:45:00,108.0,112.41833333333328,113.04277777777779,114.29545454545455
22738,2021-08-27 20:45:00,2021-08-27 21:00:00,109.0,111.26588888888892,111.65444444444442,111.45
22739,2021-08-27 21:00:00,2021-08-27 21:15:00,104.0,106.18727777777778,107.33355555555558,109.15
22740,2021-08-27 21:15:00,2021-08-27 21:30:00,115.0,109.00694444444449,108.24216666666666,108.80454545454545
22741,2021-08-27 21:30:00,2021-08-27 21:45:00,111.0,112.91838888888887,112.56772222222217,112.44090909090909
22742,2021-08-27 21:45:00,2021-08-27 22:00:00,97.0,111.31561111111117,109.0428888888889,111.0409090909091
22743,2021-08-27 22:00:00,2021-08-27 22:15:00,79.0,94.84311111111107,91.79738888888886,95.98636363636363
22744,2021-08-27 22:15:00,2021-08-27 22:30:00,94.0,98.7115,93.52366666666668,105.07727272727273
22745,2021-08-27 22:30:00,2021-08-27 22:45:00,105.0,103.21456349206346,101.62155555555555,105.65454545454546
22746,2021-08-27 22:45:00,2021-08-27 23:00:00,105.0,105.73192857142858,106.8698333333333,106.37272727272727
22747,2021-08-27 23:00:00,2021-08-27 23:15:00,105.0,104.64385714285714,103.14261111111114,106.14545454545454
22748,2021-08-27 23:15:00,2021-08-27 23:30:00,109.0,102.71922222222226,101.44899999999998,104.58181818181818
22749,2021-08-27 23:30:00,2021-08-27 23:45:00,113.0,103.50455555555556,103.99072222222222,106.89545454545454
22750,2021-08-27 23:45:00,2021-08-28 00:00:00,82.0,96.37866666666667,99.80616666666666,89.38636363636364
22751,2021-08-28 00:00:00,2021-08-28 00:15:00,75.0,65.4871111111111,64.80155555555554,70.75
22752,2021-08-28 00:15:00,2021-08-28 00:30:00,73.0,67.56549999999999,69.21194444444446,68.05454545454545
22753,2021-08-28 00:30:00,2021-08-28 00:45:00,71.0,68.62026984126983,69.71511111111113,70.55
22754,2021-08-28 00:45:00,2021-08-28 01:00:00,69.0,68.8288888888889,68.82727777777775,69.60454545454546
22755,2021-08-28 01:00:00,2021-08-28 01:15:00,91.0,95.44311111111108,95.13394444444442,95.50909090909092
22756,2021-08-28 01:15:00,2021-08-28 01:30:00,108.0,102.55050793650793,101.73022222222222,102.49545454545455
22757,2021-08-28 01:30:00,2021-08-28 01:45:00,111.0,111.6479523809524,110.57744444444445,109.77272727272727
22758,2021-08-28 01:45:00,2021-08-28 02:00:00,107.0,111.24419047619044,110.50350000000003,109.45
22759,2021-08-28 02:00:00,2021-08-28 02:15:00,111.0,105.25838888888887,104.51961111111115,103.39090909090909
22760,2021-08-28 02:15:00,2021-08-28 02:30:00,119.0,109.32188888888889,109.24616666666668,110.64545454545454
22761,2021-08-28 02:30:00,2021-08-28 02:45:00,110.0,116.48083333333331,118.2616111111111,117.2909090909091
22762,2021-08-28 02:45:00,2021-08-28 03:00:00,102.0,107.65555555555557,107.85127777777774,108.70454545454545
22763,2021-08-28 03:00:00,2021-08-28 03:15:00,100.0,96.08694444444441,94.82766666666667,88.33636363636364
22764,2021-08-28 03:15:00,2021-08-28 03:30:00,109.0,108.02055555555553,107.83083333333333,100.75
22765,2021-08-28 03:30:00,2021-08-28 03:45:00,97.0,109.24866666666668,109.90192063492063,106.16363636363636
22766,2021-08-28 03:45:00,2021-08-28 04:00:00,103.0,101.43816666666667,101.70755555555556,101.73636363636363
22767,2021-08-28 04:00:00,2021-08-28 04:15:00,105.0,101.4234444444444,100.28983333333333,102.45
22768,2021-08-28 04:15:00,2021-08-28 04:30:00,107.0,107.27549999999998,106.85533333333335,105.69090909090909
22769,2021-08-28 04:30:00,2021-08-28 04:45:00,105.0,107.4548174603175,107.9426767676768,105.21818181818182
22770,2021-08-28 04:45:00,2021-08-28 05:00:00,93.0,101.75388095238094,103.2741212121212,101.68181818181819
22771,2021-08-28 05:00:00,2021-08-28 05:15:00,73.0,80.28483333333331,82.73799999999999,79.33181818181818
22772,2021-08-28 05:15:00,2021-08-28 05:30:00,74.0,72.35288888888891,72.89344444444441,66.51363636363637
22773,2021-08-28 05:30:00,2021-08-28 05:45:00,93.0,94.73966666666666,93.49116666666666,94.23181818181818
22774,2021-08-28 05:45:00,2021-08-28 06:00:00,107.0,100.03528571428572,100.72177777777776,103.76818181818182
22775,2021-08-28 06:00:00,2021-08-28 06:15:00,103.0,111.01109523809522,111.28022222222226,107.75909090909092
22776,2021-08-28 06:15:00,2021-08-28 06:30:00,101.0,100.36998412698408,100.02161111111111,101.05909090909091
22777,2021-08-28 06:30:00,2021-08-28 06:45:00,93.0,102.11488888888893,101.38316666666665,101.5
22778,2021-08-28 06:45:00,2021-08-28 07:00:00,95.0,88.03467460317457,88.30833333333332,90.5409090909091
22779,2021-08-28 07:00:00,2021-08-28 07:15:00,94.0,90.73455555555554,91.65849999999996,93.87272727272727
22780,2021-08-28 07:15:00,2021-08-28 07:30:00,86.0,93.24891269841271,89.69294444444448,89.26363636363637
22781,2021-08-28 07:30:00,2021-08-28 07:45:00,48.0,65.15271428571432,69.36605555555558,71.02727272727273
22782,2021-08-28 07:45:00,2021-08-28 08:00:00,37.0,32.0288888888889,32.20433333333335,30.495454545454546
22783,2021-08-28 08:00:00,2021-08-28 08:15:00,35.0,29.95272222222222,30.564555555555575,30.327272727272728
22784,2021-08-28 08:15:00,2021-08-28 08:30:00,35.0,33.649166666666666,34.629944444444455,39.49545454545454
22785,2021-08-28 08:30:00,2021-08-28 08:45:00,35.0,39.053777777777775,38.85122222222223,48.96818181818182
22786,2021-08-28 08:45:00,2021-08-28 09:00:00,36.0,42.073055555555555,42.607666666666695,54.46363636363636
22787,2021-08-28 09:00:00,2021-08-28 09:15:00,36.0,45.781611111111104,46.33272222222225,53.7
22788,2021-08-28 09:15:00,2021-08-28 09:30:00,36.0,45.50088888888888,46.6300555555556,52.05909090909091
22789,2021-08-28 09:30:00,2021-08-28 09:45:00,36.0,46.64138888888889,48.409000000000034,51.4
22790,2021-08-28 09:45:00,2021-08-28 10:00:00,36.0,47.23388888888891,49.09494444444448,52.54090909090909
22791,2021-08-28 10:00:00,2021-08-28 10:15:00,37.0,46.644722222222235,49.06150000000004,49.027272727272724
22792,2021-08-28 10:15:00,2021-08-28 10:30:00,36.0,49.69977777777779,49.9580555555556,52.39090909090909
22793,2021-08-28 10:30:00,2021-08-28 10:45:00,41.0,47.734388888888894,48.531944444444484,51.53636363636364
22794,2021-08-28 10:45:00,2021-08-28 11:00:00,39.0,54.998027777777814,56.85477777777782,61.05909090909091
22795,2021-08-28 11:00:00,2021-08-28 11:15:00,36.0,52.494055555555576,54.41472222222226,55.154545454545456
22796,2021-08-28 11:15:00,2021-08-28 11:30:00,36.0,46.77810317460318,49.12211111111114,48.50454545454546
22797,2021-08-28 11:30:00,2021-08-28 11:45:00,39.0,49.299000000000014,50.21233333333336,49.85909090909091
22798,2021-08-28 11:45:00,2021-08-28 12:00:00,37.0,54.26044444444449,57.227777777777824,56.13181818181818
22799,2021-08-28 12:00:00,2021-08-28 12:15:00,38.0,51.78588888888891,53.9642777777778,51.77272727272727
22800,2021-08-28 12:15:00,2021-08-28 12:30:00,38.0,53.78276984126989,54.502277777777806,53.85454545454545
22801,2021-08-28 12:30:00,2021-08-28 12:45:00,38.0,54.14255555555558,54.306833333333365,53.39090909090909
22802,2021-08-28 12:45:00,2021-08-28 13:00:00,38.0,54.5976666666667,55.096944444444475,55.88636363636363
22803,2021-08-28 13:00:00,2021-08-28 13:15:00,38.0,54.99594444444448,55.624222222222244,54.14090909090909
22804,2021-08-28 13:15:00,2021-08-28 13:30:00,37.0,53.76076984126987,53.13850000000002,53.36363636363637
22805,2021-08-28 13:30:00,2021-08-28 13:45:00,37.0,52.68983333333337,51.66733333333336,51.29545454545455
22806,2021-08-28 13:45:00,2021-08-28 14:00:00,41.0,52.908611111111156,53.14816666666669,53.086363636363636
22807,2021-08-28 14:00:00,2021-08-28 14:15:00,41.0,60.290166666666686,60.80944444444445,57.481818181818184
22808,2021-08-28 14:15:00,2021-08-28 14:30:00,37.0,56.76388095238098,55.70544444444446,55.88181818181818
22809,2021-08-28 14:30:00,2021-08-28 14:45:00,37.0,52.70288888888892,51.80666666666667,50.5
22810,2021-08-28 14:45:00,2021-08-28 15:00:00,37.0,52.83488888888892,53.82794444444446,52.554545454545455
22811,2021-08-28 15:00:00,2021-08-28 15:15:00,37.0,53.86222222222225,53.478722222222245,49.21818181818182
22812,2021-08-28 15:15:00,2021-08-28 15:30:00,37.0,51.203380952380975,51.066944444444474,52.28636363636364
22813,2021-08-28 15:30:00,2021-08-28 15:45:00,38.0,51.9986666666667,51.769222222222254,53.13636363636363
22814,2021-08-28 15:45:00,2021-08-28 16:00:00,38.0,54.84150000000005,55.26905555555558,56.82727272727273
22815,2021-08-28 16:00:00,2021-08-28 16:15:00,38.0,55.570277777777825,55.69588888888892,53.777272727272724
22816,2021-08-28 16:15:00,2021-08-28 16:30:00,47.0,53.57554761904765,53.01533333333335,52.70454545454545
22817,2021-08-28 16:30:00,2021-08-28 16:45:00,52.0,67.64738095238096,67.41827777777775,63.80909090909091
22818,2021-08-28 16:45:00,2021-08-28 17:00:00,46.0,71.6356111111111,75.49616666666664,73.73181818181818
22819,2021-08-28 17:00:00,2021-08-28 17:15:00,47.0,64.89460317460318,66.10977777777775,64.01818181818182
22820,2021-08-28 17:15:00,2021-08-28 17:30:00,41.0,63.169595238095255,62.64722222222219,65.45
22821,2021-08-28 17:30:00,2021-08-28 17:45:00,0.0,54.26750000000003,56.05827777777779,55.84090909090909
22822,2021-08-28 17:45:00,2021-08-28 18:00:00,0.0,25.843246031746023,25.638166666666663,25.331818181818182
22823,2021-08-28 18:00:00,2021-08-28 18:15:00,0.0,23.925222222222228,23.5385,22.35
22824,2021-08-28 18:15:00,2021-08-28 18:30:00,0.0,23.451357142857148,22.344777777777782,22.34090909090909
22825,2021-08-28 18:30:00,2021-08-28 18:45:00,0.0,20.37449999999999,19.80111111111111,20.35909090909091
22826,2021-08-28 18:45:00,2021-08-28 19:00:00,0.0,20.925801587301578,20.104277777777764,19.9
22827,2021-08-28 19:00:00,2021-08-28 19:15:00,0.0,20.812277777777776,20.17044444444443,19.79090909090909
22828,2021-08-28 19:15:00,2021-08-28 19:30:00,0.0,20.4225238095238,19.936277777777768,19.813636363636363
22829,2021-08-28 19:30:00,2021-08-28 19:45:00,0.0,20.66255555555553,20.374499999999976,20.363636363636363
22830,2021-08-28 19:45:00,2021-08-28 20:00:00,0.0,19.865357142857135,20.00105555555554,20.0
22831,2021-08-28 20:00:00,2021-08-28 20:15:00,0.0,19.96849999999999,20.003944444444425,19.936363636363637
22832,2021-08-28 20:15:00,2021-08-28 20:30:00,0.0,19.6890238095238,19.76649999999999,19.89090909090909
22833,2021-08-28 20:30:00,2021-08-28 20:45:00,0.0,20.298666666666637,20.231999999999978,20.413636363636364
22834,2021-08-28 20:45:00,2021-08-28 21:00:00,0.0,19.857634920634908,20.01905555555554,19.87272727272727
22835,2021-08-28 21:00:00,2021-08-28 21:15:00,0.0,19.976333333333326,20.28466666666665,19.95
22836,2021-08-28 21:15:00,2021-08-28 21:30:00,0.0,19.66541269841269,19.774833333333323,19.881818181818183
22837,2021-08-28 21:30:00,2021-08-28 21:45:00,0.0,20.195222222222192,20.218555555555533,20.45909090909091
22838,2021-08-28 21:45:00,2021-08-28 22:00:00,0.0,19.78191269841268,20.03838888888887,19.895454545454545
22839,2021-08-28 22:00:00,2021-08-28 22:15:00,0.0,19.898055555555548,20.039722222222206,19.9
22840,2021-08-28 22:15:00,2021-08-28 22:30:00,0.0,19.535634920634912,19.72738888888888,19.89090909090909
22841,2021-08-28 22:30:00,2021-08-28 22:45:00,0.0,20.250111111111085,20.257111111111083,20.45909090909091
22842,2021-08-28 22:45:00,2021-08-28 23:00:00,0.0,19.777246031746017,20.035055555555537,19.85909090909091
22843,2021-08-28 23:00:00,2021-08-28 23:15:00,0.0,19.923277777777777,20.04216666666665,19.85
22844,2021-08-28 23:15:00,2021-08-28 23:30:00,0.0,19.589357142857136,19.775388888888877,19.804545454545455
22845,2021-08-28 23:30:00,2021-08-28 23:45:00,0.0,20.278444444444418,20.286888888888864,20.327272727272728
22846,2021-08-28 23:45:00,2021-08-29 00:00:00,0.0,19.761833333333318,20.07516666666665,19.40909090909091
22847,2021-08-29 00:00:00,2021-08-29 00:15:00,0.0,19.881666666666664,20.16077777777776,19.44090909090909
22848,2021-08-29 00:15:00,2021-08-29 00:30:00,0.0,19.444833333333325,19.53627777777777,19.395454545454545
22849,2021-08-29 00:30:00,2021-08-29 00:45:00,0.0,20.24494444444442,20.212333333333312,20.145454545454545
22850,2021-08-29 00:45:00,2021-08-29 01:00:00,0.0,19.629222222222207,19.967999999999982,19.436363636363637
22851,2021-08-29 01:00:00,2021-08-29 01:15:00,0.0,19.771111111111107,20.025388888888873,19.513636363636362
22852,2021-08-29 01:15:00,2021-08-29 01:30:00,0.0,19.43649999999999,19.54877777777777,19.46818181818182
22853,2021-08-29 01:30:00,2021-08-29 01:45:00,0.0,20.22144444444442,20.212999999999976,20.213636363636365
22854,2021-08-29 01:45:00,2021-08-29 02:00:00,0.0,19.631944444444436,19.96988888888887,19.51818181818182
22855,2021-08-29 02:00:00,2021-08-29 02:15:00,0.0,19.77327777777778,19.97633333333332,19.59090909090909
22856,2021-08-29 02:15:00,2021-08-29 02:30:00,0.0,19.430722222222215,19.55627777777777,19.513636363636362
22857,2021-08-29 02:30:00,2021-08-29 02:45:00,0.0,20.225333333333307,20.23733333333331,20.213636363636365
22858,2021-08-29 02:45:00,2021-08-29 03:00:00,0.0,19.619555555555543,19.980999999999984,19.5
22859,2021-08-29 03:00:00,2021-08-29 03:15:00,0.0,19.720777777777776,19.987555555555538,19.545454545454547
22860,2021-08-29 03:15:00,2021-08-29 03:30:00,0.0,19.42516666666666,19.55627777777777,19.509090909090908
22861,2021-08-29 03:30:00,2021-08-29 03:45:00,0.0,20.24066666666664,20.23233333333331,20.186363636363637
22862,2021-08-29 03:45:00,2021-08-29 04:00:00,0.0,19.604611111111097,19.97688888888887,19.5
22863,2021-08-29 04:00:00,2021-08-29 04:15:00,0.0,19.718,19.987555555555538,19.490909090909092
22864,2021-08-29 04:15:00,2021-08-29 04:30:00,0.0,19.440722222222213,19.5516111111111,19.436363636363637
22865,2021-08-29 04:30:00,2021-08-29 04:45:00,0.0,20.237222222222197,20.19933333333331,20.154545454545456
22866,2021-08-29 04:45:00,2021-08-29 05:00:00,0.0,19.626777777777765,19.961888888888872,19.404545454545456
22867,2021-08-29 05:00:00,2021-08-29 05:15:00,0.0,19.72433333333333,19.970611111111097,19.422727272727272
22868,2021-08-29 05:15:00,2021-08-29 05:30:00,0.0,19.446888888888875,19.5346111111111,19.39090909090909
22869,2021-08-29 05:30:00,2021-08-29 05:45:00,0.0,20.26777777777775,20.213999999999977,20.263636363636362
22870,2021-08-29 05:45:00,2021-08-29 06:00:00,0.0,19.59705555555554,19.977444444444426,19.509090909090908
22871,2021-08-29 06:00:00,2021-08-29 06:15:00,0.0,19.728999999999996,19.987555555555538,19.44090909090909
22872,2021-08-29 06:15:00,2021-08-29 06:30:00,0.0,19.44338888888888,19.5516111111111,19.37727272727273
22873,2021-08-29 06:30:00,2021-08-29 06:45:00,0.0,20.223333333333304,20.193222222222197,20.20909090909091
22874,2021-08-29 06:45:00,2021-08-29 07:00:00,0.0,19.601722222222207,19.957499999999982,19.35909090909091
22875,2021-08-29 07:00:00,2021-08-29 07:15:00,0.0,19.718611111111105,19.968388888888875,19.39090909090909
22876,2021-08-29 07:15:00,2021-08-29 07:30:00,0.0,19.3846111111111,19.54072222222221,19.318181818181817
22877,2021-08-29 07:30:00,2021-08-29 07:45:00,0.0,20.236055555555524,20.214555555555535,20.3
22878,2021-08-29 07:45:00,2021-08-29 08:00:00,0.0,19.60711111111109,19.94816666666665,19.386363636363637
22879,2021-08-29 08:00:00,2021-08-29 08:15:00,0.0,19.720555555555546,19.96005555555554,19.44090909090909
22880,2021-08-29 08:15:00,2021-08-29 08:30:00,0.0,19.4221111111111,19.523888888888877,19.413636363636364
22881,2021-08-29 08:30:00,2021-08-29 08:45:00,0.0,20.243888888888858,20.195499999999978,20.345454545454544
22882,2021-08-29 08:45:00,2021-08-29 09:00:00,0.0,19.609333333333314,19.94594444444443,19.368181818181817
22883,2021-08-29 09:00:00,2021-08-29 09:15:00,0.0,19.713444444444438,19.954111111111096,19.554545454545455
22884,2021-08-29 09:15:00,2021-08-29 09:30:00,0.0,19.406777777777766,19.52277777777777,19.45909090909091
22885,2021-08-29 09:30:00,2021-08-29 09:45:00,0.0,20.211666666666638,20.194388888888867,20.327272727272728
22886,2021-08-29 09:45:00,2021-08-29 10:00:00,0.0,19.592888888888876,19.951499999999985,19.368181818181817
22887,2021-08-29 10:00:00,2021-08-29 10:15:00,0.0,19.708777777777772,19.952999999999985,19.504545454545454
22888,2021-08-29 10:15:00,2021-08-29 10:30:00,0.0,19.404333333333327,19.5211111111111,19.418181818181818
22889,2021-08-29 10:30:00,2021-08-29 10:45:00,0.0,20.210333333333303,20.194388888888867,20.313636363636363
22890,2021-08-29 10:45:00,2021-08-29 11:00:00,0.0,19.59933333333332,19.952611111111093,19.395454545454545
22891,2021-08-29 11:00:00,2021-08-29 11:15:00,0.0,19.710777777777768,19.954444444444427,19.5
22892,2021-08-29 11:15:00,2021-08-29 11:30:00,0.0,19.405444444444434,19.520555555555543,19.413636363636364
22893,2021-08-29 11:30:00,2021-08-29 11:45:00,41.0,20.21588888888886,20.196277777777755,20.318181818181817
22894,2021-08-29 11:45:00,2021-08-29 12:00:00,25.0,79.54476984126983,78.78377777777774,63.472727272727276
22895,2021-08-29 12:00:00,2021-08-29 12:15:00,23.0,45.39460317460318,44.273333333333355,30.90909090909091
22896,2021-08-29 12:15:00,2021-08-29 12:30:00,23.0,39.81938095238095,37.44950000000002,26.95909090909091
22897,2021-08-29 12:30:00,2021-08-29 12:45:00,21.0,41.451285714285724,38.49988888888891,22.818181818181817
22898,2021-08-29 12:45:00,2021-08-29 13:00:00,19.0,29.06798412698412,30.22638888888889,21.35909090909091
22899,2021-08-29 13:00:00,2021-08-29 13:15:00,19.0,27.60120634920635,29.099277777777782,19.62727272727273
22900,2021-08-29 13:15:00,2021-08-29 13:30:00,19.0,26.97481746031746,27.236944444444443,19.44090909090909
22901,2021-08-29 13:30:00,2021-08-29 13:45:00,19.0,27.06420634920635,27.567,19.813636363636363
22902,2021-08-29 13:45:00,2021-08-29 14:00:00,19.0,24.19216666666667,23.63594444444444,19.30909090909091
22903,2021-08-29 14:00:00,2021-08-29 14:15:00,21.0,24.19327777777778,24.507055555555542,19.35909090909091
22904,2021-08-29 14:15:00,2021-08-29 14:30:00,22.0,26.330055555555557,26.16805555555555,22.12727272727273
22905,2021-08-29 14:30:00,2021-08-29 14:45:00,22.0,28.103507936507945,28.119666666666664,24.081818181818182
22906,2021-08-29 14:45:00,2021-08-29 15:00:00,21.0,28.074611111111103,28.515354030501086,23.145454545454545
22907,2021-08-29 15:00:00,2021-08-29 15:15:00,21.0,26.268944444444443,26.929777777777765,21.62727272727273
22908,2021-08-29 15:15:00,2021-08-29 15:30:00,21.0,26.246777777777787,25.680444444444447,21.736363636363638
22909,2021-08-29 15:30:00,2021-08-29 15:45:00,21.0,25.612444444444456,25.44955555555555,21.37727272727273
22910,2021-08-29 15:45:00,2021-08-29 16:00:00,21.0,21.54477777777777,21.859888888888886,21.418181818181818
22911,2021-08-29 16:00:00,2021-08-29 16:15:00,21.0,22.047111111111104,22.31466666666665,21.34090909090909
22912,2021-08-29 16:15:00,2021-08-29 16:30:00,21.0,22.583126984126974,22.55555555555555,21.536363636363635
22913,2021-08-29 16:30:00,2021-08-29 16:45:00,21.0,21.389333333333337,21.28294444444445,21.15909090909091
22914,2021-08-29 16:45:00,2021-08-29 17:00:00,23.0,21.176277777777774,21.273833333333332,21.245454545454546
22915,2021-08-29 17:00:00,2021-08-29 17:15:00,26.0,25.14950000000001,25.195500000000003,24.831818181818182
22916,2021-08-29 17:15:00,2021-08-29 17:30:00,25.0,24.179277777777774,24.441722222222218,24.154545454545456
22917,2021-08-29 17:30:00,2021-08-29 17:45:00,26.0,21.4261111111111,22.547888888888885,22.14090909090909
22918,2021-08-29 17:45:00,2021-08-29 18:00:00,26.0,22.980746031746023,23.41438888888889,23.322727272727274
22919,2021-08-29 18:00:00,2021-08-29 18:15:00,25.0,24.130817460317456,25.151500000000002,23.431818181818183
22920,2021-08-29 18:15:00,2021-08-29 18:30:00,25.0,23.50088095238095,23.48316666666666,23.73181818181818
22921,2021-08-29 18:30:00,2021-08-29 18:45:00,24.0,24.024761904761903,23.205611111111107,24.204545454545453
22922,2021-08-29 18:45:00,2021-08-29 19:00:00,21.0,23.3688492063492,23.192777777777767,23.37272727272727
22923,2021-08-29 19:00:00,2021-08-29 19:15:00,20.0,21.143333333333338,21.15994444444445,21.0
22924,2021-08-29 19:15:00,2021-08-29 19:30:00,21.0,20.252833333333324,20.246,20.59090909090909
22925,2021-08-29 19:30:00,2021-08-29 19:45:00,21.0,21.11694444444445,21.08922222222222,21.068181818181817
22926,2021-08-29 19:45:00,2021-08-29 20:00:00,20.0,21.170277777777784,21.221555555555554,22.072727272727274
22927,2021-08-29 20:00:00,2021-08-29 20:15:00,20.0,20.609944444444462,20.586611111111104,20.9
22928,2021-08-29 20:15:00,2021-08-29 20:30:00,20.0,20.241777777777774,20.17994444444444,20.259090909090908
22929,2021-08-29 20:30:00,2021-08-29 20:45:00,20.0,20.29344444444445,20.265999999999995,20.2
22930,2021-08-29 20:45:00,2021-08-29 21:00:00,20.0,20.6988888888889,20.71372222222222,20.318181818181817
22931,2021-08-29 21:00:00,2021-08-29 21:15:00,20.0,21.44127777777776,21.61049999999999,21.295454545454547
22932,2021-08-29 21:15:00,2021-08-29 21:30:00,20.0,20.535888888888895,20.524888888888892,20.5
22933,2021-08-29 21:30:00,2021-08-29 21:45:00,20.0,20.463833333333334,20.504166666666666,20.40909090909091
22934,2021-08-29 21:45:00,2021-08-29 22:00:00,21.0,20.73022222222222,21.17022222222222,20.345454545454544
22935,2021-08-29 22:00:00,2021-08-29 22:15:00,20.0,22.180317460317447,22.143055555555545,21.604545454545455
22936,2021-08-29 22:15:00,2021-08-29 22:30:00,24.0,20.794000000000008,20.77094444444445,20.672727272727272
22937,2021-08-29 22:30:00,2021-08-29 22:45:00,23.0,25.207833333333337,24.759388888888896,24.695454545454545
22938,2021-08-29 22:45:00,2021-08-29 23:00:00,20.0,21.930999999999997,22.165277777777774,22.522727272727273
22939,2021-08-29 23:00:00,2021-08-29 23:15:00,19.0,20.425166666666666,20.26788888888889,20.363636363636363
22940,2021-08-29 23:15:00,2021-08-29 23:30:00,19.0,19.49055555555555,19.46188888888888,19.445454545454545
22941,2021-08-29 23:30:00,2021-08-29 23:45:00,21.0,19.63405555555556,19.396944444444433,19.75
22942,2021-08-29 23:45:00,2021-08-30 00:00:00,20.0,25.390222222222235,23.411888888888896,22.581818181818182
22943,2021-08-30 00:00:00,2021-08-30 00:15:00,20.0,20.571388888888894,20.299,21.35909090909091
22944,2021-08-30 00:15:00,2021-08-30 00:30:00,20.0,20.363666666666663,20.300500000000003,22.12727272727273
22945,2021-08-30 00:30:00,2021-08-30 00:45:00,20.0,20.204555555555558,20.144166666666667,20.927272727272726
22946,2021-08-30 00:45:00,2021-08-30 01:00:00,20.0,20.405722222222234,20.23177777777778,21.513636363636362
22947,2021-08-30 01:00:00,2021-08-30 01:15:00,20.0,21.864611111111124,22.189444444444455,21.881818181818183
22948,2021-08-30 01:15:00,2021-08-30 01:30:00,20.0,20.980888888888902,21.157777777777778,21.12272727272727
22949,2021-08-30 01:30:00,2021-08-30 01:45:00,20.0,20.523722222222236,20.533166666666666,20.477272727272727
22950,2021-08-30 01:45:00,2021-08-30 02:00:00,23.0,20.888777777777786,20.406555555555563,20.7
22951,2021-08-30 02:00:00,2021-08-30 02:15:00,24.0,25.203999999999994,24.555833333333325,25.154545454545456
22952,2021-08-30 02:15:00,2021-08-30 02:30:00,21.0,21.796111111111113,21.014833333333332,23.54090909090909
22953,2021-08-30 02:30:00,2021-08-30 02:45:00,20.0,21.15832539682539,21.198333333333338,21.21818181818182
22954,2021-08-30 02:45:00,2021-08-30 03:00:00,20.0,20.3465,20.273555555555557,20.654545454545456
22955,2021-08-30 03:00:00,2021-08-30 03:15:00,20.0,20.417111111111097,20.325722222222225,20.69090909090909
22956,2021-08-30 03:15:00,2021-08-30 03:30:00,21.0,20.370388888888886,20.199,21.063636363636363
22957,2021-08-30 03:30:00,2021-08-30 03:45:00,19.0,22.101111111111106,22.064777777777774,22.618181818181817
22958,2021-08-30 03:45:00,2021-08-30 04:00:00,19.0,20.52972222222226,20.49705555555559,20.845454545454544
22959,2021-08-30 04:00:00,2021-08-30 04:15:00,19.0,20.524833333333373,20.539222222222246,20.963636363636365
22960,2021-08-30 04:15:00,2021-08-30 04:30:00,19.0,20.351277777777806,20.353555555555584,20.927272727272726
22961,2021-08-30 04:30:00,2021-08-30 04:45:00,20.0,20.534055555555586,20.44661111111114,21.0
22962,2021-08-30 04:45:00,2021-08-30 05:00:00,20.0,21.77827777777778,21.152722222222224,21.37727272727273
22963,2021-08-30 05:00:00,2021-08-30 05:15:00,20.0,20.659388888888884,20.513888888888882,20.672727272727272
22964,2021-08-30 05:15:00,2021-08-30 05:30:00,19.0,21.067500000000013,21.185555555555567,20.53181818181818
22965,2021-08-30 05:30:00,2021-08-30 05:45:00,19.0,20.519222222222254,20.417111111111137,20.69090909090909
22966,2021-08-30 05:45:00,2021-08-30 06:00:00,20.0,20.37288888888892,20.383222222222255,20.87272727272727
22967,2021-08-30 06:00:00,2021-08-30 06:15:00,24.0,23.125944444444432,23.10833333333332,22.62727272727273
22968,2021-08-30 06:15:00,2021-08-30 06:30:00,21.0,25.21194444444445,24.43883333333332,24.29090909090909
22969,2021-08-30 06:30:00,2021-08-30 06:45:00,20.0,21.49666666666666,21.51833333333333,21.677272727272726
22970,2021-08-30 06:45:00,2021-08-30 07:00:00,19.0,20.363388888888885,20.297555555555554,20.945454545454545
22971,2021-08-30 07:00:00,2021-08-30 07:15:00,29.0,20.594611111111153,20.561111111111135,21.236363636363638
22972,2021-08-30 07:15:00,2021-08-30 07:30:00,38.0,41.72592857142859,41.15111111111112,37.99545454545454
22973,2021-08-30 07:30:00,2021-08-30 07:45:00,59.0,67.183,66.88916666666667,67.05
22974,2021-08-30 07:45:00,2021-08-30 08:00:00,80.0,97.5224444444444,97.42677777777776,99.47272727272727
22975,2021-08-30 08:00:00,2021-08-30 08:15:00,133.0,122.19538888888897,122.5833333333334,132.10454545454544
22976,2021-08-30 08:15:00,2021-08-30 08:30:00,175.0,153.17172222222217,151.35727777777782,160.05454545454546
22977,2021-08-30 08:30:00,2021-08-30 08:45:00,177.0,183.79269841269831,179.91711111111096,182.00454545454545
22978,2021-08-30 08:45:00,2021-08-30 09:00:00,183.0,176.09883333333335,173.63327777777772,181.58636363636364
22979,2021-08-30 09:00:00,2021-08-30 09:15:00,167.0,175.27783333333326,170.62105555555544,176.68636363636364
22980,2021-08-30 09:15:00,2021-08-30 09:30:00,158.0,162.54605555555554,162.25833333333333,166.24545454545455
22981,2021-08-30 09:30:00,2021-08-30 09:45:00,180.0,161.09577777777778,161.19111111111113,166.29545454545453
22982,2021-08-30 09:45:00,2021-08-30 10:00:00,174.0,174.0989444444444,173.99044444444453,172.63636363636363
22983,2021-08-30 10:00:00,2021-08-30 10:15:00,154.0,135.53083333333328,135.96616666666665,142.02272727272728
22984,2021-08-30 10:15:00,2021-08-30 10:30:00,180.0,170.74427777777785,170.53050000000002,171.73181818181817
22985,2021-08-30 10:30:00,2021-08-30 10:45:00,186.0,175.82572222222228,175.61761111111116,176.36818181818182
22986,2021-08-30 10:45:00,2021-08-30 11:00:00,165.0,180.43449999999999,181.5608888888889,177.73181818181817
22987,2021-08-30 11:00:00,2021-08-30 11:15:00,166.0,166.87811111111102,164.49205555555545,171.23181818181817
22988,2021-08-30 11:15:00,2021-08-30 11:30:00,178.0,172.28921428571428,169.11388888888885,173.57272727272726
22989,2021-08-30 11:30:00,2021-08-30 11:45:00,161.0,176.8528333333333,176.84105555555556,181.7409090909091
22990,2021-08-30 11:45:00,2021-08-30 12:00:00,180.0,165.42711111111115,166.2048888888889,168.1727272727273
22991,2021-08-30 12:00:00,2021-08-30 12:15:00,124.0,120.79744444444444,126.95794444444446,119.19090909090909
22992,2021-08-30 12:15:00,2021-08-30 12:30:00,103.0,116.93344444444446,120.48777777777777,105.9590909090909
22993,2021-08-30 12:30:00,2021-08-30 12:45:00,96.0,99.97066666666663,101.72899999999998,102.39545454545454
22994,2021-08-30 12:45:00,2021-08-30 13:00:00,134.0,121.62133333333328,122.03094444444444,127.21818181818182
22995,2021-08-30 13:00:00,2021-08-30 13:15:00,169.0,175.24300000000005,175.82900000000006,174.52727272727273
22996,2021-08-30 13:15:00,2021-08-30 13:30:00,177.0,174.50927777777778,174.76066666666665,178.36363636363637
22997,2021-08-30 13:30:00,2021-08-30 13:45:00,169.0,175.5567777777778,174.47649999999996,178.6818181818182
22998,2021-08-30 13:45:00,2021-08-30 14:00:00,171.0,168.61727777777776,167.6595,170.63636363636363
22999,2021-08-30 14:00:00,2021-08-30 14:15:00,164.0,172.4466111111111,172.14172222222217,170.0090909090909
23000,2021-08-30 14:15:00,2021-08-30 14:30:00,173.0,164.56205555555553,164.15405555555554,167.95
23001,2021-08-30 14:30:00,2021-08-30 14:45:00,174.0,170.87650000000005,170.01027777777782,172.71363636363637
23002,2021-08-30 14:45:00,2021-08-30 15:00:00,172.0,172.64337301587304,170.99972222222223,174.6590909090909
23003,2021-08-30 15:00:00,2021-08-30 15:15:00,141.0,134.21384126984128,133.89577777777774,150.29090909090908
23004,2021-08-30 15:15:00,2021-08-30 15:30:00,145.0,169.44877777777776,168.96994444444442,171.4181818181818
23005,2021-08-30 15:30:00,2021-08-30 15:45:00,175.0,162.33166666666668,158.77772222222222,158.66363636363636
23006,2021-08-30 15:45:00,2021-08-30 16:00:00,177.0,167.0772777777778,169.26649999999998,171.93636363636364
23007,2021-08-30 16:00:00,2021-08-30 16:15:00,171.0,162.4376666666667,159.84922222222224,163.36363636363637
23008,2021-08-30 16:15:00,2021-08-30 16:30:00,174.0,166.32644444444443,165.70694444444445,163.3909090909091
23009,2021-08-30 16:30:00,2021-08-30 16:45:00,166.0,169.2186111111111,168.5626666666667,170.8318181818182
23010,2021-08-30 16:45:00,2021-08-30 17:00:00,169.0,165.65494444444445,164.0886111111111,167.62727272727273
23011,2021-08-30 17:00:00,2021-08-30 17:15:00,127.0,126.50722222222221,126.5655,126.49545454545455
23012,2021-08-30 17:15:00,2021-08-30 17:30:00,115.0,112.32416666666667,117.53611111111113,115.25909090909092
23013,2021-08-30 17:30:00,2021-08-30 17:45:00,145.0,142.3157222222223,135.55438888888887,153.23636363636365
23014,2021-08-30 17:45:00,2021-08-30 18:00:00,172.0,162.07877777777782,159.7368888888889,157.6590909090909
23015,2021-08-30 18:00:00,2021-08-30 18:15:00,172.0,162.93455555555562,161.49344444444446,166.53181818181818
23016,2021-08-30 18:15:00,2021-08-30 18:30:00,165.0,164.6438888888888,162.75555555555556,166.86363636363637
23017,2021-08-30 18:30:00,2021-08-30 18:45:00,164.0,163.9116666666667,162.61677777777774,161.27272727272728
23018,2021-08-30 18:45:00,2021-08-30 19:00:00,169.0,163.18816666666672,161.74605555555553,154.85454545454544
23019,2021-08-30 19:00:00,2021-08-30 19:15:00,162.0,155.8664444444444,150.64622222222224,150.8272727272727
23020,2021-08-30 19:15:00,2021-08-30 19:30:00,150.0,158.62822222222235,159.187,153.5
23021,2021-08-30 19:30:00,2021-08-30 19:45:00,134.0,148.7245,148.31461111111105,150.79545454545453
23022,2021-08-30 19:45:00,2021-08-30 20:00:00,128.0,118.27772222222222,121.7766111111111,118.88181818181818
23023,2021-08-30 20:00:00,2021-08-30 20:15:00,117.0,125.72811111111112,125.78383333333336,121.01363636363637
23024,2021-08-30 20:15:00,2021-08-30 20:30:00,130.0,121.52672222222226,122.37277777777776,119.15
23025,2021-08-30 20:30:00,2021-08-30 20:45:00,132.0,125.40866666666666,126.02116666666666,125.71818181818182
23026,2021-08-30 20:45:00,2021-08-30 21:00:00,131.0,125.58933333333331,125.00472222222221,122.71363636363637
23027,2021-08-30 21:00:00,2021-08-30 21:15:00,133.0,122.5046111111111,121.4775,121.35454545454546
23028,2021-08-30 21:15:00,2021-08-30 21:30:00,135.0,126.11583333333336,126.57277777777779,125.27727272727273
23029,2021-08-30 21:30:00,2021-08-30 21:45:00,123.0,125.43757142857145,126.30172222222221,125.39090909090909
23030,2021-08-30 21:45:00,2021-08-30 22:00:00,125.0,118.94833333333327,117.18099999999998,117.44545454545455
23031,2021-08-30 22:00:00,2021-08-30 22:15:00,102.0,106.94788888888885,108.30794444444449,105.52727272727273
23032,2021-08-30 22:15:00,2021-08-30 22:30:00,116.0,114.56327777777777,112.04050000000001,115.24545454545455
23033,2021-08-30 22:30:00,2021-08-30 22:45:00,123.0,117.9173333333333,116.75861111111112,118.7
23034,2021-08-30 22:45:00,2021-08-30 23:00:00,121.0,121.40966666666667,121.56572222222222,120.82272727272728
23035,2021-08-30 23:00:00,2021-08-30 23:15:00,115.0,115.34938888888888,112.59783333333336,114.61818181818182
23036,2021-08-30 23:15:00,2021-08-30 23:30:00,107.0,113.5442777777778,113.15838888888888,110.28636363636363
23037,2021-08-30 23:30:00,2021-08-30 23:45:00,110.0,105.90294444444446,105.35088888888885,107.15454545454546
23038,2021-08-30 23:45:00,2021-08-31 00:00:00,89.0,89.85877777777776,94.8536666666667,83.03636363636363
23039,2021-08-31 00:00:00,2021-08-31 00:15:00,76.0,74.04838888888885,74.83188888888887,77.66363636363636
23040,2021-08-31 00:15:00,2021-08-31 00:30:00,73.0,70.60183333333337,72.41972222222225,69.48181818181818
23041,2021-08-31 00:30:00,2021-08-31 00:45:00,71.0,70.68527777777777,71.71938888888889,71.35454545454546
23042,2021-08-31 00:45:00,2021-08-31 01:00:00,71.0,70.91538888888886,70.50377777777777,70.89090909090909
23043,2021-08-31 01:00:00,2021-08-31 01:15:00,98.0,98.48211111111115,98.78216666666668,96.3409090909091
23044,2021-08-31 01:15:00,2021-08-31 01:30:00,106.0,110.08405555555558,109.42455555555556,105.97272727272727
23045,2021-08-31 01:30:00,2021-08-31 01:45:00,111.0,110.7387777777778,111.01161111111115,113.77272727272727
23046,2021-08-31 01:45:00,2021-08-31 02:00:00,110.0,112.56466666666665,112.33138888888888,111.8
23047,2021-08-31 02:00:00,2021-08-31 02:15:00,114.0,111.55555555555554,113.43099999999995,108.91363636363636
23048,2021-08-31 02:15:00,2021-08-31 02:30:00,110.0,114.4632222222222,114.60433333333327,111.50454545454545
23049,2021-08-31 02:30:00,2021-08-31 02:45:00,107.0,107.21005555555554,108.14344444444441,107.52272727272727
23050,2021-08-31 02:45:00,2021-08-31 03:00:00,102.0,105.8523888888889,105.90277777777779,104.58181818181818
23051,2021-08-31 03:00:00,2021-08-31 03:15:00,90.0,96.69538888888886,97.03922222222222,96.95
23052,2021-08-31 03:15:00,2021-08-31 03:30:00,101.0,104.13489682539684,101.90466666666666,102.8409090909091
23053,2021-08-31 03:30:00,2021-08-31 03:45:00,104.0,104.1758888888889,104.42844444444444,105.2090909090909
23054,2021-08-31 03:45:00,2021-08-31 04:00:00,107.0,104.63638888888889,104.44627777777775,103.50909090909092
23055,2021-08-31 04:00:00,2021-08-31 04:15:00,114.0,104.12600000000002,103.70922222222224,106.48181818181818
23056,2021-08-31 04:15:00,2021-08-31 04:30:00,114.0,110.77516666666662,110.91511111111109,109.7909090909091
23057,2021-08-31 04:30:00,2021-08-31 04:45:00,108.0,109.69472222222217,110.05161111111107,109.51818181818182
23058,2021-08-31 04:45:00,2021-08-31 05:00:00,105.0,103.63855555555554,104.16933333333331,104.22727272727273
23059,2021-08-31 05:00:00,2021-08-31 05:15:00,84.0,87.2296666666667,88.86529914529916,85.80454545454545
23060,2021-08-31 05:15:00,2021-08-31 05:30:00,79.0,75.42838095238095,76.34094444444446,77.04545454545455
23061,2021-08-31 05:30:00,2021-08-31 05:45:00,95.0,97.57005555555553,96.71438888888885,93.85454545454546
23062,2021-08-31 05:45:00,2021-08-31 06:00:00,114.0,103.98528571428568,102.80466666666668,102.38636363636364
23063,2021-08-31 06:00:00,2021-08-31 06:15:00,114.0,110.61350000000003,110.85488888888884,111.96363636363637
23064,2021-08-31 06:15:00,2021-08-31 06:30:00,114.0,111.92516666666673,111.8632222222222,110.73181818181818
23065,2021-08-31 06:30:00,2021-08-31 06:45:00,112.0,109.98055555555553,110.83538888888891,108.64545454545454
23066,2021-08-31 06:45:00,2021-08-31 07:00:00,111.0,107.20266666666666,107.65127777777776,108.14090909090909
23067,2021-08-31 07:00:00,2021-08-31 07:15:00,101.0,105.12922222222221,103.43672222222222,107.92727272727272
23068,2021-08-31 07:15:00,2021-08-31 07:30:00,105.0,109.34044444444442,106.3320555555556,116.13181818181818
23069,2021-08-31 07:30:00,2021-08-31 07:45:00,144.0,131.91244444444445,123.91172222222221,135.93636363636364
23070,2021-08-31 07:45:00,2021-08-31 08:00:00,143.0,144.03355555555555,145.17038888888888,142.67727272727274
23071,2021-08-31 08:00:00,2021-08-31 08:15:00,159.0,159.8323492063493,159.52222222222227,156.01818181818183
23072,2021-08-31 08:15:00,2021-08-31 08:30:00,177.0,175.2527222222223,173.6396111111111,173.68636363636364
23073,2021-08-31 08:30:00,2021-08-31 08:45:00,175.0,174.67794444444434,175.50844444444442,171.76363636363635
23074,2021-08-31 08:45:00,2021-08-31 09:00:00,157.0,173.5608333333334,171.3972222222222,173.8090909090909
23075,2021-08-31 09:00:00,2021-08-31 09:15:00,153.0,162.3247222222222,160.50416666666663,164.20909090909092
23076,2021-08-31 09:15:00,2021-08-31 09:30:00,162.0,161.76066666666676,160.66244444444445,162.2409090909091
23077,2021-08-31 09:30:00,2021-08-31 09:45:00,175.0,160.3947777777778,160.82216666666667,162.9090909090909
23078,2021-08-31 09:45:00,2021-08-31 10:00:00,185.0,171.17555555555555,170.6590555555555,170.4318181818182
23079,2021-08-31 10:00:00,2021-08-31 10:15:00,157.0,160.60049999999998,154.5768333333333,163.0590909090909
23080,2021-08-31 10:15:00,2021-08-31 10:30:00,187.0,172.18755555555558,171.19433333333333,175.42727272727274
23081,2021-08-31 10:30:00,2021-08-31 10:45:00,183.0,185.938388888889,187.3167222222222,186.6
23082,2021-08-31 10:45:00,2021-08-31 11:00:00,177.0,176.4502777777778,176.9898888888889,176.01818181818183
23083,2021-08-31 11:00:00,2021-08-31 11:15:00,182.0,169.72188888888886,158.0161666666666,172.62727272727273
23084,2021-08-31 11:15:00,2021-08-31 11:30:00,159.0,177.70894444444446,177.4307222222222,178.5818181818182
23085,2021-08-31 11:30:00,2021-08-31 11:45:00,159.0,168.89511111111113,169.17811111111115,167.8090909090909
23086,2021-08-31 11:45:00,2021-08-31 12:00:00,159.0,161.67511111111114,162.55944444444447,162.48636363636365
23087,2021-08-31 12:00:00,2021-08-31 12:15:00,108.0,112.49492063492069,117.42261111111111,109.97272727272727
23088,2021-08-31 12:15:00,2021-08-31 12:30:00,97.0,97.10788888888892,102.05033333333336,93.24545454545455
23089,2021-08-31 12:30:00,2021-08-31 12:45:00,108.0,96.20088888888884,97.12738888888879,97.15454545454546
23090,2021-08-31 12:45:00,2021-08-31 13:00:00,135.0,128.7607222222222,127.62372222222226,131.35454545454544
23091,2021-08-31 13:00:00,2021-08-31 13:15:00,163.0,172.30986507936504,169.34822222222223,170.77272727272728
23092,2021-08-31 13:15:00,2021-08-31 13:30:00,184.0,168.57188888888885,169.36922222222222,171.31363636363636
23093,2021-08-31 13:30:00,2021-08-31 13:45:00,175.0,178.5782777777778,179.3118333333333,180.88636363636363
23094,2021-08-31 13:45:00,2021-08-31 14:00:00,173.0,172.73032539682535,172.20833333333331,173.05454545454546
23095,2021-08-31 14:00:00,2021-08-31 14:15:00,187.0,170.57177777777775,170.28705555555553,168.27272727272728
23096,2021-08-31 14:15:00,2021-08-31 14:30:00,176.0,183.29333333333338,182.93366666666668,178.28181818181818
23097,2021-08-31 14:30:00,2021-08-31 14:45:00,186.0,170.07194444444445,169.04333333333335,173.53636363636363
23098,2021-08-31 14:45:00,2021-08-31 15:00:00,179.0,182.20533333333344,181.46983333333338,177.46363636363637
23099,2021-08-31 15:00:00,2021-08-31 15:15:00,131.0,148.50133333333332,148.3565555555555,146.83636363636364
23100,2021-08-31 15:15:00,2021-08-31 15:30:00,161.0,159.21900000000005,156.024,170.62727272727273
23101,2021-08-31 15:30:00,2021-08-31 15:45:00,170.0,167.21944444444446,166.6752222222222,166.0772727272727
23102,2021-08-31 15:45:00,2021-08-31 16:00:00,167.0,168.25027777777777,168.75522222222222,170.45909090909092
23103,2021-08-31 16:00:00,2021-08-31 16:15:00,172.0,160.50288888888886,151.88722222222222,161.3181818181818
23104,2021-08-31 16:15:00,2021-08-31 16:30:00,180.0,167.65205555555553,168.33383333333333,166.6409090909091
23105,2021-08-31 16:30:00,2021-08-31 16:45:00,162.0,169.629,170.11972222222218,170.30454545454546
23106,2021-08-31 16:45:00,2021-08-31 17:00:00,152.0,161.7498888888889,162.22938888888882,162.84545454545454
23107,2021-08-31 17:00:00,2021-08-31 17:15:00,122.0,122.65053174603175,125.40205555555553,120.77272727272727
23108,2021-08-31 17:15:00,2021-08-31 17:30:00,106.0,110.80555555555557,113.25972222222227,111.36363636363636
23109,2021-08-31 17:30:00,2021-08-31 17:45:00,134.0,144.39305555555558,140.73549999999992,147.97727272727272
23110,2021-08-31 17:45:00,2021-08-31 18:00:00,139.0,153.5795,154.23749999999998,149.24545454545455
23111,2021-08-31 18:00:00,2021-08-31 18:15:00,162.0,142.2036666666667,144.25694444444437,137.19545454545454
23112,2021-08-31 18:15:00,2021-08-31 18:30:00,154.0,159.7126666666667,159.0671666666667,157.77727272727273
23113,2021-08-31 18:30:00,2021-08-31 18:45:00,161.0,156.45261111111114,157.98433333333327,150.4227272727273
23114,2021-08-31 18:45:00,2021-08-31 19:00:00,145.0,157.9802222222223,158.85233333333332,157.24545454545455
23115,2021-08-31 19:00:00,2021-08-31 19:15:00,146.0,147.85027777777785,146.7951666666667,150.6818181818182
23116,2021-08-31 19:15:00,2021-08-31 19:30:00,137.0,144.23961111111117,144.3251666666667,142.3181818181818
23117,2021-08-31 19:30:00,2021-08-31 19:45:00,153.0,137.5276111111111,135.8148333333333,135.0772727272727
23118,2021-08-31 19:45:00,2021-08-31 20:00:00,154.0,133.81299999999993,139.8823888888889,135.78636363636363
23119,2021-08-31 20:00:00,2021-08-31 20:15:00,147.0,135.14483333333334,140.1432777777778,130.9318181818182
23120,2021-08-31 20:15:00,2021-08-31 20:30:00,152.0,137.42749999999995,144.13400000000001,136.37727272727273
23121,2021-08-31 20:30:00,2021-08-31 20:45:00,152.0,138.2145,140.50455555555556,140.7
23122,2021-08-31 20:45:00,2021-08-31 21:00:00,138.0,132.99977777777772,136.25116666666668,131.45909090909092
23123,2021-08-31 21:00:00,2021-08-31 21:15:00,132.0,130.69144444444444,130.58377777777778,128.00454545454545
23124,2021-08-31 21:15:00,2021-08-31 21:30:00,129.0,130.4816111111111,132.64816666666667,128.26818181818183
23125,2021-08-31 21:30:00,2021-08-31 21:45:00,132.0,126.76888888888885,129.13194444444446,126.14090909090909
23126,2021-08-31 21:45:00,2021-08-31 22:00:00,129.0,124.22583333333336,124.71861111111112,122.72272727272727
23127,2021-08-31 22:00:00,2021-08-31 22:15:00,109.0,117.958,120.45422222222219,113.74545454545455
23128,2021-08-31 22:15:00,2021-08-31 22:30:00,127.0,115.73244444444448,114.0861111111111,115.03181818181818
23129,2021-08-31 22:30:00,2021-08-31 22:45:00,127.0,125.22283333333333,127.61933333333334,122.4590909090909
23130,2021-08-31 22:45:00,2021-08-31 23:00:00,112.0,122.96272222222224,124.34088888888887,122.00454545454545
23131,2021-08-31 23:00:00,2021-08-31 23:15:00,103.0,105.60444444444445,103.00072222222222,108.84545454545454
23132,2021-08-31 23:15:00,2021-08-31 23:30:00,128.0,112.41216666666668,111.1668333333333,108.64090909090909
23133,2021-08-31 23:30:00,2021-08-31 23:45:00,118.0,121.29288888888883,126.60088888888887,120.04545454545455
23134,2021-08-31 23:45:00,2021-09-01 00:00:00,100.0,106.12205555555555,109.28305555555558,103.55909090909091
23135,2021-09-01 00:00:00,2021-09-01 00:15:00,83.0,87.92611111111113,89.21622222222223,79.40454545454546
23136,2021-09-01 00:15:00,2021-09-01 00:30:00,74.0,84.00633333333332,89.92872222222223,75.33181818181818
23137,2021-09-01 00:30:00,2021-09-01 00:45:00,69.0,72.2968888888889,74.6502777777778,71.56818181818181
23138,2021-09-01 00:45:00,2021-09-01 01:00:00,68.0,70.12833333333333,69.1102222222222,68.33636363636364
23139,2021-09-01 01:00:00,2021-09-01 01:15:00,98.0,94.2823888888889,91.07922222222221,96.85454545454546
23140,2021-09-01 01:15:00,2021-09-01 01:30:00,107.0,108.67494444444445,109.22277777777778,107.25454545454545
23141,2021-09-01 01:30:00,2021-09-01 01:45:00,117.0,112.87338888888893,113.15833333333336,113.5409090909091
23142,2021-09-01 01:45:00,2021-09-01 02:00:00,114.0,113.68338888888887,116.05533333333338,113.06363636363636
23143,2021-09-01 02:00:00,2021-09-01 02:15:00,121.0,112.70666666666662,113.49149999999999,112.76818181818182
23144,2021-09-01 02:15:00,2021-09-01 02:30:00,118.0,117.96144444444442,119.36616666666664,119.66818181818182
23145,2021-09-01 02:30:00,2021-09-01 02:45:00,111.0,114.42022222222225,114.46105555555557,113.71363636363637
23146,2021-09-01 02:45:00,2021-09-01 03:00:00,105.0,110.35355555555553,109.41594444444445,109.95454545454545
23147,2021-09-01 03:00:00,2021-09-01 03:15:00,90.0,99.60366666666665,98.4492222222222,95.5909090909091
23148,2021-09-01 03:15:00,2021-09-01 03:30:00,103.0,105.59099999999998,101.43611111111113,105.35454545454546
23149,2021-09-01 03:30:00,2021-09-01 03:45:00,103.0,107.66366666666661,108.60422222222219,102.64090909090909
23150,2021-09-01 03:45:00,2021-09-01 04:00:00,99.0,108.1948888888889,107.86361111111108,104.06818181818181
23151,2021-09-01 04:00:00,2021-09-01 04:15:00,114.0,104.63116666666664,103.28333333333333,105.16363636363636
23152,2021-09-01 04:15:00,2021-09-01 04:30:00,119.0,111.15900000000002,111.64022222222222,112.14090909090909
23153,2021-09-01 04:30:00,2021-09-01 04:45:00,114.0,115.62083333333335,118.83799999999995,119.21363636363637
23154,2021-09-01 04:45:00,2021-09-01 05:00:00,114.0,107.28154761904759,106.78133333333327,108.78636363636363
23155,2021-09-01 05:00:00,2021-09-01 05:15:00,84.0,98.85122222222226,102.64361111111107,94.97727272727273
23156,2021-09-01 05:15:00,2021-09-01 05:30:00,74.0,75.88215873015878,77.21416666666669,75.14545454545454
23157,2021-09-01 05:30:00,2021-09-01 05:45:00,97.0,96.92411111111106,95.3945,96.58636363636364
23158,2021-09-01 05:45:00,2021-09-01 06:00:00,112.0,109.91088888888888,109.45105555555557,113.25454545454545
23159,2021-09-01 06:00:00,2021-09-01 06:15:00,112.0,113.63977777777771,113.68572222222222,112.7
23160,2021-09-01 06:15:00,2021-09-01 06:30:00,115.0,110.3878888888889,110.0946111111111,111.97272727272727
23161,2021-09-01 06:30:00,2021-09-01 06:45:00,119.0,111.51172222222223,111.68827777777778,113.91818181818182
23162,2021-09-01 06:45:00,2021-09-01 07:00:00,116.0,112.39944444444438,115.21661111111112,115.30454545454545
23163,2021-09-01 07:00:00,2021-09-01 07:15:00,106.0,112.68349999999997,111.69777777777776,113.9590909090909
23164,2021-09-01 07:15:00,2021-09-01 07:30:00,114.0,116.03305555555552,112.49794444444444,120.46818181818182
23165,2021-09-01 07:30:00,2021-09-01 07:45:00,139.0,140.67199999999994,134.527,143.27727272727273
23166,2021-09-01 07:45:00,2021-09-01 08:00:00,135.0,147.588,146.2855,144.5818181818182
23167,2021-09-01 08:00:00,2021-09-01 08:15:00,148.0,154.72477777777777,151.67416666666662,153.4181818181818
23168,2021-09-01 08:15:00,2021-09-01 08:30:00,182.0,165.18577777777773,165.4978888888889,167.63636363636363
23169,2021-09-01 08:30:00,2021-09-01 08:45:00,193.0,176.23999999999995,174.9629444444445,174.61363636363637
23170,2021-09-01 08:45:00,2021-09-01 09:00:00,198.0,190.43005555555555,191.34516666666667,189.87272727272727
23171,2021-09-01 09:00:00,2021-09-01 09:15:00,172.0,182.12016666666668,181.46911111111106,181.3181818181818
23172,2021-09-01 09:15:00,2021-09-01 09:30:00,182.0,173.6419444444444,173.04294444444443,171.02272727272728
23173,2021-09-01 09:30:00,2021-09-01 09:45:00,189.0,180.92738095238084,182.07255555555557,180.20909090909092
23174,2021-09-01 09:45:00,2021-09-01 10:00:00,183.0,184.08077777777777,183.76038888888888,185.11363636363637
23175,2021-09-01 10:00:00,2021-09-01 10:15:00,156.0,142.66377777777774,146.57355555555552,161.65
23176,2021-09-01 10:15:00,2021-09-01 10:30:00,193.0,175.78472222222214,174.19461111111107,172.6090909090909
23177,2021-09-01 10:30:00,2021-09-01 10:45:00,196.0,187.82494444444433,188.2690555555555,192.8318181818182
23178,2021-09-01 10:45:00,2021-09-01 11:00:00,195.0,185.86438888888887,185.13133333333326,186.76818181818183
23179,2021-09-01 11:00:00,2021-09-01 11:15:00,179.0,180.39744444444437,169.39594444444432,185.31363636363636
23180,2021-09-01 11:15:00,2021-09-01 11:30:00,176.0,175.80449999999996,175.28627777777774,176.85
23181,2021-09-01 11:30:00,2021-09-01 11:45:00,180.0,176.7842777777778,175.65805555555553,174.5818181818182
23182,2021-09-01 11:45:00,2021-09-01 12:00:00,160.0,173.95077777777783,172.9014444444445,173.34545454545454
23183,2021-09-01 12:00:00,2021-09-01 12:15:00,115.0,108.91933333333336,110.89455555555556,109.89090909090909
23184,2021-09-01 12:15:00,2021-09-01 12:30:00,105.0,102.99266666666665,106.71888888888888,96.00909090909092
23185,2021-09-01 12:30:00,2021-09-01 12:45:00,109.0,98.13583333333332,101.0701666666666,100.36818181818182
23186,2021-09-01 12:45:00,2021-09-01 13:00:00,138.0,131.51294444444443,130.87838888888888,126.80909090909091
23187,2021-09-01 13:00:00,2021-09-01 13:15:00,172.0,170.2090555555555,168.07122222222222,167.0909090909091
23188,2021-09-01 13:15:00,2021-09-01 13:30:00,184.0,176.83877777777772,177.26661111111108,175.03181818181818
23189,2021-09-01 13:30:00,2021-09-01 13:45:00,182.0,179.17178571428576,178.26083333333332,178.14545454545456
23190,2021-09-01 13:45:00,2021-09-01 14:00:00,190.0,178.72677777777773,177.3065555555555,177.8
23191,2021-09-01 14:00:00,2021-09-01 14:15:00,186.0,176.19111111111107,175.73399999999995,176.90454545454546
23192,2021-09-01 14:15:00,2021-09-01 14:30:00,192.0,174.56633333333338,175.68550000000002,174.82272727272726
23193,2021-09-01 14:30:00,2021-09-01 14:45:00,178.0,183.7312777777778,183.1965555555556,183.49545454545455
23194,2021-09-01 14:45:00,2021-09-01 15:00:00,180.0,180.17594444444444,178.30483333333333,178.43636363636364
23195,2021-09-01 15:00:00,2021-09-01 15:15:00,159.0,148.01694444444456,149.99361111111114,149.10454545454544
23196,2021-09-01 15:15:00,2021-09-01 15:30:00,175.0,173.6168333333333,173.30666666666673,169.35454545454544
23197,2021-09-01 15:30:00,2021-09-01 15:45:00,176.0,177.68205555555554,178.12838888888894,174.90454545454546
23198,2021-09-01 15:45:00,2021-09-01 16:00:00,182.0,173.47577777777784,174.21722222222223,166.61818181818182
23199,2021-09-01 16:00:00,2021-09-01 16:15:00,165.0,150.3196666666666,159.03194444444446,167.19545454545454
23200,2021-09-01 16:15:00,2021-09-01 16:30:00,187.0,162.9887222222222,164.96683333333334,163.95454545454547
23201,2021-09-01 16:30:00,2021-09-01 16:45:00,185.0,179.69233333333338,182.96344444444452,173.95909090909092
23202,2021-09-01 16:45:00,2021-09-01 17:00:00,165.0,171.56627777777774,173.1854444444444,168.87727272727273
23203,2021-09-01 17:00:00,2021-09-01 17:15:00,113.0,127.68538888888882,127.3649444444444,125.92272727272727
23204,2021-09-01 17:15:00,2021-09-01 17:30:00,105.0,111.78755555555557,114.05399999999999,105.03181818181818
23205,2021-09-01 17:30:00,2021-09-01 17:45:00,159.0,147.34211111111117,142.64733333333328,147.46818181818182
23206,2021-09-01 17:45:00,2021-09-01 18:00:00,180.0,169.17305555555558,169.83733333333333,165.97272727272727
23207,2021-09-01 18:00:00,2021-09-01 18:15:00,167.0,173.00516666666695,169.55188888888918,166.9318181818182
23208,2021-09-01 18:15:00,2021-09-01 18:30:00,161.0,162.55888888888887,163.60622222222221,157.85
23209,2021-09-01 18:30:00,2021-09-01 18:45:00,158.0,158.78519047619045,153.6463333333333,159.02727272727273
23210,2021-09-01 18:45:00,2021-09-01 19:00:00,167.0,161.67361111111111,160.728,158.87727272727273
23211,2021-09-01 19:00:00,2021-09-01 19:15:00,163.0,156.34494444444442,153.6788333333334,156.3409090909091
23212,2021-09-01 19:15:00,2021-09-01 19:30:00,154.0,158.71555555555548,157.8085,157.88636363636363
23213,2021-09-01 19:30:00,2021-09-01 19:45:00,157.0,150.7923333333333,150.46966666666668,147.44545454545454
23214,2021-09-01 19:45:00,2021-09-01 20:00:00,133.0,137.29938888888884,142.85272222222216,137.39545454545456
23215,2021-09-01 20:00:00,2021-09-01 20:15:00,117.0,125.45994444444449,125.12822222222222,125.76363636363637
23216,2021-09-01 20:15:00,2021-09-01 20:30:00,130.0,121.95683333333335,123.32177777777778,116.75
23217,2021-09-01 20:30:00,2021-09-01 20:45:00,130.0,125.42966666666665,126.04211111111113,124.44545454545455
23218,2021-09-01 20:45:00,2021-09-01 21:00:00,139.0,122.16350000000001,122.91838888888887,124.47272727272727
23219,2021-09-01 21:00:00,2021-09-01 21:15:00,133.0,132.79983333333337,133.7647777777778,130.80454545454546
23220,2021-09-01 21:15:00,2021-09-01 21:30:00,133.0,126.57044444444443,127.5941666666667,128.36363636363637
23221,2021-09-01 21:30:00,2021-09-01 21:45:00,132.0,124.94577777777776,124.78783333333335,125.99545454545455
23222,2021-09-01 21:45:00,2021-09-01 22:00:00,126.0,123.78622222222224,123.03405555555555,121.85909090909091
23223,2021-09-01 22:00:00,2021-09-01 22:15:00,108.0,109.88277777777776,112.53344444444444,114.76818181818182
23224,2021-09-01 22:15:00,2021-09-01 22:30:00,128.0,112.49627777777779,112.1977222222222,112.76363636363637
23225,2021-09-01 22:30:00,2021-09-01 22:45:00,119.0,123.76344444444445,124.71383333333334,121.07272727272728
23226,2021-09-01 22:45:00,2021-09-01 23:00:00,122.0,116.9178333333333,115.95555555555555,115.83181818181818
23227,2021-09-01 23:00:00,2021-09-01 23:15:00,119.0,115.25866666666668,115.0587222222222,117.91818181818182
23228,2021-09-01 23:15:00,2021-09-01 23:30:00,121.0,115.38111111111112,113.53700000000005,116.23181818181818
23229,2021-09-01 23:30:00,2021-09-01 23:45:00,111.0,113.03933333333327,115.45238888888892,114.43181818181819
23230,2021-09-01 23:45:00,2021-09-02 00:00:00,103.0,88.1947222222222,91.2508888888889,91.24545454545455
23231,2021-09-02 00:00:00,2021-09-02 00:15:00,87.0,86.44905555555556,90.19622222222225,83.38636363636364
23232,2021-09-02 00:15:00,2021-09-02 00:30:00,79.0,85.02127777777781,88.01250000000003,78.61818181818182
23233,2021-09-02 00:30:00,2021-09-02 00:45:00,75.0,72.77416666666667,75.59872222222224,72.63181818181818
23234,2021-09-02 00:45:00,2021-09-02 01:00:00,74.0,70.66238888888888,70.80988888888888,71.15
23235,2021-09-02 01:00:00,2021-09-02 01:15:00,102.0,94.68415873015877,90.66572222222224,97.93636363636364
23236,2021-09-02 01:15:00,2021-09-02 01:30:00,110.0,113.18438888888893,113.22766666666665,110.7
23237,2021-09-02 01:30:00,2021-09-02 01:45:00,119.0,113.41166666666666,112.05188888888887,112.15454545454546
23238,2021-09-02 01:45:00,2021-09-02 02:00:00,116.0,112.73277777777781,113.7453333333333,112.72272727272727
23239,2021-09-02 02:00:00,2021-09-02 02:15:00,119.0,113.55827777777775,115.02049999999998,117.33181818181818
23240,2021-09-02 02:15:00,2021-09-02 02:30:00,118.0,115.76750000000003,119.11822222222217,117.03636363636363
23241,2021-09-02 02:30:00,2021-09-02 02:45:00,109.0,114.2728888888889,115.31933333333329,113.72272727272727
23242,2021-09-02 02:45:00,2021-09-02 03:00:00,109.0,108.42411111111106,107.5722777777778,109.4090909090909
23243,2021-09-02 03:00:00,2021-09-02 03:15:00,87.0,105.17066666666666,104.13305555555556,95.86363636363636
23244,2021-09-02 03:15:00,2021-09-02 03:30:00,107.0,103.14277777777778,97.79455555555558,106.4590909090909
23245,2021-09-02 03:30:00,2021-09-02 03:45:00,112.0,106.41438888888888,107.13244444444446,104.63181818181818
23246,2021-09-02 03:45:00,2021-09-02 04:00:00,118.0,109.00344444444445,109.3047222222222,104.78181818181818
23247,2021-09-02 04:00:00,2021-09-02 04:15:00,120.0,113.733,115.43361111111115,117.33181818181818
23248,2021-09-02 04:15:00,2021-09-02 04:30:00,113.0,114.84694444444438,115.38061111111111,120.61818181818182
23249,2021-09-02 04:30:00,2021-09-02 04:45:00,112.0,108.66522222222218,108.46461111111111,110.91363636363636
23250,2021-09-02 04:45:00,2021-09-02 05:00:00,111.0,105.99555555555551,106.56961111111109,109.57727272727273
23251,2021-09-02 05:00:00,2021-09-02 05:15:00,91.0,97.18315079365081,99.58427777777774,88.23181818181818
23252,2021-09-02 05:15:00,2021-09-02 05:30:00,73.0,85.95783333333338,91.07811111111108,82.56363636363636
23253,2021-09-02 05:30:00,2021-09-02 05:45:00,101.0,96.0473333333333,90.11616666666664,94.29545454545455
23254,2021-09-02 05:45:00,2021-09-02 06:00:00,108.0,111.5273333333333,111.69805555555553,114.53636363636363
23255,2021-09-02 06:00:00,2021-09-02 06:15:00,113.0,113.99377777777775,113.54094444444445,111.55454545454545
23256,2021-09-02 06:15:00,2021-09-02 06:30:00,114.0,111.77511111111112,111.1238888888889,112.57727272727273
23257,2021-09-02 06:30:00,2021-09-02 06:45:00,114.0,111.23022222222217,112.52066666666668,115.22272727272727
23258,2021-09-02 06:45:00,2021-09-02 07:00:00,117.0,109.79733333333327,110.60144444444443,110.89545454545454
23259,2021-09-02 07:00:00,2021-09-02 07:15:00,128.0,114.18083333333328,115.12744444444446,115.16363636363636
23260,2021-09-02 07:15:00,2021-09-02 07:30:00,126.0,134.7076666666666,141.23394444444446,131.12272727272727
23261,2021-09-02 07:30:00,2021-09-02 07:45:00,160.0,150.48883333333333,142.2996666666667,149.5909090909091
23262,2021-09-02 07:45:00,2021-09-02 08:00:00,151.0,156.38816666666673,157.28122222222223,154.5090909090909
23263,2021-09-02 08:00:00,2021-09-02 08:15:00,152.0,162.32188888888888,163.93850000000003,156.35
23264,2021-09-02 08:15:00,2021-09-02 08:30:00,171.0,167.73416666666674,166.96527777777774,167.88181818181818
23265,2021-09-02 08:30:00,2021-09-02 08:45:00,170.0,173.00105555555552,174.8292777777778,173.10454545454544
23266,2021-09-02 08:45:00,2021-09-02 09:00:00,171.0,172.61638888888882,172.37577777777778,174.99545454545455
23267,2021-09-02 09:00:00,2021-09-02 09:15:00,175.0,164.08724603174602,157.12733333333338,169.79090909090908
23268,2021-09-02 09:15:00,2021-09-02 09:30:00,163.0,165.16566666666668,166.19088888888894,169.01818181818183
23269,2021-09-02 09:30:00,2021-09-02 09:45:00,198.0,167.50683333333342,167.76016666666666,170.25454545454545
23270,2021-09-02 09:45:00,2021-09-02 10:00:00,198.0,189.64172222222217,189.73077777777775,191.11818181818182
23271,2021-09-02 10:00:00,2021-09-02 10:15:00,163.0,168.9630555555555,161.26983333333328,177.3318181818182
23272,2021-09-02 10:15:00,2021-09-02 10:30:00,188.0,176.925611111111,175.61777777777777,177.22727272727272
23273,2021-09-02 10:30:00,2021-09-02 10:45:00,176.0,186.91433333333333,185.9107222222222,188.3272727272727
23274,2021-09-02 10:45:00,2021-09-02 11:00:00,188.0,180.73455555555563,179.8798888888889,176.3318181818182
23275,2021-09-02 11:00:00,2021-09-02 11:15:00,171.0,163.9668333333333,163.01416666666665,177.8409090909091
23276,2021-09-02 11:15:00,2021-09-02 11:30:00,187.0,173.9836666666666,173.10788888888882,173.4227272727273
23277,2021-09-02 11:30:00,2021-09-02 11:45:00,182.0,181.53549206349211,182.27272222222226,183.25454545454545
23278,2021-09-02 11:45:00,2021-09-02 12:00:00,188.0,173.22905555555556,171.55205555555557,174.0818181818182
23279,2021-09-02 12:00:00,2021-09-02 12:15:00,130.0,125.19861111111108,134.36816666666667,126.28181818181818
23280,2021-09-02 12:15:00,2021-09-02 12:30:00,99.0,109.66699999999997,113.67988888888887,106.74545454545455
23281,2021-09-02 12:30:00,2021-09-02 12:45:00,94.0,96.74322222222207,96.91405555555544,97.39545454545454
23282,2021-09-02 12:45:00,2021-09-02 13:00:00,124.0,126.5469444444445,125.66027777777776,125.78636363636363
23283,2021-09-02 13:00:00,2021-09-02 13:15:00,168.0,170.01166666666677,170.5046111111112,163.47727272727272
23284,2021-09-02 13:15:00,2021-09-02 13:30:00,168.0,179.23999999999992,180.29816666666665,175.46363636363637
23285,2021-09-02 13:30:00,2021-09-02 13:45:00,175.0,175.9280555555555,174.6847777777778,169.3272727272727
23286,2021-09-02 13:45:00,2021-09-02 14:00:00,183.0,174.39644444444448,175.10661111111102,174.3272727272727
23287,2021-09-02 14:00:00,2021-09-02 14:15:00,195.0,171.78827777777772,172.329,172.0
23288,2021-09-02 14:15:00,2021-09-02 14:30:00,195.0,184.77955555555565,184.90133333333335,184.03181818181818
23289,2021-09-02 14:30:00,2021-09-02 14:45:00,188.0,183.65511111111113,182.61311111111115,184.64545454545456
23290,2021-09-02 14:45:00,2021-09-02 15:00:00,190.0,182.3638888888888,181.22511111111115,180.25454545454545
23291,2021-09-02 15:00:00,2021-09-02 15:15:00,154.0,147.86838888888892,153.68055555555554,173.44545454545454
23292,2021-09-02 15:15:00,2021-09-02 15:30:00,174.0,174.80422222222225,177.07566666666665,177.1681818181818
23293,2021-09-02 15:30:00,2021-09-02 15:45:00,177.0,178.0638888888888,178.18527777777783,176.8590909090909
23294,2021-09-02 15:45:00,2021-09-02 16:00:00,176.0,173.20338888888895,174.1022777777778,168.15
23295,2021-09-02 16:00:00,2021-09-02 16:15:00,181.0,155.4283888888889,162.85555555555558,163.1
23296,2021-09-02 16:15:00,2021-09-02 16:30:00,176.0,171.32905555555547,172.78944444444446,169.84545454545454
23297,2021-09-02 16:30:00,2021-09-02 16:45:00,171.0,170.3136111111111,171.14605555555556,168.3409090909091
23298,2021-09-02 16:45:00,2021-09-02 17:00:00,169.0,169.68116666666668,170.43238888888885,168.72727272727272
23299,2021-09-02 17:00:00,2021-09-02 17:15:00,131.0,127.98183333333334,126.2887222222222,131.7590909090909
23300,2021-09-02 17:15:00,2021-09-02 17:30:00,105.0,118.7621666666667,120.49138888888886,121.0909090909091
23301,2021-09-02 17:30:00,2021-09-02 17:45:00,140.0,143.45194444444454,135.20811111111107,144.79090909090908
23302,2021-09-02 17:45:00,2021-09-02 18:00:00,153.0,159.9153888888889,158.49411111111115,156.87727272727273
23303,2021-09-02 18:00:00,2021-09-02 18:15:00,148.0,162.15233333333336,160.4993333333333,154.94545454545454
23304,2021-09-02 18:15:00,2021-09-02 18:30:00,153.0,151.56916666666666,150.01666666666668,147.15
23305,2021-09-02 18:30:00,2021-09-02 18:45:00,167.0,152.4795,153.0153888888889,151.48181818181817
23306,2021-09-02 18:45:00,2021-09-02 19:00:00,167.0,165.12799999999996,165.1136666666666,161.80454545454546
23307,2021-09-02 19:00:00,2021-09-02 19:15:00,173.0,157.43383333333333,154.99344444444444,159.87727272727273
23308,2021-09-02 19:15:00,2021-09-02 19:30:00,148.0,162.36527777777775,161.39966666666666,163.67727272727274
23309,2021-09-02 19:30:00,2021-09-02 19:45:00,173.0,145.06907936507932,145.9258888888889,153.28636363636363
23310,2021-09-02 19:45:00,2021-09-02 20:00:00,149.0,146.98011111111103,150.56355555555552,146.95909090909092
23311,2021-09-02 20:00:00,2021-09-02 20:15:00,122.0,133.70611111111108,133.72977777777777,131.05
23312,2021-09-02 20:15:00,2021-09-02 20:30:00,132.0,121.72544444444442,121.64405555555558,119.75
23313,2021-09-02 20:30:00,2021-09-02 20:45:00,143.0,128.39644444444446,128.6056111111111,128.60454545454544
23314,2021-09-02 20:45:00,2021-09-02 21:00:00,131.0,136.62438888888892,136.36750000000004,135.6727272727273
23315,2021-09-02 21:00:00,2021-09-02 21:15:00,138.0,123.7313888888889,121.77866666666667,125.71818181818182
23316,2021-09-02 21:15:00,2021-09-02 21:30:00,130.0,134.23972222222224,135.61116666666663,133.0909090909091
23317,2021-09-02 21:30:00,2021-09-02 21:45:00,126.0,125.3962222222222,125.56722222222224,126.07727272727273
23318,2021-09-02 21:45:00,2021-09-02 22:00:00,130.0,121.64533333333335,121.1159444444444,122.77727272727273
23319,2021-09-02 22:00:00,2021-09-02 22:15:00,103.0,119.64666666666666,122.33316666666666,116.53636363636363
23320,2021-09-02 22:15:00,2021-09-02 22:30:00,117.0,115.46777777777778,113.29194444444445,115.46818181818182
23321,2021-09-02 22:30:00,2021-09-02 22:45:00,107.0,116.49916666666667,115.60088888888892,117.35909090909091
23322,2021-09-02 22:45:00,2021-09-02 23:00:00,129.0,112.58544444444443,113.249,109.66818181818182
23323,2021-09-02 23:00:00,2021-09-02 23:15:00,127.0,121.32433333333334,123.96300000000001,118.97727272727273
23324,2021-09-02 23:15:00,2021-09-02 23:30:00,129.0,121.31272222222225,122.04166666666664,121.31818181818181
23325,2021-09-02 23:30:00,2021-09-02 23:45:00,123.0,119.78388888888888,123.12111111111112,118.87727272727273
23326,2021-09-02 23:45:00,2021-09-03 00:00:00,98.0,109.53849999999996,114.53144444444447,104.83181818181818
23327,2021-09-03 00:00:00,2021-09-03 00:15:00,71.0,87.84888888888888,90.102,86.79545454545455
23328,2021-09-03 00:15:00,2021-09-03 00:30:00,69.0,70.67799999999998,71.89761111111113,67.55909090909091
23329,2021-09-03 00:30:00,2021-09-03 00:45:00,67.0,69.19044444444444,70.26461111111111,68.76363636363637
23330,2021-09-03 00:45:00,2021-09-03 01:00:00,68.0,66.72750000000002,66.46088888888886,65.60454545454546
23331,2021-09-03 01:00:00,2021-09-03 01:15:00,97.0,97.84272222222224,93.33161111111113,98.08636363636364
23332,2021-09-03 01:15:00,2021-09-03 01:30:00,106.0,107.9995555555556,109.0665,106.62272727272727
23333,2021-09-03 01:30:00,2021-09-03 01:45:00,115.0,113.34077777777779,113.38344444444444,112.06818181818181
23334,2021-09-03 01:45:00,2021-09-03 02:00:00,119.0,113.98344444444439,114.08433333333339,114.01818181818182
23335,2021-09-03 02:00:00,2021-09-03 02:15:00,117.0,116.12761111111114,116.60305555555557,118.67727272727272
23336,2021-09-03 02:15:00,2021-09-03 02:30:00,116.0,114.38866666666667,114.93544444444444,114.95454545454545
23337,2021-09-03 02:30:00,2021-09-03 02:45:00,111.0,113.27699999999994,113.15555555555552,111.27272727272727
23338,2021-09-03 02:45:00,2021-09-03 03:00:00,104.0,110.52155555555554,110.60666666666664,112.81363636363636
23339,2021-09-03 03:00:00,2021-09-03 03:15:00,100.0,98.98833333333337,98.22627777777775,95.4590909090909
23340,2021-09-03 03:15:00,2021-09-03 03:30:00,111.0,110.30311111111111,111.02266666666668,105.23181818181818
23341,2021-09-03 03:30:00,2021-09-03 03:45:00,113.0,110.32811111111107,110.48777777777781,110.80909090909091
23342,2021-09-03 03:45:00,2021-09-03 04:00:00,114.0,108.9401111111111,109.60944444444445,110.92272727272727
23343,2021-09-03 04:00:00,2021-09-03 04:15:00,111.0,109.73372222222223,109.34172222222226,112.39090909090909
23344,2021-09-03 04:15:00,2021-09-03 04:30:00,101.0,109.27416666666669,110.02694444444445,110.76818181818182
23345,2021-09-03 04:30:00,2021-09-03 04:45:00,113.0,102.49966666666664,100.86177777777776,105.76818181818182
23346,2021-09-03 04:45:00,2021-09-03 05:00:00,103.0,108.2551349206349,108.32533333333338,109.83181818181818
23347,2021-09-03 05:00:00,2021-09-03 05:15:00,84.0,84.28738888888891,84.34738888888889,83.18181818181819
23348,2021-09-03 05:15:00,2021-09-03 05:30:00,73.0,78.10311111111116,79.35983333333336,75.66363636363636
23349,2021-09-03 05:30:00,2021-09-03 05:45:00,105.0,93.54283333333333,92.47938888888885,95.53636363636363
23350,2021-09-03 05:45:00,2021-09-03 06:00:00,111.0,109.75798412698408,110.31038888888885,108.58181818181818
23351,2021-09-03 06:00:00,2021-09-03 06:15:00,114.0,113.80099999999999,112.77172222222224,110.98636363636363
23352,2021-09-03 06:15:00,2021-09-03 06:30:00,112.0,112.12650000000002,111.8001666666667,114.69545454545455
23353,2021-09-03 06:30:00,2021-09-03 06:45:00,101.0,109.14272222222223,108.55477777777782,112.18181818181819
23354,2021-09-03 06:45:00,2021-09-03 07:00:00,102.0,99.46716666666663,99.29111111111114,103.61363636363636
23355,2021-09-03 07:00:00,2021-09-03 07:15:00,119.0,102.65211111111111,101.03594444444443,105.99545454545455
23356,2021-09-03 07:15:00,2021-09-03 07:30:00,125.0,128.34272222222216,133.36044444444437,128.57272727272726
23357,2021-09-03 07:30:00,2021-09-03 07:45:00,147.0,145.6371666666667,144.19822222222228,147.0590909090909
23358,2021-09-03 07:45:00,2021-09-03 08:00:00,144.0,146.92283333333324,149.5473333333333,146.2
23359,2021-09-03 08:00:00,2021-09-03 08:15:00,153.0,156.81672222222224,158.59366666666668,151.29545454545453
23360,2021-09-03 08:15:00,2021-09-03 08:30:00,169.0,164.8794444444445,166.71111111111114,165.14545454545456
23361,2021-09-03 08:30:00,2021-09-03 08:45:00,179.0,172.829,173.63255555555563,170.10454545454544
23362,2021-09-03 08:45:00,2021-09-03 09:00:00,177.0,181.851,182.4410555555555,178.21363636363637
23363,2021-09-03 09:00:00,2021-09-03 09:15:00,172.0,168.29449999999989,167.4800555555556,169.6590909090909
23364,2021-09-03 09:15:00,2021-09-03 09:30:00,169.0,168.70683333333332,168.85805555555558,168.72272727272727
23365,2021-09-03 09:30:00,2021-09-03 09:45:00,166.0,171.83405555555544,171.23361111111114,174.84545454545454
23366,2021-09-03 09:45:00,2021-09-03 10:00:00,178.0,173.55655555555552,173.94488888888887,176.70909090909092
23367,2021-09-03 10:00:00,2021-09-03 10:15:00,148.0,132.62066666666666,133.65227777777775,159.49545454545455
23368,2021-09-03 10:15:00,2021-09-03 10:30:00,167.0,172.0757222222222,171.51977777777776,171.4090909090909
23369,2021-09-03 10:30:00,2021-09-03 10:45:00,166.0,171.0451111111111,170.82927777777786,170.2409090909091
23370,2021-09-03 10:45:00,2021-09-03 11:00:00,169.0,169.94923809523814,171.58861111111116,170.98636363636365
23371,2021-09-03 11:00:00,2021-09-03 11:15:00,187.0,152.2998571428572,158.76244444444447,165.97727272727272
23372,2021-09-03 11:15:00,2021-09-03 11:30:00,186.0,183.23594444444444,184.96955555555553,184.3318181818182
23373,2021-09-03 11:30:00,2021-09-03 11:45:00,184.0,176.52066666666667,177.91894444444446,177.85
23374,2021-09-03 11:45:00,2021-09-03 12:00:00,190.0,176.1933888888889,176.63872222222224,176.63181818181818
23375,2021-09-03 12:00:00,2021-09-03 12:15:00,122.0,129.16455555555547,141.44438888888882,129.79545454545453
23376,2021-09-03 12:15:00,2021-09-03 12:30:00,96.0,101.63516666666663,102.74955555555553,101.43181818181819
23377,2021-09-03 12:30:00,2021-09-03 12:45:00,92.0,94.51919841269833,94.42894444444441,93.4590909090909
23378,2021-09-03 12:45:00,2021-09-03 13:00:00,122.0,127.22518253968255,126.22455555555558,125.10454545454546
23379,2021-09-03 13:00:00,2021-09-03 13:15:00,155.0,166.14277777777784,165.71916666666667,159.7590909090909
23380,2021-09-03 13:15:00,2021-09-03 13:30:00,170.0,167.3179444444444,166.74800000000002,158.98636363636365
23381,2021-09-03 13:30:00,2021-09-03 13:45:00,175.0,176.03500000000005,176.87300000000005,169.4
23382,2021-09-03 13:45:00,2021-09-03 14:00:00,176.0,175.23249999999996,174.99177777777774,174.16363636363636
23383,2021-09-03 14:00:00,2021-09-03 14:15:00,178.0,169.10516666666672,170.9888888888889,169.9318181818182
23384,2021-09-03 14:15:00,2021-09-03 14:30:00,176.0,171.2296111111111,170.8631666666667,171.76818181818183
23385,2021-09-03 14:30:00,2021-09-03 14:45:00,181.0,172.56788888888894,171.8097777777778,174.09545454545454
23386,2021-09-03 14:45:00,2021-09-03 15:00:00,178.0,176.3933888888889,175.10788888888885,177.61363636363637
23387,2021-09-03 15:00:00,2021-09-03 15:15:00,140.0,139.94238888888893,139.69294444444438,147.7590909090909
23388,2021-09-03 15:15:00,2021-09-03 15:30:00,160.0,167.81333333333333,165.0357777777778,175.16363636363636
23389,2021-09-03 15:30:00,2021-09-03 15:45:00,162.0,164.68917171717175,161.86788888888887,164.49545454545455
23390,2021-09-03 15:45:00,2021-09-03 16:00:00,152.0,160.14267171717177,160.54455555555558,162.77727272727273
23391,2021-09-03 16:00:00,2021-09-03 16:15:00,165.0,150.94227777777783,152.28883333333337,155.86818181818182
23392,2021-09-03 16:15:00,2021-09-03 16:30:00,156.0,163.94779365079367,164.40938888888886,161.59545454545454
23393,2021-09-03 16:30:00,2021-09-03 16:45:00,159.0,160.62844444444443,160.0002222222222,158.90454545454546
23394,2021-09-03 16:45:00,2021-09-03 17:00:00,165.0,162.8038333333333,163.0888888888889,159.44545454545454
23395,2021-09-03 17:00:00,2021-09-03 17:15:00,143.0,119.7651666666666,121.67399999999999,123.39545454545454
23396,2021-09-03 17:15:00,2021-09-03 17:30:00,117.0,142.5473333333333,144.30194444444444,130.61818181818182
23397,2021-09-03 17:30:00,2021-09-03 17:45:00,156.0,136.68449999999999,132.96027777777778,143.4
23398,2021-09-03 17:45:00,2021-09-03 18:00:00,170.0,159.37394444444448,159.45305555555558,163.15454545454546
23399,2021-09-03 18:00:00,2021-09-03 18:15:00,158.0,159.76622222222232,156.34655555555554,163.33636363636364
23400,2021-09-03 18:15:00,2021-09-03 18:30:00,155.0,154.96616666666662,154.7391666666667,152.61818181818182
23401,2021-09-03 18:30:00,2021-09-03 18:45:00,153.0,155.01844444444444,154.76277777777779,152.18636363636364
23402,2021-09-03 18:45:00,2021-09-03 19:00:00,148.0,152.24233333333328,151.10377777777774,154.3909090909091
23403,2021-09-03 19:00:00,2021-09-03 19:15:00,156.0,142.31811111111114,140.7391666666667,146.87272727272727
23404,2021-09-03 19:15:00,2021-09-03 19:30:00,145.0,146.73244444444447,145.8963333333334,150.5772727272727
23405,2021-09-03 19:30:00,2021-09-03 19:45:00,151.0,142.2999444444445,141.0643333333333,147.87272727272727
23406,2021-09-03 19:45:00,2021-09-03 20:00:00,119.0,129.88205555555552,134.7538888888889,130.24545454545455
23407,2021-09-03 20:00:00,2021-09-03 20:15:00,114.0,114.16861111111115,116.4208888888889,110.94090909090909
23408,2021-09-03 20:15:00,2021-09-03 20:30:00,118.0,118.26250000000005,119.75383333333332,114.27272727272727
23409,2021-09-03 20:30:00,2021-09-03 20:45:00,115.0,119.92,119.84950000000002,120.1590909090909
23410,2021-09-03 20:45:00,2021-09-03 21:00:00,114.0,113.78666666666672,115.94566666666668,111.44090909090909
23411,2021-09-03 21:00:00,2021-09-03 21:15:00,112.0,111.65733333333334,112.26227777777781,112.54545454545455
23412,2021-09-03 21:15:00,2021-09-03 21:30:00,111.0,114.77830952380951,114.80044444444441,112.52727272727273
23413,2021-09-03 21:30:00,2021-09-03 21:45:00,113.0,113.1561111111111,113.67555555555555,112.4590909090909
23414,2021-09-03 21:45:00,2021-09-03 22:00:00,104.0,111.08277777777779,110.41666666666669,110.69545454545455
23415,2021-09-03 22:00:00,2021-09-03 22:15:00,87.0,93.2893333333333,94.03549999999998,92.00909090909092
23416,2021-09-03 22:15:00,2021-09-03 22:30:00,102.0,102.17730158730164,100.81500000000004,105.65454545454546
23417,2021-09-03 22:30:00,2021-09-03 22:45:00,112.0,104.65349999999994,104.0242222222222,105.50909090909092
23418,2021-09-03 22:45:00,2021-09-03 23:00:00,119.0,109.11250000000005,109.3092222222222,109.41363636363636
23419,2021-09-03 23:00:00,2021-09-03 23:15:00,112.0,115.24777777777778,117.45549999999996,116.66818181818182
23420,2021-09-03 23:15:00,2021-09-03 23:30:00,105.0,106.37461111111114,105.75694444444444,110.16818181818182
23421,2021-09-03 23:30:00,2021-09-03 23:45:00,100.0,104.06255555555553,104.07672222222222,107.9
23422,2021-09-03 23:45:00,2021-09-04 00:00:00,87.0,78.3592936507936,80.7605,87.13636363636364
23423,2021-09-04 00:00:00,2021-09-04 00:15:00,69.0,69.27588888888889,70.11238888888892,70.4
23424,2021-09-04 00:15:00,2021-09-04 00:30:00,64.0,65.49872222222221,64.91644444444444,66.89090909090909
23425,2021-09-04 00:30:00,2021-09-04 00:45:00,61.0,64.46600000000001,64.51177777777778,64.40454545454546
23426,2021-09-04 00:45:00,2021-09-04 01:00:00,60.0,61.70627777777776,62.37194444444445,61.20454545454545
23427,2021-09-04 01:00:00,2021-09-04 01:15:00,90.0,89.86316666666667,89.88677777777781,91.00454545454545
23428,2021-09-04 01:15:00,2021-09-04 01:30:00,114.0,100.84866666666672,100.39905555555556,101.92727272727272
23429,2021-09-04 01:30:00,2021-09-04 01:45:00,112.0,112.34999999999998,113.29377777777778,113.88636363636364
23430,2021-09-04 01:45:00,2021-09-04 02:00:00,108.0,110.93794444444444,110.62527777777774,112.0
23431,2021-09-04 02:00:00,2021-09-04 02:15:00,101.0,106.95444444444446,104.9161666666667,109.91363636363636
23432,2021-09-04 02:15:00,2021-09-04 02:30:00,103.0,101.3375,100.10422222222225,109.50454545454545
23433,2021-09-04 02:30:00,2021-09-04 02:45:00,103.0,103.13961111111111,103.34088888888893,104.34545454545454
23434,2021-09-04 02:45:00,2021-09-04 03:00:00,107.0,103.0840555555556,103.23588888888891,101.55454545454545
23435,2021-09-04 03:00:00,2021-09-04 03:15:00,93.0,94.00205555555564,95.33077777777778,100.2
23436,2021-09-04 03:15:00,2021-09-04 03:30:00,103.0,107.38883333333338,104.97233333333331,108.45
23437,2021-09-04 03:30:00,2021-09-04 03:45:00,98.0,102.31453439153437,103.1252222222222,102.68636363636364
23438,2021-09-04 03:45:00,2021-09-04 04:00:00,97.0,102.02144444444444,101.74649999999998,103.30909090909091
23439,2021-09-04 04:00:00,2021-09-04 04:15:00,105.0,99.14699999999998,101.11188888888887,103.81818181818181
23440,2021-09-04 04:15:00,2021-09-04 04:30:00,112.0,104.30037667887672,104.3346666666667,104.52272727272727
23441,2021-09-04 04:30:00,2021-09-04 04:45:00,109.0,108.87849999999997,109.3782142857143,110.65
23442,2021-09-04 04:45:00,2021-09-04 05:00:00,108.0,104.01633333333332,105.30711111111107,102.0
23443,2021-09-04 05:00:00,2021-09-04 05:15:00,83.0,84.63922222222219,86.66222222222224,83.04545454545455
23444,2021-09-04 05:15:00,2021-09-04 05:30:00,73.0,75.87290476190475,75.90633333333335,75.56818181818181
23445,2021-09-04 05:30:00,2021-09-04 05:45:00,92.0,94.9835555555555,93.43144444444445,96.65454545454546
23446,2021-09-04 05:45:00,2021-09-04 06:00:00,105.0,100.18794444444443,100.2395,103.40454545454546
23447,2021-09-04 06:00:00,2021-09-04 06:15:00,107.0,107.61421428571428,109.01638888888886,108.88181818181818
23448,2021-09-04 06:15:00,2021-09-04 06:30:00,116.0,104.4621111111111,105.21794444444447,105.8
23449,2021-09-04 06:30:00,2021-09-04 06:45:00,111.0,109.8216111111111,109.59583333333336,113.46363636363637
23450,2021-09-04 06:45:00,2021-09-04 07:00:00,108.0,105.65594444444442,106.73427777777776,104.80909090909091
23451,2021-09-04 07:00:00,2021-09-04 07:15:00,97.0,100.08522222222216,100.07166666666669,103.80454545454545
23452,2021-09-04 07:15:00,2021-09-04 07:30:00,84.0,97.69507142857142,100.78877777777777,93.02272727272727
23453,2021-09-04 07:30:00,2021-09-04 07:45:00,58.0,63.18483333333337,66.201,64.51363636363637
23454,2021-09-04 07:45:00,2021-09-04 08:00:00,40.0,34.70073015873017,36.82588888888888,34.981818181818184
23455,2021-09-04 08:00:00,2021-09-04 08:15:00,37.0,32.99805555555555,35.151500000000006,27.436363636363637
23456,2021-09-04 08:15:00,2021-09-04 08:30:00,31.0,35.297833333333344,37.22655555555556,37.622727272727275
23457,2021-09-04 08:30:00,2021-09-04 08:45:00,31.0,33.03538888888888,32.15711111111111,42.78181818181818
23458,2021-09-04 08:45:00,2021-09-04 09:00:00,31.0,33.42883333333334,33.699000000000005,42.72727272727273
23459,2021-09-04 09:00:00,2021-09-04 09:15:00,32.0,33.60255555555555,34.51188888888891,42.43181818181818
23460,2021-09-04 09:15:00,2021-09-04 09:30:00,31.0,35.782555555555554,37.3292777777778,44.377272727272725
23461,2021-09-04 09:30:00,2021-09-04 09:45:00,31.0,36.42683333333333,36.81594444444446,43.42727272727273
23462,2021-09-04 09:45:00,2021-09-04 10:00:00,32.0,37.05394444444444,37.858055555555566,44.77272727272727
23463,2021-09-04 10:00:00,2021-09-04 10:15:00,32.0,37.17566666666667,39.92344444444447,40.35454545454545
23464,2021-09-04 10:15:00,2021-09-04 10:30:00,32.0,36.98880158730159,39.71833333333335,42.25
23465,2021-09-04 10:30:00,2021-09-04 10:45:00,36.0,38.83274603174602,40.781944444444456,42.91818181818182
23466,2021-09-04 10:45:00,2021-09-04 11:00:00,34.0,49.931765873015905,52.33022222222226,55.57272727272727
23467,2021-09-04 11:00:00,2021-09-04 11:15:00,32.0,43.99105555555557,45.51794444444449,51.63636363636363
23468,2021-09-04 11:15:00,2021-09-04 11:30:00,32.0,38.15821428571427,40.08216666666669,41.231818181818184
23469,2021-09-04 11:30:00,2021-09-04 11:45:00,32.0,39.80883333333331,40.77355555555557,43.10909090909091
23470,2021-09-04 11:45:00,2021-09-04 12:00:00,32.0,38.733460317460306,40.34055555555557,43.89090909090909
23471,2021-09-04 12:00:00,2021-09-04 12:15:00,33.0,37.88618253968254,40.41094444444446,40.38636363636363
23472,2021-09-04 12:15:00,2021-09-04 12:30:00,34.0,40.966896825396844,44.197333333333376,43.70454545454545
23473,2021-09-04 12:30:00,2021-09-04 12:45:00,33.0,46.35838888888893,47.86433333333337,48.268181818181816
23474,2021-09-04 12:45:00,2021-09-04 13:00:00,32.0,42.263936507936535,45.214944444444484,45.52272727272727
23475,2021-09-04 13:00:00,2021-09-04 13:15:00,32.0,39.078015873015886,40.98038888888891,40.07727272727273
23476,2021-09-04 13:15:00,2021-09-04 13:30:00,32.0,38.70389682539683,41.03988888888891,41.93636363636364
23477,2021-09-04 13:30:00,2021-09-04 13:45:00,33.0,39.805444444444454,41.25950000000002,43.445454545454545
23478,2021-09-04 13:45:00,2021-09-04 14:00:00,37.0,41.805825396825426,44.94850000000003,48.8
23479,2021-09-04 14:00:00,2021-09-04 14:15:00,35.0,56.219904761904786,57.172888888888934,55.25454545454546
23480,2021-09-04 14:15:00,2021-09-04 14:30:00,34.0,48.74367460317462,49.87983333333337,52.71363636363636
23481,2021-09-04 14:30:00,2021-09-04 14:45:00,33.0,47.06400000000002,47.6060555555556,50.972727272727276
23482,2021-09-04 14:45:00,2021-09-04 15:00:00,33.0,42.96018253968256,44.576000000000036,48.63636363636363
23483,2021-09-04 15:00:00,2021-09-04 15:15:00,33.0,41.68223809523813,43.912555555555606,43.627272727272725
23484,2021-09-04 15:15:00,2021-09-04 15:30:00,33.0,41.29700793650795,44.13638888888893,42.654545454545456
23485,2021-09-04 15:30:00,2021-09-04 15:45:00,33.0,42.195222222222256,44.18666666666671,44.50454545454546
23486,2021-09-04 15:45:00,2021-09-04 16:00:00,33.0,42.44354761904765,44.918277777777824,47.69090909090909
23487,2021-09-04 16:00:00,2021-09-04 16:15:00,33.0,42.07962698412701,44.37133333333338,48.972727272727276
23488,2021-09-04 16:15:00,2021-09-04 16:30:00,33.0,41.919174603174625,44.096888888888934,46.93181818181818
23489,2021-09-04 16:30:00,2021-09-04 16:45:00,35.0,42.76836111111113,44.15027777777782,48.45454545454545
23490,2021-09-04 16:45:00,2021-09-04 17:00:00,43.0,49.94038095238099,51.500777777777834,54.736363636363635
23491,2021-09-04 17:00:00,2021-09-04 17:15:00,40.0,68.9769365079365,71.87049999999999,62.88636363636363
23492,2021-09-04 17:15:00,2021-09-04 17:30:00,35.0,57.73520634920638,57.85377777777779,58.06818181818182
23493,2021-09-04 17:30:00,2021-09-04 17:45:00,33.0,50.54444444444446,50.55833333333335,49.58181818181818
23494,2021-09-04 17:45:00,2021-09-04 18:00:00,31.0,44.758710317460334,45.593944444444475,46.595454545454544
23495,2021-09-04 18:00:00,2021-09-04 18:15:00,29.0,40.92765476190477,39.24555555555557,40.25909090909091
23496,2021-09-04 18:15:00,2021-09-04 18:30:00,25.0,30.06231349206349,29.701166666666662,28.854545454545455
23497,2021-09-04 18:30:00,2021-09-04 18:45:00,24.0,26.271333333333327,26.077833333333334,23.363636363636363
23498,2021-09-04 18:45:00,2021-09-04 19:00:00,24.0,25.114642857142854,25.330999999999996,22.681818181818183
23499,2021-09-04 19:00:00,2021-09-04 19:15:00,25.0,24.865,25.739944444444443,23.009090909090908
23500,2021-09-04 19:15:00,2021-09-04 19:30:00,23.0,25.360603174603177,24.823166666666662,24.727272727272727
23501,2021-09-04 19:30:00,2021-09-04 19:45:00,22.0,23.599111111111103,23.23711111111111,23.259090909090908
23502,2021-09-04 19:45:00,2021-09-04 20:00:00,23.0,22.41666666666666,22.223833333333324,22.181818181818183
23503,2021-09-04 20:00:00,2021-09-04 20:15:00,22.0,23.63991269841271,24.95272222222222,22.972727272727273
23504,2021-09-04 20:15:00,2021-09-04 20:30:00,25.0,22.819444444444443,22.64452222222222,22.495454545454546
23505,2021-09-04 20:30:00,2021-09-04 20:45:00,27.0,27.129095238095246,27.00138888888889,26.427272727272726
23506,2021-09-04 20:45:00,2021-09-04 21:00:00,25.0,24.867190476190476,24.732555555555553,23.822727272727274
23507,2021-09-04 21:00:00,2021-09-04 21:15:00,22.0,23.385055555555553,25.53255555555557,22.054545454545455
23508,2021-09-04 21:15:00,2021-09-04 21:30:00,23.0,22.179111111111105,22.26383333333333,21.936363636363637
23509,2021-09-04 21:30:00,2021-09-04 21:45:00,23.0,22.827500000000004,23.01844444444444,23.077272727272728
23510,2021-09-04 21:45:00,2021-09-04 22:00:00,22.0,22.833444444444435,22.94827777777778,23.304545454545455
23511,2021-09-04 22:00:00,2021-09-04 22:15:00,22.0,22.8596111111111,23.03672222222222,23.454545454545453
23512,2021-09-04 22:15:00,2021-09-04 22:30:00,23.0,22.357190476190482,22.285211052322165,23.37727272727273
23513,2021-09-04 22:30:00,2021-09-04 22:45:00,23.0,22.506444444444437,22.664055555555557,23.072727272727274
23514,2021-09-04 22:45:00,2021-09-04 23:00:00,23.0,23.11296031746032,23.154388888888892,23.35
23515,2021-09-04 23:00:00,2021-09-04 23:15:00,22.0,23.260150793650794,23.557722222222218,22.76818181818182
23516,2021-09-04 23:15:00,2021-09-04 23:30:00,22.0,22.994150793650793,23.716404761904766,22.48181818181818
23517,2021-09-04 23:30:00,2021-09-04 23:45:00,23.0,23.107777777777777,23.38605555555555,22.85
23518,2021-09-04 23:45:00,2021-09-05 00:00:00,23.0,23.015547619047616,22.91655555555555,22.845454545454544
23519,2021-09-05 00:00:00,2021-09-05 00:15:00,22.0,22.788055555555562,22.48733333333333,22.240909090909092
23520,2021-09-05 00:15:00,2021-09-05 00:30:00,24.0,22.753134920634924,22.718222222222217,22.44090909090909
23521,2021-09-05 00:30:00,2021-09-05 00:45:00,26.0,25.887619047619047,26.126777777777775,24.745454545454546
23522,2021-09-05 00:45:00,2021-09-05 01:00:00,24.0,25.03414285714286,25.103388888888894,24.572727272727274
23523,2021-09-05 01:00:00,2021-09-05 01:15:00,22.0,22.492666666666672,23.180944444444442,21.904545454545456
23524,2021-09-05 01:15:00,2021-09-05 01:30:00,22.0,22.007259259259264,21.952222222222222,21.85909090909091
23525,2021-09-05 01:30:00,2021-09-05 01:45:00,22.0,22.067988073539272,22.02080808080808,22.0
23526,2021-09-05 01:45:00,2021-09-05 02:00:00,22.0,22.08122091503268,22.115729564160123,22.413636363636364
23527,2021-09-05 02:00:00,2021-09-05 02:15:00,22.0,22.237470706177213,22.36176094276095,22.75
23528,2021-09-05 02:15:00,2021-09-05 02:30:00,22.0,22.04841139122316,21.91309427609428,22.504545454545454
23529,2021-09-05 02:30:00,2021-09-05 02:45:00,22.0,22.117589114199635,22.05036953024453,22.4
23530,2021-09-05 02:45:00,2021-09-05 03:00:00,22.0,22.094224338624336,22.094626984126986,22.381818181818183
23531,2021-09-05 03:00:00,2021-09-05 03:15:00,22.0,22.325544973544975,22.31278985507246,22.363636363636363
23532,2021-09-05 03:15:00,2021-09-05 03:30:00,22.0,22.955619984283032,23.13629107404042,22.25
23533,2021-09-05 03:30:00,2021-09-05 03:45:00,22.0,22.333893799643793,22.423208325627034,22.259090909090908
23534,2021-09-05 03:45:00,2021-09-05 04:00:00,22.0,22.65408905808906,22.634289725646173,22.554545454545455
23535,2021-09-05 04:00:00,2021-09-05 04:15:00,23.0,22.566530857030862,22.66967758297064,22.395454545454545
23536,2021-09-05 04:15:00,2021-09-05 04:30:00,27.0,23.409888888888897,23.315777777777786,23.05909090909091
23537,2021-09-05 04:30:00,2021-09-05 04:45:00,25.0,25.44228571428571,25.444055555555565,25.036363636363635
23538,2021-09-05 04:45:00,2021-09-05 05:00:00,22.0,22.602111111111096,22.317111111111103,21.995454545454546
23539,2021-09-05 05:00:00,2021-09-05 05:15:00,22.0,22.045777777777776,22.02894444444445,21.754545454545454
23540,2021-09-05 05:15:00,2021-09-05 05:30:00,22.0,22.022377777777777,22.036247474747473,21.9
23541,2021-09-05 05:30:00,2021-09-05 05:45:00,22.0,22.09291519196867,22.026432906159567,22.027272727272727
23542,2021-09-05 05:45:00,2021-09-05 06:00:00,22.0,22.063697126489604,22.05186171274393,22.21818181818182
23543,2021-09-05 06:00:00,2021-09-05 06:15:00,22.0,22.01479675277519,22.02166799507949,22.063636363636363
23544,2021-09-05 06:15:00,2021-09-05 06:30:00,22.0,22.080471263125126,22.12419855668684,21.936363636363637
23545,2021-09-05 06:30:00,2021-09-05 06:45:00,22.0,21.99302504409172,22.00715798358892,21.931818181818183
23546,2021-09-05 06:45:00,2021-09-05 07:00:00,22.0,22.038381393298067,22.023442632850248,21.945454545454545
23547,2021-09-05 07:00:00,2021-09-05 07:15:00,22.0,22.260868506710622,22.529205806381228,21.64090909090909
23548,2021-09-05 07:15:00,2021-09-05 07:30:00,22.0,23.017712443967604,23.297750461173187,21.754545454545454
23549,2021-09-05 07:30:00,2021-09-05 07:45:00,22.0,22.330462275758318,22.358396482356213,22.009090909090908
23550,2021-09-05 07:45:00,2021-09-05 08:00:00,22.0,22.34752406922802,22.387025634149836,21.763636363636362
23551,2021-09-05 08:00:00,2021-09-05 08:15:00,25.0,22.73080417922523,22.99370578228251,22.345454545454544
23552,2021-09-05 08:15:00,2021-09-05 08:30:00,27.0,27.790944444444456,27.711500000000008,26.386363636363637
23553,2021-09-05 08:30:00,2021-09-05 08:45:00,23.0,23.62806349206349,23.852722222222212,24.10909090909091
23554,2021-09-05 08:45:00,2021-09-05 09:00:00,23.0,22.411666666666665,22.2125,22.45
23555,2021-09-05 09:00:00,2021-09-05 09:15:00,22.0,22.672126984126983,22.678388888888893,22.854545454545455
23556,2021-09-05 09:15:00,2021-09-05 09:30:00,22.0,22.179912698412693,22.227966666666664,22.086363636363636
23557,2021-09-05 09:30:00,2021-09-05 09:45:00,22.0,22.103061789304917,22.075303554059115,22.29090909090909
23558,2021-09-05 09:45:00,2021-09-05 10:00:00,23.0,22.201019250605768,22.170199355861694,22.21818181818182
23559,2021-09-05 10:00:00,2021-09-05 10:15:00,22.0,22.737698412698418,22.401111111111113,23.336363636363636
23560,2021-09-05 10:15:00,2021-09-05 10:30:00,22.0,22.127190476190474,22.16945664881259,22.313636363636363
23561,2021-09-05 10:30:00,2021-09-05 10:45:00,22.0,22.04711111111111,22.023555555555557,22.195454545454545
23562,2021-09-05 10:45:00,2021-09-05 11:00:00,22.0,22.755590392648287,22.618795334496625,22.21818181818182
23563,2021-09-05 11:00:00,2021-09-05 11:15:00,22.0,22.826642901608995,22.816676470588245,22.37727272727273
23564,2021-09-05 11:15:00,2021-09-05 11:30:00,22.0,22.84484236345835,22.87105486563134,22.59090909090909
23565,2021-09-05 11:30:00,2021-09-05 11:45:00,22.0,22.544184380841266,22.561927077290555,24.5
23566,2021-09-05 11:45:00,2021-09-05 12:00:00,22.0,22.813827383647435,22.72457831903127,22.75
23567,2021-09-05 12:00:00,2021-09-05 12:15:00,26.0,22.414229367774407,22.432453699398085,22.681818181818183
23568,2021-09-05 12:15:00,2021-09-05 12:30:00,26.0,27.25794444444447,27.635055555555567,26.736363636363638
23569,2021-09-05 12:30:00,2021-09-05 12:45:00,22.0,22.51406349206349,22.81805555555555,22.60909090909091
23570,2021-09-05 12:45:00,2021-09-05 13:00:00,22.0,22.05943434343434,21.998499999999996,21.936363636363637
23571,2021-09-05 13:00:00,2021-09-05 13:15:00,23.0,22.163333333333334,22.192999999999994,22.004545454545454
23572,2021-09-05 13:15:00,2021-09-05 13:30:00,22.0,22.420539682539694,22.81161111111111,22.631818181818183
23573,2021-09-05 13:30:00,2021-09-05 13:45:00,22.0,22.214286492374722,22.304826786382343,22.236363636363638
23574,2021-09-05 13:45:00,2021-09-05 14:00:00,22.0,22.160307810704673,22.078742221218512,22.39090909090909
23575,2021-09-05 14:00:00,2021-09-05 14:15:00,23.0,22.282341269841268,22.349604564160124,22.677272727272726
23576,2021-09-05 14:15:00,2021-09-05 14:30:00,23.0,22.470468253968264,22.454611111111113,23.618181818181817
23577,2021-09-05 14:30:00,2021-09-05 14:45:00,23.0,23.02425,22.724722222222223,23.96818181818182
23578,2021-09-05 14:45:00,2021-09-05 15:00:00,23.0,24.905357142857135,24.92688888888888,24.45909090909091
23579,2021-09-05 15:00:00,2021-09-05 15:15:00,23.0,24.7647222222222,24.14127777777777,23.804545454545455
23580,2021-09-05 15:15:00,2021-09-05 15:30:00,23.0,23.282404761904765,23.130555555555553,23.172727272727272
23581,2021-09-05 15:30:00,2021-09-05 15:45:00,23.0,23.131238095238082,22.957111111111104,23.25
23582,2021-09-05 15:45:00,2021-09-05 16:00:00,28.0,23.335055555555545,23.504222222222214,23.236363636363638
23583,2021-09-05 16:00:00,2021-09-05 16:15:00,25.0,26.209499999999995,26.948944444444454,26.490909090909092
23584,2021-09-05 16:15:00,2021-09-05 16:30:00,23.0,22.994999999999997,22.97361111111111,22.477272727272727
23585,2021-09-05 16:30:00,2021-09-05 16:45:00,23.0,22.543166666666664,22.582666666666668,22.572727272727274
23586,2021-09-05 16:45:00,2021-09-05 17:00:00,22.0,22.737111111111112,22.650944444444445,22.76818181818182
23587,2021-09-05 17:00:00,2021-09-05 17:15:00,22.0,22.662607142857155,22.815277777777773,22.65
23588,2021-09-05 17:15:00,2021-09-05 17:30:00,23.0,22.59555555555555,22.633841269841266,22.763636363636362
23589,2021-09-05 17:30:00,2021-09-05 17:45:00,22.0,22.452944444444437,22.254999999999995,23.90909090909091
23590,2021-09-05 17:45:00,2021-09-05 18:00:00,23.0,22.64244444444445,22.576633333333326,23.3
23591,2021-09-05 18:00:00,2021-09-05 18:15:00,22.0,22.692722222222226,23.223722222222218,23.095454545454544
23592,2021-09-05 18:15:00,2021-09-05 18:30:00,22.0,22.713293650793652,22.82261111111111,23.013636363636362
23593,2021-09-05 18:30:00,2021-09-05 18:45:00,22.0,22.99882407407408,23.117888888888878,22.44090909090909
23594,2021-09-05 18:45:00,2021-09-05 19:00:00,22.0,22.982120370370374,23.02026649034907,22.845454545454544
23595,2021-09-05 19:00:00,2021-09-05 19:15:00,23.0,23.340317773817766,23.52305555555556,22.9
23596,2021-09-05 19:15:00,2021-09-05 19:30:00,24.0,23.188952380952372,23.19755555555555,22.895454545454545
23597,2021-09-05 19:30:00,2021-09-05 19:45:00,27.0,25.26748015873017,25.13144444444444,25.368181818181817
23598,2021-09-05 19:45:00,2021-09-05 20:00:00,23.0,24.177380952380965,24.006222222222252,23.64090909090909
23599,2021-09-05 20:00:00,2021-09-05 20:15:00,23.0,22.35796825396825,22.520722222222215,22.45
23600,2021-09-05 20:15:00,2021-09-05 20:30:00,23.0,22.33611111111111,22.34244444444445,22.563636363636363
23601,2021-09-05 20:30:00,2021-09-05 20:45:00,23.0,22.437388888888886,22.4365,22.831818181818182
23602,2021-09-05 20:45:00,2021-09-05 21:00:00,23.0,22.51033333333333,22.448611111111113,22.895454545454545
23603,2021-09-05 21:00:00,2021-09-05 21:15:00,22.0,22.49266666666666,22.704166666666666,22.618181818181817
23604,2021-09-05 21:15:00,2021-09-05 21:30:00,23.0,22.601555555555557,22.452076131687242,23.322727272727274
23605,2021-09-05 21:30:00,2021-09-05 21:45:00,23.0,22.50033333333333,22.410833333333326,23.490909090909092
23606,2021-09-05 21:45:00,2021-09-05 22:00:00,22.0,22.773579365079367,22.869777777777774,22.772727272727273
23607,2021-09-05 22:00:00,2021-09-05 22:15:00,23.0,23.955888888888886,24.31972222222222,23.304545454545455
23608,2021-09-05 22:15:00,2021-09-05 22:30:00,22.0,22.818198412698404,22.933,22.563636363636363
23609,2021-09-05 22:30:00,2021-09-05 22:45:00,23.0,22.78323015873016,22.912338050314467,22.295454545454547
23610,2021-09-05 22:45:00,2021-09-05 23:00:00,27.0,22.906603174603177,22.982294871794867,22.277272727272727
23611,2021-09-05 23:00:00,2021-09-05 23:15:00,24.0,25.359809523809528,25.432999999999996,25.504545454545454
23612,2021-09-05 23:15:00,2021-09-05 23:30:00,23.0,22.6571111111111,22.482555555555553,22.045454545454547
23613,2021-09-05 23:30:00,2021-09-05 23:45:00,23.0,22.576555555555544,22.63805555555556,22.704545454545453
23614,2021-09-05 23:45:00,2021-09-06 00:00:00,22.0,25.043833333333325,22.66683333333333,23.686363636363637
23615,2021-09-06 00:00:00,2021-09-06 00:15:00,21.0,28.48777777777777,27.589388888888887,22.427272727272726
23616,2021-09-06 00:15:00,2021-09-06 00:30:00,22.0,21.37044444444446,21.670999999999996,21.23181818181818
23617,2021-09-06 00:30:00,2021-09-06 00:45:00,22.0,23.095333333333347,23.246111111111112,24.759090909090908
23618,2021-09-06 00:45:00,2021-09-06 01:00:00,22.0,22.402,22.37172222222222,24.46818181818182
23619,2021-09-06 01:00:00,2021-09-06 01:15:00,22.0,23.379722222222217,22.768500000000003,23.1
23620,2021-09-06 01:15:00,2021-09-06 01:30:00,22.0,23.079746031746026,22.9290138888889,23.03181818181818
23621,2021-09-06 01:30:00,2021-09-06 01:45:00,22.0,22.755611111111115,22.731347222222233,22.795454545454547
23622,2021-09-06 01:45:00,2021-09-06 02:00:00,22.0,22.98006349206349,22.861272323436804,22.604545454545455
23623,2021-09-06 02:00:00,2021-09-06 02:15:00,22.0,23.012952380952374,23.121512820512816,22.60909090909091
23624,2021-09-06 02:15:00,2021-09-06 02:30:00,27.0,23.64246825396825,23.698563438438452,23.09090909090909
23625,2021-09-06 02:30:00,2021-09-06 02:45:00,25.0,25.96616666666666,26.082111111111118,25.87272727272727
23626,2021-09-06 02:45:00,2021-09-06 03:00:00,22.0,22.76716666666666,22.596611111111102,21.986363636363638
23627,2021-09-06 03:00:00,2021-09-06 03:15:00,22.0,22.01645238095238,22.14977777777778,22.077272727272728
23628,2021-09-06 03:15:00,2021-09-06 03:30:00,22.0,22.315222222222214,22.52677777777778,22.85909090909091
23629,2021-09-06 03:30:00,2021-09-06 03:45:00,22.0,22.198944444444443,22.441277777777785,23.131818181818183
23630,2021-09-06 03:45:00,2021-09-06 04:00:00,22.0,22.311833333333336,22.41816666666667,23.1
23631,2021-09-06 04:00:00,2021-09-06 04:15:00,22.0,22.567722222222226,22.746000000000002,23.713636363636365
23632,2021-09-06 04:15:00,2021-09-06 04:30:00,22.0,23.251619047619037,23.35560196078432,25.336363636363636
23633,2021-09-06 04:30:00,2021-09-06 04:45:00,22.0,22.5151111111111,22.684777777777782,25.013636363636362
23634,2021-09-06 04:45:00,2021-09-06 05:00:00,22.0,22.796213450292385,22.883444444444457,23.23181818181818
23635,2021-09-06 05:00:00,2021-09-06 05:15:00,22.0,22.988546783625733,23.13934615384615,23.113636363636363
23636,2021-09-06 05:15:00,2021-09-06 05:30:00,22.0,23.38304617604617,23.687220855367933,23.095454545454544
23637,2021-09-06 05:30:00,2021-09-06 05:45:00,22.0,22.77818386876281,22.99937615839822,23.14090909090909
23638,2021-09-06 05:45:00,2021-09-06 06:00:00,24.0,23.05789598997493,23.168833423355483,23.313636363636363
23639,2021-09-06 06:00:00,2021-09-06 06:15:00,26.0,27.439833333333347,27.03744444444444,24.76818181818182
23640,2021-09-06 06:15:00,2021-09-06 06:30:00,23.0,24.54304761904762,24.083722222222217,23.895454545454545
23641,2021-09-06 06:30:00,2021-09-06 06:45:00,22.0,22.28433333333333,21.964333333333332,22.527272727272727
23642,2021-09-06 06:45:00,2021-09-06 07:00:00,24.0,22.405388888888876,22.39127777777778,23.136363636363637
23643,2021-09-06 07:00:00,2021-09-06 07:15:00,29.0,28.931888888888903,28.34650000000001,28.55
23644,2021-09-06 07:15:00,2021-09-06 07:30:00,38.0,34.02134126984128,32.45488888888888,36.60454545454545
23645,2021-09-06 07:30:00,2021-09-06 07:45:00,61.0,65.65133333333335,64.96338888888889,62.00909090909091
23646,2021-09-06 07:45:00,2021-09-06 08:00:00,81.0,100.28999999999998,102.13011111111109,94.02272727272727
23647,2021-09-06 08:00:00,2021-09-06 08:15:00,157.0,121.31644444444451,121.16011111111114,130.5090909090909
23648,2021-09-06 08:15:00,2021-09-06 08:30:00,170.0,176.5030634920634,176.42911111111118,179.76363636363635
23649,2021-09-06 08:30:00,2021-09-06 08:45:00,180.0,181.3426666666667,180.8881111111111,180.0909090909091
23650,2021-09-06 08:45:00,2021-09-06 09:00:00,176.0,181.66616666666658,181.44605555555543,182.4227272727273
23651,2021-09-06 09:00:00,2021-09-06 09:15:00,165.0,162.9187063492063,166.6656666666666,170.02727272727273
23652,2021-09-06 09:15:00,2021-09-06 09:30:00,148.0,162.05755555555558,161.2608333333333,166.4409090909091
23653,2021-09-06 09:30:00,2021-09-06 09:45:00,151.0,163.80888888888896,164.235888888889,164.69545454545454
23654,2021-09-06 09:45:00,2021-09-06 10:00:00,165.0,158.35850000000002,159.83005555555553,160.70454545454547
23655,2021-09-06 10:00:00,2021-09-06 10:15:00,144.0,129.62350000000006,128.24794444444444,154.64545454545456
23656,2021-09-06 10:15:00,2021-09-06 10:30:00,190.0,166.2313333333333,166.20388888888888,162.4227272727273
23657,2021-09-06 10:30:00,2021-09-06 10:45:00,175.0,188.52844444444452,189.39666666666662,189.21818181818182
23658,2021-09-06 10:45:00,2021-09-06 11:00:00,174.0,173.5893888888889,172.51899999999998,175.4227272727273
23659,2021-09-06 11:00:00,2021-09-06 11:15:00,176.0,170.44711111111107,163.5232222222222,173.07272727272726
23660,2021-09-06 11:15:00,2021-09-06 11:30:00,180.0,171.29838888888895,171.50044444444435,175.8909090909091
23661,2021-09-06 11:30:00,2021-09-06 11:45:00,175.0,175.86619444444446,176.4945555555555,176.35454545454544
23662,2021-09-06 11:45:00,2021-09-06 12:00:00,172.0,173.0192777777778,172.75033333333332,171.51363636363635
23663,2021-09-06 12:00:00,2021-09-06 12:15:00,119.0,117.65622222222223,121.97122222222221,118.93636363636364
23664,2021-09-06 12:15:00,2021-09-06 12:30:00,98.0,103.39700000000002,104.64161111111112,103.57727272727273
23665,2021-09-06 12:30:00,2021-09-06 12:45:00,93.0,96.40347619047617,96.37866666666666,95.63181818181818
23666,2021-09-06 12:45:00,2021-09-06 13:00:00,124.0,124.07344444444442,124.22233333333335,126.27727272727273
23667,2021-09-06 13:00:00,2021-09-06 13:15:00,150.0,165.95116666666667,164.97311111111108,161.71818181818182
23668,2021-09-06 13:15:00,2021-09-06 13:30:00,163.0,161.99883333333332,160.5293888888889,162.04090909090908
23669,2021-09-06 13:30:00,2021-09-06 13:45:00,164.0,171.97844444444442,171.5407222222222,169.6681818181818
23670,2021-09-06 13:45:00,2021-09-06 14:00:00,161.0,164.62527777777774,163.81044444444447,163.34545454545454
23671,2021-09-06 14:00:00,2021-09-06 14:15:00,159.0,155.89044444444443,154.5227777777778,156.73636363636365
23672,2021-09-06 14:15:00,2021-09-06 14:30:00,163.0,160.8621666666666,159.60361111111112,160.0590909090909
23673,2021-09-06 14:30:00,2021-09-06 14:45:00,156.0,163.63272222222218,161.2551111111111,163.56363636363636
23674,2021-09-06 14:45:00,2021-09-06 15:00:00,161.0,162.27444444444436,161.81033333333332,161.95454545454547
23675,2021-09-06 15:00:00,2021-09-06 15:15:00,134.0,128.812,129.21699999999998,138.86363636363637
23676,2021-09-06 15:15:00,2021-09-06 15:30:00,158.0,156.9448888888889,155.4959444444444,156.76818181818183
23677,2021-09-06 15:30:00,2021-09-06 15:45:00,171.0,159.11849999999995,158.7278888888889,158.93636363636364
23678,2021-09-06 15:45:00,2021-09-06 16:00:00,168.0,164.35555555555553,164.67200000000005,168.38181818181818
23679,2021-09-06 16:00:00,2021-09-06 16:15:00,152.0,154.16783333333336,149.5838888888889,161.53636363636363
23680,2021-09-06 16:15:00,2021-09-06 16:30:00,143.0,158.58511111111105,158.1582222222222,158.63181818181818
23681,2021-09-06 16:30:00,2021-09-06 16:45:00,145.0,150.6258888888888,150.76855555555557,152.1590909090909
23682,2021-09-06 16:45:00,2021-09-06 17:00:00,144.0,147.9726111111111,148.26905555555564,145.52727272727273
23683,2021-09-06 17:00:00,2021-09-06 17:15:00,115.0,108.69302380952382,107.67644444444441,114.51363636363637
23684,2021-09-06 17:15:00,2021-09-06 17:30:00,102.0,109.43877777777782,111.83633333333336,108.67272727272727
23685,2021-09-06 17:30:00,2021-09-06 17:45:00,148.0,137.88700000000006,134.49288888888896,138.46363636363637
23686,2021-09-06 17:45:00,2021-09-06 18:00:00,147.0,153.4293888888889,154.57750000000004,156.86363636363637
23687,2021-09-06 18:00:00,2021-09-06 18:15:00,153.0,141.92188888888887,140.32644444444443,147.3409090909091
23688,2021-09-06 18:15:00,2021-09-06 18:30:00,154.0,155.73622222222227,156.0093888888889,156.6818181818182
23689,2021-09-06 18:30:00,2021-09-06 18:45:00,150.0,148.9896666666667,149.8961111111111,153.03636363636363
23690,2021-09-06 18:45:00,2021-09-06 19:00:00,152.0,146.82177777777773,146.73794444444445,149.38181818181818
23691,2021-09-06 19:00:00,2021-09-06 19:15:00,145.0,144.1767777777778,142.95900000000003,147.64545454545456
23692,2021-09-06 19:15:00,2021-09-06 19:30:00,136.0,142.3146111111111,140.29416666666665,147.1409090909091
23693,2021-09-06 19:30:00,2021-09-06 19:45:00,137.0,131.8174444444445,132.65388888888887,132.94545454545454
23694,2021-09-06 19:45:00,2021-09-06 20:00:00,121.0,124.25216666666662,126.83933333333331,126.7090909090909
23695,2021-09-06 20:00:00,2021-09-06 20:15:00,121.0,113.14927777777778,112.3739444444444,112.31363636363636
23696,2021-09-06 20:15:00,2021-09-06 20:30:00,128.0,123.13394444444445,122.91794444444444,121.95
23697,2021-09-06 20:30:00,2021-09-06 20:45:00,117.0,124.6194444444445,125.09344444444447,126.49090909090908
23698,2021-09-06 20:45:00,2021-09-06 21:00:00,116.0,116.80107936507937,117.08183333333332,119.46363636363637
23699,2021-09-06 21:00:00,2021-09-06 21:15:00,133.0,111.26888888888888,112.11472222222224,116.9
23700,2021-09-06 21:15:00,2021-09-06 21:30:00,123.0,126.73666666666666,128.08038888888893,128.8318181818182
23701,2021-09-06 21:30:00,2021-09-06 21:45:00,114.0,117.8462777777778,118.89572222222225,119.2909090909091
23702,2021-09-06 21:45:00,2021-09-06 22:00:00,121.0,107.63138888888889,105.36694444444447,110.11818181818182
23703,2021-09-06 22:00:00,2021-09-06 22:15:00,105.0,110.56566666666666,111.65388888888889,107.15454545454546
23704,2021-09-06 22:15:00,2021-09-06 22:30:00,114.0,111.88527777777779,111.24961111111105,110.41363636363636
23705,2021-09-06 22:30:00,2021-09-06 22:45:00,108.0,110.32811111111107,108.75205555555557,110.06363636363636
23706,2021-09-06 22:45:00,2021-09-06 23:00:00,112.0,111.06594444444441,110.04216666666667,110.45
23707,2021-09-06 23:00:00,2021-09-06 23:15:00,108.0,107.77233333333334,108.32427777777777,107.83636363636364
23708,2021-09-06 23:15:00,2021-09-06 23:30:00,118.0,111.00516666666663,110.18133333333336,108.76818181818182
23709,2021-09-06 23:30:00,2021-09-06 23:45:00,109.0,110.80700000000002,111.55422222222221,113.38181818181818
23710,2021-09-06 23:45:00,2021-09-07 00:00:00,79.0,81.03283333333331,81.54911111111113,84.15
23711,2021-09-07 00:00:00,2021-09-07 00:15:00,74.0,67.97872222222219,67.03699999999998,63.11818181818182
23712,2021-09-07 00:15:00,2021-09-07 00:30:00,71.0,68.8372777777778,69.23311111111111,69.22727272727273
23713,2021-09-07 00:30:00,2021-09-07 00:45:00,70.0,68.5333333333333,67.34816666666669,71.75909090909092
23714,2021-09-07 00:45:00,2021-09-07 01:00:00,71.0,68.58,67.6868888888889,69.18181818181819
23715,2021-09-07 01:00:00,2021-09-07 01:15:00,93.0,96.96433333333339,96.86311111111112,96.28181818181818
23716,2021-09-07 01:15:00,2021-09-07 01:30:00,106.0,104.26355555555556,103.17616666666665,106.10909090909091
23717,2021-09-07 01:30:00,2021-09-07 01:45:00,116.0,112.33377777777783,112.38366666666668,111.85454545454546
23718,2021-09-07 01:45:00,2021-09-07 02:00:00,121.0,112.96949999999994,113.13172222222224,114.00454545454545
23719,2021-09-07 02:00:00,2021-09-07 02:15:00,118.0,117.942,118.78950000000002,120.42727272727272
23720,2021-09-07 02:15:00,2021-09-07 02:30:00,107.0,114.15133333333327,113.82866666666666,113.62272727272727
23721,2021-09-07 02:30:00,2021-09-07 02:45:00,108.0,107.18672222222222,106.64411111111113,107.78181818181818
23722,2021-09-07 02:45:00,2021-09-07 03:00:00,112.0,108.5801666666667,108.87138888888889,107.95
23723,2021-09-07 03:00:00,2021-09-07 03:15:00,100.0,105.46399999999998,105.89677777777779,96.9590909090909
23724,2021-09-07 03:15:00,2021-09-07 03:30:00,123.0,108.10188888888891,108.0776388888889,103.55454545454545
23725,2021-09-07 03:30:00,2021-09-07 03:45:00,112.0,118.2036111111111,121.06938888888888,116.35909090909091
23726,2021-09-07 03:45:00,2021-09-07 04:00:00,102.0,106.19777777777777,105.54777777777777,105.76818181818182
23727,2021-09-07 04:00:00,2021-09-07 04:15:00,97.0,103.36799999999994,98.62305555555555,106.97272727272727
23728,2021-09-07 04:15:00,2021-09-07 04:30:00,98.0,104.96744444444444,103.65227777777781,107.00454545454545
23729,2021-09-07 04:30:00,2021-09-07 04:45:00,119.0,105.29577777777774,104.353,103.24090909090908
23730,2021-09-07 04:45:00,2021-09-07 05:00:00,120.0,114.99813492063494,117.87588888888888,113.78181818181818
23731,2021-09-07 05:00:00,2021-09-07 05:15:00,83.0,105.80694444444445,107.49955555555556,100.96818181818182
23732,2021-09-07 05:15:00,2021-09-07 05:30:00,80.0,76.07692857142857,78.14472222222223,74.10909090909091
23733,2021-09-07 05:30:00,2021-09-07 05:45:00,103.0,95.35377777777781,94.6862777777778,98.12272727272727
23734,2021-09-07 05:45:00,2021-09-07 06:00:00,116.0,110.93016666666665,110.42638888888888,110.46818181818182
23735,2021-09-07 06:00:00,2021-09-07 06:15:00,107.0,114.42872222222225,118.87,109.81363636363636
23736,2021-09-07 06:15:00,2021-09-07 06:30:00,108.0,106.39411111111114,107.60472222222222,106.91363636363636
23737,2021-09-07 06:30:00,2021-09-07 06:45:00,119.0,110.13649999999997,109.31288888888889,106.91363636363636
23738,2021-09-07 06:45:00,2021-09-07 07:00:00,124.0,114.70883333333332,116.91166666666666,118.36818181818182
23739,2021-09-07 07:00:00,2021-09-07 07:15:00,121.0,120.09205555555552,121.12794444444444,119.76363636363637
23740,2021-09-07 07:15:00,2021-09-07 07:30:00,137.0,127.00055555555552,125.91777777777774,123.87272727272727
23741,2021-09-07 07:30:00,2021-09-07 07:45:00,160.0,158.6099444444444,157.43011111111113,153.88636363636363
23742,2021-09-07 07:45:00,2021-09-07 08:00:00,143.0,155.6848333333334,157.15,154.6909090909091
23743,2021-09-07 08:00:00,2021-09-07 08:15:00,153.0,151.90549999999996,148.14627777777775,153.6090909090909
23744,2021-09-07 08:15:00,2021-09-07 08:30:00,171.0,168.45861111111114,166.40166666666673,167.1090909090909
23745,2021-09-07 08:30:00,2021-09-07 08:45:00,177.0,172.7537222222222,173.8626111111112,171.45454545454547
23746,2021-09-07 08:45:00,2021-09-07 09:00:00,192.0,175.50138888888893,175.2806111111111,177.6818181818182
23747,2021-09-07 09:00:00,2021-09-07 09:15:00,168.0,177.7147777777777,176.72583333333318,180.29090909090908
23748,2021-09-07 09:15:00,2021-09-07 09:30:00,174.0,171.42883333333336,169.88872222222224,167.3090909090909
23749,2021-09-07 09:30:00,2021-09-07 09:45:00,169.0,173.46727777777787,173.56044444444444,170.17727272727274
23750,2021-09-07 09:45:00,2021-09-07 10:00:00,168.0,173.2694444444445,172.1295,171.76363636363635
23751,2021-09-07 10:00:00,2021-09-07 10:15:00,142.0,133.57844444444447,133.60911111111108,156.1818181818182
23752,2021-09-07 10:15:00,2021-09-07 10:30:00,164.0,171.67044444444446,169.89872222222226,168.85454545454544
23753,2021-09-07 10:30:00,2021-09-07 10:45:00,173.0,170.58433333333335,170.59466666666668,168.45454545454547
23754,2021-09-07 10:45:00,2021-09-07 11:00:00,178.0,170.94040935672513,170.94338888888888,168.88181818181818
23755,2021-09-07 11:00:00,2021-09-07 11:15:00,168.0,172.2943333333333,162.2131111111112,173.2409090909091
23756,2021-09-07 11:15:00,2021-09-07 11:30:00,171.0,170.08433333333338,169.01950000000005,167.49545454545455
23757,2021-09-07 11:30:00,2021-09-07 11:45:00,174.0,173.81305555555554,172.28377777777774,172.4181818181818
23758,2021-09-07 11:45:00,2021-09-07 12:00:00,183.0,171.75252046783623,171.5093333333333,173.16363636363636
23759,2021-09-07 12:00:00,2021-09-07 12:15:00,120.0,121.06422222222218,128.57288888888888,121.11818181818182
23760,2021-09-07 12:15:00,2021-09-07 12:30:00,102.0,103.0615,104.1748333333333,102.50454545454545
23761,2021-09-07 12:30:00,2021-09-07 12:45:00,101.0,97.6178650793651,97.93466666666666,98.60454545454546
23762,2021-09-07 12:45:00,2021-09-07 13:00:00,140.0,127.38794444444451,127.33244444444446,125.64090909090909
23763,2021-09-07 13:00:00,2021-09-07 13:15:00,188.0,173.9074761904763,172.69450000000003,172.54545454545453
23764,2021-09-07 13:15:00,2021-09-07 13:30:00,189.0,185.89244444444452,188.45799999999994,188.16363636363636
23765,2021-09-07 13:30:00,2021-09-07 13:45:00,184.0,181.6427777777777,182.23016666666663,182.3272727272727
23766,2021-09-07 13:45:00,2021-09-07 14:00:00,162.0,179.14538888888887,178.96044444444442,178.8409090909091
23767,2021-09-07 14:00:00,2021-09-07 14:15:00,178.0,159.56366666666665,158.56694444444443,164.74545454545455
23768,2021-09-07 14:15:00,2021-09-07 14:30:00,171.0,175.30805555555557,176.33672222222222,174.89545454545456
23769,2021-09-07 14:30:00,2021-09-07 14:45:00,191.0,170.66638888888883,171.26394444444443,164.82272727272726
23770,2021-09-07 14:45:00,2021-09-07 15:00:00,188.0,189.4483333333334,188.3366111111111,183.82272727272726
23771,2021-09-07 15:00:00,2021-09-07 15:15:00,148.0,151.6959444444444,157.82511111111108,146.20909090909092
23772,2021-09-07 15:15:00,2021-09-07 15:30:00,172.0,173.32233333333338,173.04416666666665,174.05
23773,2021-09-07 15:30:00,2021-09-07 15:45:00,174.0,174.74049999999997,176.47661111111117,172.68636363636364
23774,2021-09-07 15:45:00,2021-09-07 16:00:00,170.0,172.90061111111117,173.1881666666667,166.8181818181818
23775,2021-09-07 16:00:00,2021-09-07 16:15:00,161.0,153.98033333333333,151.66605555555557,161.9090909090909
23776,2021-09-07 16:15:00,2021-09-07 16:30:00,167.0,163.54772222222218,164.888,159.53636363636363
23777,2021-09-07 16:30:00,2021-09-07 16:45:00,160.0,166.97316666666663,167.62000000000003,160.37272727272727
23778,2021-09-07 16:45:00,2021-09-07 17:00:00,152.0,162.86188888888896,164.2359444444444,158.84545454545454
23779,2021-09-07 17:00:00,2021-09-07 17:15:00,124.0,122.91422222222228,122.24199999999999,118.54545454545455
23780,2021-09-07 17:15:00,2021-09-07 17:30:00,109.0,112.76755555555555,117.82549999999998,113.36818181818182
23781,2021-09-07 17:30:00,2021-09-07 17:45:00,145.0,144.94994444444444,143.79249999999996,144.5681818181818
23782,2021-09-07 17:45:00,2021-09-07 18:00:00,161.0,154.91444444444446,155.97938888888885,152.70454545454547
23783,2021-09-07 18:00:00,2021-09-07 18:15:00,165.0,153.93551587301582,153.37900000000002,152.47272727272727
23784,2021-09-07 18:15:00,2021-09-07 18:30:00,160.0,159.6445,160.1216111111111,157.6
23785,2021-09-07 18:30:00,2021-09-07 18:45:00,147.0,158.38511111111117,158.5,158.50454545454545
23786,2021-09-07 18:45:00,2021-09-07 19:00:00,150.0,148.75610317460323,145.48988888888888,149.6681818181818
23787,2021-09-07 19:00:00,2021-09-07 19:15:00,158.0,148.11188888888896,146.72955555555558,149.5090909090909
23788,2021-09-07 19:15:00,2021-09-07 19:30:00,148.0,149.52549999999997,149.9656666666667,152.94545454545454
23789,2021-09-07 19:30:00,2021-09-07 19:45:00,157.0,143.70466666666667,143.31327777777784,149.52727272727273
23790,2021-09-07 19:45:00,2021-09-07 20:00:00,146.0,133.16516666666658,137.56333333333336,142.13181818181818
23791,2021-09-07 20:00:00,2021-09-07 20:15:00,124.0,129.89627777777778,132.74955555555553,135.0681818181818
23792,2021-09-07 20:15:00,2021-09-07 20:30:00,134.0,122.74711111111112,123.69305555555555,127.64545454545454
23793,2021-09-07 20:30:00,2021-09-07 20:45:00,136.0,129.1635,130.58383333333333,132.7
23794,2021-09-07 20:45:00,2021-09-07 21:00:00,141.0,128.6955555555556,130.0298333333333,131.75454545454545
23795,2021-09-07 21:00:00,2021-09-07 21:15:00,133.0,134.07066666666668,134.41533333333334,137.58636363636364
23796,2021-09-07 21:15:00,2021-09-07 21:30:00,134.0,127.35938888888889,128.23383333333337,127.42272727272727
23797,2021-09-07 21:30:00,2021-09-07 21:45:00,127.0,125.51866666666663,125.83116666666666,126.63636363636364
23798,2021-09-07 21:45:00,2021-09-07 22:00:00,130.0,121.12116666666661,121.83861111111112,123.74545454545455
23799,2021-09-07 22:00:00,2021-09-07 22:15:00,104.0,117.36033333333336,120.80283333333333,112.64090909090909
23800,2021-09-07 22:15:00,2021-09-07 22:30:00,122.0,114.31694444444446,113.61927777777778,117.9590909090909
23801,2021-09-07 22:30:00,2021-09-07 22:45:00,122.0,120.55366666666666,120.79616666666669,122.07727272727273
23802,2021-09-07 22:45:00,2021-09-07 23:00:00,113.0,122.1503888888889,122.46305555555557,120.15454545454546
23803,2021-09-07 23:00:00,2021-09-07 23:15:00,117.0,107.43155555555559,104.96627777777778,107.71818181818182
23804,2021-09-07 23:15:00,2021-09-07 23:30:00,126.0,115.53696825396823,114.32588888888887,115.61818181818182
23805,2021-09-07 23:30:00,2021-09-07 23:45:00,110.0,119.407,123.87344444444444,118.73181818181818
23806,2021-09-07 23:45:00,2021-09-08 00:00:00,90.0,88.38611111111112,92.06477777777775,95.51363636363637
23807,2021-09-08 00:00:00,2021-09-08 00:15:00,78.0,79.14644444444446,79.35033333333332,78.88636363636364
23808,2021-09-08 00:15:00,2021-09-08 00:30:00,72.0,73.64972222222222,75.30438888888888,70.97727272727273
23809,2021-09-08 00:30:00,2021-09-08 00:45:00,69.0,70.28922222222224,70.34244444444444,70.96818181818182
23810,2021-09-08 00:45:00,2021-09-08 01:00:00,70.0,68.4166111111111,68.488,68.47727272727273
23811,2021-09-08 01:00:00,2021-09-08 01:15:00,100.0,98.38733333333336,98.44983333333333,98.74545454545455
23812,2021-09-08 01:15:00,2021-09-08 01:30:00,112.0,111.04849999999999,111.4897777777778,106.31363636363636
23813,2021-09-08 01:30:00,2021-09-08 01:45:00,115.0,112.11666666666666,111.92103174603176,112.51818181818182
23814,2021-09-08 01:45:00,2021-09-08 02:00:00,114.0,113.8880555555555,115.38033333333338,115.31818181818181
23815,2021-09-08 02:00:00,2021-09-08 02:15:00,115.0,111.05288888888887,111.83811111111113,112.72272727272727
23816,2021-09-08 02:15:00,2021-09-08 02:30:00,115.0,114.06966666666669,115.07055555555554,111.67272727272727
23817,2021-09-08 02:30:00,2021-09-08 02:45:00,126.0,113.34788888888889,113.98016666666665,109.26818181818182
23818,2021-09-08 02:45:00,2021-09-08 03:00:00,117.0,115.1017777777778,119.09355555555555,116.9
23819,2021-09-08 03:00:00,2021-09-08 03:15:00,96.0,105.11288888888889,106.92,103.53636363636363
23820,2021-09-08 03:15:00,2021-09-08 03:30:00,110.0,111.04133333333341,108.63388888888889,108.47727272727273
23821,2021-09-08 03:30:00,2021-09-08 03:45:00,120.0,111.52255555555557,111.55261111111109,113.37727272727273
23822,2021-09-08 03:45:00,2021-09-08 04:00:00,122.0,117.27733333333337,117.77466666666669,114.44090909090909
23823,2021-09-08 04:00:00,2021-09-08 04:15:00,113.0,115.87255555555556,115.91544444444446,119.30454545454545
23824,2021-09-08 04:15:00,2021-09-08 04:30:00,113.0,109.38077777777777,109.23422222222226,110.28181818181818
23825,2021-09-08 04:30:00,2021-09-08 04:45:00,116.0,112.33166666666666,111.55972222222223,112.9090909090909
23826,2021-09-08 04:45:00,2021-09-08 05:00:00,111.0,113.63755555555556,114.58888888888886,115.28181818181818
23827,2021-09-08 05:00:00,2021-09-08 05:15:00,89.0,95.31494444444446,99.38244444444443,88.53181818181818
23828,2021-09-08 05:15:00,2021-09-08 05:30:00,82.0,85.10133333333332,88.01972222222223,80.31818181818181
23829,2021-09-08 05:30:00,2021-09-08 05:45:00,106.0,98.70327777777783,97.72066666666669,99.56363636363636
23830,2021-09-08 05:45:00,2021-09-08 06:00:00,109.0,113.76083333333335,112.17455555555551,113.54545454545455
23831,2021-09-08 06:00:00,2021-09-08 06:15:00,110.0,113.26133333333331,111.29033333333332,109.51363636363637
23832,2021-09-08 06:15:00,2021-09-08 06:30:00,118.0,109.43038888888884,109.2004444444444,108.94545454545455
23833,2021-09-08 06:30:00,2021-09-08 06:45:00,123.0,117.10083333333331,117.67338888888885,118.4
23834,2021-09-08 06:45:00,2021-09-08 07:00:00,119.0,116.49005555555554,118.1968888888889,118.72272727272727
23835,2021-09-08 07:00:00,2021-09-08 07:15:00,115.0,115.82727777777778,113.83383333333336,117.12727272727273
23836,2021-09-08 07:15:00,2021-09-08 07:30:00,139.0,122.98855555555551,122.48594444444447,124.38636363636364
23837,2021-09-08 07:30:00,2021-09-08 07:45:00,154.0,158.02172222222225,154.51949999999997,154.73181818181817
23838,2021-09-08 07:45:00,2021-09-08 08:00:00,133.0,152.94833333333332,156.03811111111108,151.87272727272727
23839,2021-09-08 08:00:00,2021-09-08 08:15:00,150.0,146.31400000000005,141.66822222222217,153.88636363636363
23840,2021-09-08 08:15:00,2021-09-08 08:30:00,181.0,165.63933333333335,166.07838888888895,165.54090909090908
23841,2021-09-08 08:30:00,2021-09-08 08:45:00,178.0,174.00172222222224,174.0089444444445,171.54545454545453
23842,2021-09-08 08:45:00,2021-09-08 09:00:00,173.0,174.5626111111111,173.6177777777778,179.16363636363636
23843,2021-09-08 09:00:00,2021-09-08 09:15:00,160.0,168.99438888888892,167.73211111111112,168.1590909090909
23844,2021-09-08 09:15:00,2021-09-08 09:30:00,163.0,164.32937301587302,163.87588888888894,163.57272727272726
23845,2021-09-08 09:30:00,2021-09-08 09:45:00,160.0,169.04178571428574,169.14105555555557,165.70909090909092
23846,2021-09-08 09:45:00,2021-09-08 10:00:00,158.0,163.79434126984125,163.53499999999994,160.5909090909091
23847,2021-09-08 10:00:00,2021-09-08 10:15:00,134.0,125.94227777777773,126.1528888888889,145.3909090909091
23848,2021-09-08 10:15:00,2021-09-08 10:30:00,160.0,165.11859523809525,161.73355555555548,159.5818181818182
23849,2021-09-08 10:30:00,2021-09-08 10:45:00,156.0,164.64744444444437,163.94150000000002,164.17727272727274
23850,2021-09-08 10:45:00,2021-09-08 11:00:00,159.0,160.42316666666662,160.697,159.62727272727273
23851,2021-09-08 11:00:00,2021-09-08 11:15:00,158.0,156.45022222222224,153.82627777777782,163.96818181818182
23852,2021-09-08 11:15:00,2021-09-08 11:30:00,167.0,162.4488015873016,163.20038888888885,162.83636363636364
23853,2021-09-08 11:30:00,2021-09-08 11:45:00,168.0,166.78355555555558,166.0591666666667,165.6909090909091
23854,2021-09-08 11:45:00,2021-09-08 12:00:00,132.0,165.8837222222222,165.31672222222224,169.05
23855,2021-09-08 12:00:00,2021-09-08 12:15:00,0.0,128.6933888888889,123.13344444444442,113.70454545454545
23856,2021-09-08 12:15:00,2021-09-08 12:30:00,0.0,30.560111111111116,30.579611111111117,28.12727272727273
23857,2021-09-08 12:30:00,2021-09-08 12:45:00,36.0,28.909277777777763,27.784000000000002,21.463636363636365
23858,2021-09-08 12:45:00,2021-09-08 13:00:00,63.0,57.608444444444466,57.71172222222222,46.29545454545455
23859,2021-09-08 13:00:00,2021-09-08 13:15:00,140.0,86.88272222222221,89.35977777777778,101.6590909090909
23860,2021-09-08 13:15:00,2021-09-08 13:30:00,144.0,152.59555555555556,152.10183333333345,159.96818181818182
23861,2021-09-08 13:30:00,2021-09-08 13:45:00,160.0,154.2221666666667,151.72594444444448,158.7590909090909
23862,2021-09-08 13:45:00,2021-09-08 14:00:00,165.0,156.24711111111108,156.19411111111114,160.46818181818182
23863,2021-09-08 14:00:00,2021-09-08 14:15:00,178.0,140.59388888888884,134.33105555555554,161.03636363636363
23864,2021-09-08 14:15:00,2021-09-08 14:30:00,166.0,171.5671111111112,174.36716666666663,172.94545454545454
23865,2021-09-08 14:30:00,2021-09-08 14:45:00,161.0,162.5474444444445,163.1009444444444,164.68636363636364
23866,2021-09-08 14:45:00,2021-09-08 15:00:00,155.0,162.88572222222226,161.69327777777778,165.20454545454547
23867,2021-09-08 15:00:00,2021-09-08 15:15:00,131.0,126.82872222222223,123.85816666666673,147.38181818181818
23868,2021-09-08 15:15:00,2021-09-08 15:30:00,171.0,157.59766666666664,155.78933333333333,161.01818181818183
23869,2021-09-08 15:30:00,2021-09-08 15:45:00,174.0,167.7643333333333,168.6833888888889,168.0
23870,2021-09-08 15:45:00,2021-09-08 16:00:00,183.0,163.03627777777777,163.68238888888894,166.00454545454545
23871,2021-09-08 16:00:00,2021-09-08 16:15:00,170.0,155.52783333333335,146.52583333333337,166.75454545454545
23872,2021-09-08 16:15:00,2021-09-08 16:30:00,163.0,164.89805555555554,165.58661111111113,167.62272727272727
23873,2021-09-08 16:30:00,2021-09-08 16:45:00,164.0,159.88827777777777,160.2779444444445,160.7409090909091
23874,2021-09-08 16:45:00,2021-09-08 17:00:00,165.0,161.38155555555554,162.1673333333333,162.5090909090909
23875,2021-09-08 17:00:00,2021-09-08 17:15:00,124.0,121.55349999999996,121.17949999999999,126.04545454545455
23876,2021-09-08 17:15:00,2021-09-08 17:30:00,109.0,111.97777777777779,115.77649999999998,111.13636363636364
23877,2021-09-08 17:30:00,2021-09-08 17:45:00,162.0,146.77805555555557,143.85855555555554,147.34545454545454
23878,2021-09-08 17:45:00,2021-09-08 18:00:00,182.0,165.16616666666664,166.63355555555555,167.30454545454546
23879,2021-09-08 18:00:00,2021-09-08 18:15:00,168.0,166.93122222222226,163.15288888888895,169.38181818181818
23880,2021-09-08 18:15:00,2021-09-08 18:30:00,170.0,161.13927777777778,161.76355555555554,159.2409090909091
23881,2021-09-08 18:30:00,2021-09-08 18:45:00,153.0,165.69222222222223,166.9172222222222,164.45454545454547
23882,2021-09-08 18:45:00,2021-09-08 19:00:00,163.0,155.21561111111112,156.3338333333333,160.2409090909091
23883,2021-09-08 19:00:00,2021-09-08 19:15:00,162.0,151.97049999999996,145.45855555555556,159.1818181818182
23884,2021-09-08 19:15:00,2021-09-08 19:30:00,163.0,158.82506349206358,158.28861111111112,157.45454545454547
23885,2021-09-08 19:30:00,2021-09-08 19:45:00,156.0,158.33805555555548,158.76105555555557,158.9227272727273
23886,2021-09-08 19:45:00,2021-09-08 20:00:00,120.0,135.05411111111104,141.7067222222222,141.5590909090909
23887,2021-09-08 20:00:00,2021-09-08 20:15:00,97.0,110.77711111111122,113.27155555555568,112.1
23888,2021-09-08 20:15:00,2021-09-08 20:30:00,98.0,113.75288888888889,117.36055555555555,115.49545454545455
23889,2021-09-08 20:30:00,2021-09-08 20:45:00,111.0,112.52761111111109,113.51055555555553,116.08181818181818
23890,2021-09-08 20:45:00,2021-09-08 21:00:00,107.0,111.89505555555554,114.81277777777778,109.71818181818182
23891,2021-09-08 21:00:00,2021-09-08 21:15:00,114.0,108.35088888888892,109.85900000000004,108.09545454545454
23892,2021-09-08 21:15:00,2021-09-08 21:30:00,123.0,114.45766666666663,114.71011111111106,112.2090909090909
23893,2021-09-08 21:30:00,2021-09-08 21:45:00,127.0,122.12600000000003,123.01616666666669,122.50454545454545
23894,2021-09-08 21:45:00,2021-09-08 22:00:00,123.0,122.90572222222218,122.7961666666667,124.14545454545454
23895,2021-09-08 22:00:00,2021-09-08 22:15:00,92.0,105.53927777777777,108.42905555555559,112.05
23896,2021-09-08 22:15:00,2021-09-08 22:30:00,110.0,110.12222222222223,109.4881111111111,115.25
23897,2021-09-08 22:30:00,2021-09-08 22:45:00,116.0,111.28833333333333,112.1528888888889,113.27727272727273
23898,2021-09-08 22:45:00,2021-09-08 23:00:00,104.0,116.24888888888893,116.87972222222221,117.8
23899,2021-09-08 23:00:00,2021-09-08 23:15:00,99.0,103.94883333333331,98.06949999999996,106.21363636363637
23900,2021-09-08 23:15:00,2021-09-08 23:30:00,110.0,104.99444444444448,105.04566666666669,106.49545454545455
23901,2021-09-08 23:30:00,2021-09-08 23:45:00,111.0,105.87083333333332,106.69066666666667,108.06363636363636
23902,2021-09-08 23:45:00,2021-09-09 00:00:00,83.0,91.31266666666667,93.04850000000002,99.85909090909091
23903,2021-09-09 00:00:00,2021-09-09 00:15:00,79.0,66.95105555555557,66.26444444444442,73.85454545454546
23904,2021-09-09 00:15:00,2021-09-09 00:30:00,71.0,73.67688888888893,77.4067777777778,71.77272727272727
23905,2021-09-09 00:30:00,2021-09-09 00:45:00,68.0,69.2043888888889,69.905,70.68181818181819
23906,2021-09-09 00:45:00,2021-09-09 01:00:00,68.0,66.07994444444444,66.17549999999997,67.0409090909091
23907,2021-09-09 01:00:00,2021-09-09 01:15:00,95.0,96.17327777777778,95.63105555555555,97.35909090909091
23908,2021-09-09 01:15:00,2021-09-09 01:30:00,99.0,103.91277777777776,103.58866666666665,105.80454545454545
23909,2021-09-09 01:30:00,2021-09-09 01:45:00,94.0,108.21011111111113,107.83757843137255,108.01818181818182
23910,2021-09-09 01:45:00,2021-09-09 02:00:00,98.0,97.79322222222225,97.68155555555558,104.33636363636364
23911,2021-09-09 02:00:00,2021-09-09 02:15:00,104.0,100.90516666666667,103.86249999999995,104.02727272727273
23912,2021-09-09 02:15:00,2021-09-09 02:30:00,114.0,105.01933333333334,104.8475,106.74545454545455
23913,2021-09-09 02:30:00,2021-09-09 02:45:00,111.0,111.22961111111105,112.15094444444442,113.99090909090908
23914,2021-09-09 02:45:00,2021-09-09 03:00:00,112.0,107.17438888888888,107.4246666666667,110.32272727272728
23915,2021-09-09 03:00:00,2021-09-09 03:15:00,103.0,99.74327777777783,100.29083333333334,94.00454545454545
23916,2021-09-09 03:15:00,2021-09-09 03:30:00,106.0,104.86688888888887,103.17861111111112,106.57272727272728
23917,2021-09-09 03:30:00,2021-09-09 03:45:00,112.0,106.8694285714286,106.95538888888888,110.3
23918,2021-09-09 03:45:00,2021-09-09 04:00:00,116.0,108.25452380952383,108.41722222222221,112.31363636363636
23919,2021-09-09 04:00:00,2021-09-09 04:15:00,113.0,109.18594444444443,110.96372222222223,113.5
23920,2021-09-09 04:15:00,2021-09-09 04:30:00,114.0,110.49827777777774,110.98399999999997,112.02272727272727
23921,2021-09-09 04:30:00,2021-09-09 04:45:00,105.0,110.22838888888886,110.00649999999996,111.41818181818182
23922,2021-09-09 04:45:00,2021-09-09 05:00:00,97.0,103.39666666666665,103.88755555555561,105.7909090909091
23923,2021-09-09 05:00:00,2021-09-09 05:15:00,81.0,86.6801111111111,86.4958333333333,86.78636363636363
23924,2021-09-09 05:15:00,2021-09-09 05:30:00,78.0,77.39976984126986,79.6068888888889,75.87272727272727
23925,2021-09-09 05:30:00,2021-09-09 05:45:00,99.0,96.78216666666668,96.07450000000006,97.60909090909091
23926,2021-09-09 05:45:00,2021-09-09 06:00:00,109.0,105.73783333333337,106.73872222222218,105.69090909090909
23927,2021-09-09 06:00:00,2021-09-09 06:15:00,117.0,111.9626984126984,112.16675396825396,109.89545454545454
23928,2021-09-09 06:15:00,2021-09-09 06:30:00,119.0,113.15055555555557,113.44999999999997,115.95454545454545
23929,2021-09-09 06:30:00,2021-09-09 06:45:00,121.0,117.1497222222222,118.40349999999997,120.30454545454545
23930,2021-09-09 06:45:00,2021-09-09 07:00:00,119.0,108.65305555555555,108.86644444444443,113.34545454545454
23931,2021-09-09 07:00:00,2021-09-09 07:15:00,117.0,113.65994444444438,113.09872222222221,119.37727272727273
23932,2021-09-09 07:15:00,2021-09-09 07:30:00,139.0,125.18238888888884,125.8936111111111,127.91818181818182
23933,2021-09-09 07:30:00,2021-09-09 07:45:00,152.0,157.4656111111112,154.9661111111111,157.73636363636365
23934,2021-09-09 07:45:00,2021-09-09 08:00:00,147.0,148.99133333333336,151.9737777777777,147.54090909090908
23935,2021-09-09 08:00:00,2021-09-09 08:15:00,155.0,155.74905555555569,157.20772222222223,156.29545454545453
23936,2021-09-09 08:15:00,2021-09-09 08:30:00,168.0,169.78588888888902,169.79850000000002,165.3090909090909
23937,2021-09-09 08:30:00,2021-09-09 08:45:00,178.0,172.02761111111113,171.47433333333336,171.1681818181818
23938,2021-09-09 08:45:00,2021-09-09 09:00:00,187.0,175.64405555555567,176.37199999999996,174.52272727272728
23939,2021-09-09 09:00:00,2021-09-09 09:15:00,173.0,172.44222222222223,170.6013333333333,176.8909090909091
23940,2021-09-09 09:15:00,2021-09-09 09:30:00,176.0,167.61694444444444,166.96927777777782,168.34545454545454
23941,2021-09-09 09:30:00,2021-09-09 09:45:00,165.0,168.75033333333332,169.03005555555558,170.77727272727273
23942,2021-09-09 09:45:00,2021-09-09 10:00:00,165.0,168.41538888888894,168.39988888888894,166.51363636363635
23943,2021-09-09 10:00:00,2021-09-09 10:15:00,134.0,132.65655555555557,133.08172222222223,154.48181818181817
23944,2021-09-09 10:15:00,2021-09-09 10:30:00,159.0,169.8890555555556,168.6936111111111,167.9
23945,2021-09-09 10:30:00,2021-09-09 10:45:00,159.0,166.31349999999995,166.16672222222218,164.29090909090908
23946,2021-09-09 10:45:00,2021-09-09 11:00:00,169.0,164.42933333333323,163.67394444444443,161.4090909090909
23947,2021-09-09 11:00:00,2021-09-09 11:15:00,159.0,167.21435714285718,158.57388888888892,165.18636363636364
23948,2021-09-09 11:15:00,2021-09-09 11:30:00,172.0,163.6092777777777,163.7546111111111,164.15
23949,2021-09-09 11:30:00,2021-09-09 11:45:00,190.0,166.77750000000006,165.8228333333333,167.71818181818182
23950,2021-09-09 11:45:00,2021-09-09 12:00:00,176.0,186.7532222222223,187.2598333333333,179.03636363636363
23951,2021-09-09 12:00:00,2021-09-09 12:15:00,124.0,130.99291269841268,128.67733333333328,121.4090909090909
23952,2021-09-09 12:15:00,2021-09-09 12:30:00,97.0,110.68277777777776,113.96872222222223,105.14090909090909
23953,2021-09-09 12:30:00,2021-09-09 12:45:00,93.0,96.92664285714282,96.28472222222221,96.35
23954,2021-09-09 12:45:00,2021-09-09 13:00:00,129.0,126.03177777777778,125.84633333333333,122.34545454545454
23955,2021-09-09 13:00:00,2021-09-09 13:15:00,168.0,172.27316666666658,172.21444444444435,169.2409090909091
23956,2021-09-09 13:15:00,2021-09-09 13:30:00,176.0,178.67877777777767,180.08972222222226,171.09545454545454
23957,2021-09-09 13:30:00,2021-09-09 13:45:00,172.0,177.9834444444445,177.36355555555554,172.71363636363637
23958,2021-09-09 13:45:00,2021-09-09 14:00:00,167.0,169.86388888888897,170.08294444444448,167.3590909090909
23959,2021-09-09 14:00:00,2021-09-09 14:15:00,166.0,164.16438888888885,163.516,167.88636363636363
23960,2021-09-09 14:15:00,2021-09-09 14:30:00,163.0,165.15117676767676,165.78750000000005,165.01818181818183
23961,2021-09-09 14:30:00,2021-09-09 14:45:00,168.0,163.22052136752126,163.2501111111111,162.25
23962,2021-09-09 14:45:00,2021-09-09 15:00:00,164.0,171.11405555555558,170.27766666666668,166.1727272727273
23963,2021-09-09 15:00:00,2021-09-09 15:15:00,143.0,127.05446031746033,126.64916666666667,142.0681818181818
23964,2021-09-09 15:15:00,2021-09-09 15:30:00,179.0,163.66133333333335,161.01088888888884,160.5818181818182
23965,2021-09-09 15:30:00,2021-09-09 15:45:00,183.0,176.62399206349207,175.6844444444445,175.23181818181817
23966,2021-09-09 15:45:00,2021-09-09 16:00:00,185.0,171.06172222222224,171.3705555555555,168.8
23967,2021-09-09 16:00:00,2021-09-09 16:15:00,168.0,165.30955555555556,161.0774444444444,169.9318181818182
23968,2021-09-09 16:15:00,2021-09-09 16:30:00,155.0,165.62661111111106,164.84794444444444,164.62272727272727
23969,2021-09-09 16:30:00,2021-09-09 16:45:00,150.0,160.76272222222212,163.462,166.5818181818182
23970,2021-09-09 16:45:00,2021-09-09 17:00:00,168.0,157.37316666666666,159.5232777777778,158.08636363636364
23971,2021-09-09 17:00:00,2021-09-09 17:15:00,126.0,123.3416904761905,125.95438888888891,121.9090909090909
23972,2021-09-09 17:15:00,2021-09-09 17:30:00,114.0,112.513,116.22783333333335,111.85
23973,2021-09-09 17:30:00,2021-09-09 17:45:00,153.0,149.08988888888888,147.2296666666667,142.26818181818183
23974,2021-09-09 17:45:00,2021-09-09 18:00:00,168.0,167.31355555555558,165.45,161.82272727272726
23975,2021-09-09 18:00:00,2021-09-09 18:15:00,172.0,158.7918333333334,155.97944444444445,159.9181818181818
23976,2021-09-09 18:15:00,2021-09-09 18:30:00,155.0,164.8935555555555,164.19366666666667,165.2409090909091
23977,2021-09-09 18:30:00,2021-09-09 18:45:00,153.0,154.04105555555554,154.69483333333326,157.41363636363636
23978,2021-09-09 18:45:00,2021-09-09 19:00:00,169.0,156.3058333333333,154.45222222222228,159.12272727272727
23979,2021-09-09 19:00:00,2021-09-09 19:15:00,158.0,155.07730158730155,152.50611111111112,162.22272727272727
23980,2021-09-09 19:15:00,2021-09-09 19:30:00,140.0,154.73722222222224,154.75722222222223,154.6
23981,2021-09-09 19:30:00,2021-09-09 19:45:00,145.0,138.6553888888889,136.2202777777778,146.95
23982,2021-09-09 19:45:00,2021-09-09 20:00:00,126.0,127.17372222222228,128.65244444444446,135.76363636363635
23983,2021-09-09 20:00:00,2021-09-09 20:15:00,118.0,119.59427777777778,120.43050000000001,122.1
23984,2021-09-09 20:15:00,2021-09-09 20:30:00,134.0,123.56666666666666,123.2362777777778,121.01818181818182
23985,2021-09-09 20:30:00,2021-09-09 20:45:00,129.0,129.08983333333333,128.91922222222223,130.01363636363635
23986,2021-09-09 20:45:00,2021-09-09 21:00:00,132.0,124.33305555555555,124.70088888888887,127.16363636363636
23987,2021-09-09 21:00:00,2021-09-09 21:15:00,127.0,125.48644444444444,124.56616666666666,128.05
23988,2021-09-09 21:15:00,2021-09-09 21:30:00,120.0,124.93905555555553,124.68672222222223,126.25454545454545
23989,2021-09-09 21:30:00,2021-09-09 21:45:00,129.0,121.35377777777775,120.15033333333332,122.87727272727273
23990,2021-09-09 21:45:00,2021-09-09 22:00:00,134.0,124.1565555555556,124.30850000000004,125.50454545454545
23991,2021-09-09 22:00:00,2021-09-09 22:15:00,112.0,116.7276666666667,119.0901666666667,114.54545454545455
23992,2021-09-09 22:15:00,2021-09-09 22:30:00,118.0,110.95716666666665,109.72505555555557,111.62727272727273
23993,2021-09-09 22:30:00,2021-09-09 22:45:00,106.0,117.03638888888888,116.06183333333333,116.49545454545455
23994,2021-09-09 22:45:00,2021-09-09 23:00:00,101.0,110.17699999999999,109.2518333333333,111.8409090909091
23995,2021-09-09 23:00:00,2021-09-09 23:15:00,115.0,103.55016666666666,99.84594444444446,106.01818181818182
23996,2021-09-09 23:15:00,2021-09-09 23:30:00,114.0,111.78672222222224,112.1492777777778,112.4090909090909
23997,2021-09-09 23:30:00,2021-09-09 23:45:00,116.0,104.5053888888889,105.65050000000002,110.01818181818182
23998,2021-09-09 23:45:00,2021-09-10 00:00:00,91.0,106.99130158730158,108.45572222222219,105.05909090909091
23999,2021-09-10 00:00:00,2021-09-10 00:15:00,83.0,79.95616666666665,81.15944444444445,79.16363636363636
24000,2021-09-10 00:15:00,2021-09-10 00:30:00,78.0,77.65205555555555,80.79705555555556,76.02727272727273
24001,2021-09-10 00:30:00,2021-09-10 00:45:00,74.0,71.68411111111112,74.06755555555556,71.55
24002,2021-09-10 00:45:00,2021-09-10 01:00:00,73.0,70.3147142857143,70.16355555555555,71.48181818181818
24003,2021-09-10 01:00:00,2021-09-10 01:15:00,94.0,97.0393888888889,95.88300000000001,98.39090909090909
24004,2021-09-10 01:15:00,2021-09-10 01:30:00,102.0,107.71455555555559,106.98088888888888,105.28181818181818
24005,2021-09-10 01:30:00,2021-09-10 01:45:00,103.0,110.28972222222227,110.46844444444447,106.48181818181818
24006,2021-09-10 01:45:00,2021-09-10 02:00:00,109.0,105.46111111111111,105.58094444444446,106.17727272727272
24007,2021-09-10 02:00:00,2021-09-10 02:15:00,116.0,107.62622222222221,108.274,107.36818181818182
24008,2021-09-10 02:15:00,2021-09-10 02:30:00,118.0,114.39461111111108,114.04133333333331,114.73181818181818
24009,2021-09-10 02:30:00,2021-09-10 02:45:00,116.0,113.2778888888889,115.52561111111109,114.78181818181818
24010,2021-09-10 02:45:00,2021-09-10 03:00:00,97.0,111.91622222222223,112.25238888888886,113.06818181818181
24011,2021-09-10 03:00:00,2021-09-10 03:15:00,87.0,93.20583333333327,92.9573888888889,104.12727272727273
24012,2021-09-10 03:15:00,2021-09-10 03:30:00,109.0,102.66950000000003,97.36888888888889,104.95
24013,2021-09-10 03:30:00,2021-09-10 03:45:00,116.0,108.14877777777777,109.12933333333335,108.77272727272727
24014,2021-09-10 03:45:00,2021-09-10 04:00:00,113.0,113.76385714285713,115.033,114.77272727272727
24015,2021-09-10 04:00:00,2021-09-10 04:15:00,117.0,109.55333333333336,109.22305555555555,110.42272727272727
24016,2021-09-10 04:15:00,2021-09-10 04:30:00,112.0,113.68127777777777,114.02755555555552,114.58181818181818
24017,2021-09-10 04:30:00,2021-09-10 04:45:00,106.0,109.10977777777775,108.15777777777777,110.79545454545455
24018,2021-09-10 04:45:00,2021-09-10 05:00:00,96.0,104.69761111111107,104.48705555555557,102.20454545454545
24019,2021-09-10 05:00:00,2021-09-10 05:15:00,85.0,86.69461111111107,89.22299999999998,81.38181818181818
24020,2021-09-10 05:15:00,2021-09-10 05:30:00,80.0,77.04316666666666,77.89566666666667,76.10909090909091
24021,2021-09-10 05:30:00,2021-09-10 05:45:00,95.0,96.00350000000002,95.15155555555557,96.38181818181818
24022,2021-09-10 05:45:00,2021-09-10 06:00:00,107.0,104.0342301587302,105.04316666666665,104.43181818181819
24023,2021-09-10 06:00:00,2021-09-10 06:15:00,118.0,114.96794444444444,114.50736507936507,113.62727272727273
24024,2021-09-10 06:15:00,2021-09-10 06:30:00,110.0,113.69755555555552,114.42538888888885,115.13181818181818
24025,2021-09-10 06:30:00,2021-09-10 06:45:00,107.0,106.63594444444438,106.07805555555551,110.15454545454546
24026,2021-09-10 06:45:00,2021-09-10 07:00:00,109.0,104.38186507936503,103.99738888888889,107.93636363636364
24027,2021-09-10 07:00:00,2021-09-10 07:15:00,111.0,106.59838888888888,105.0367222222222,110.92272727272727
24028,2021-09-10 07:15:00,2021-09-10 07:30:00,117.0,121.0528888888889,120.91583333333338,123.64090909090909
24029,2021-09-10 07:30:00,2021-09-10 07:45:00,150.0,142.56849999999997,136.955388888889,143.4
24030,2021-09-10 07:45:00,2021-09-10 08:00:00,149.0,146.84149999999988,147.6589999999999,149.1681818181818
24031,2021-09-10 08:00:00,2021-09-10 08:15:00,172.0,162.0727222222222,162.14672222222228,160.00454545454545
24032,2021-09-10 08:15:00,2021-09-10 08:30:00,187.0,182.3211111111111,179.86888888888882,178.26363636363635
24033,2021-09-10 08:30:00,2021-09-10 08:45:00,169.0,185.46933333333334,187.31711111111113,184.40454545454546
24034,2021-09-10 08:45:00,2021-09-10 09:00:00,192.0,169.53400000000002,167.90561111111114,172.23636363636365
24035,2021-09-10 09:00:00,2021-09-10 09:15:00,182.0,175.61949999999993,176.49294444444433,180.97272727272727
24036,2021-09-10 09:15:00,2021-09-10 09:30:00,171.0,172.22005555555558,174.06572222222218,173.9
24037,2021-09-10 09:30:00,2021-09-10 09:45:00,179.0,172.8939444444445,172.9712777777778,171.03181818181818
24038,2021-09-10 09:45:00,2021-09-10 10:00:00,204.0,176.24488888888897,177.4388888888889,173.14545454545456
24039,2021-09-10 10:00:00,2021-09-10 10:15:00,155.0,158.74938888888892,151.1047222222222,157.0590909090909
24040,2021-09-10 10:15:00,2021-09-10 10:30:00,181.0,177.4963888888888,177.24499999999995,175.32272727272726
24041,2021-09-10 10:30:00,2021-09-10 10:45:00,166.0,185.12272222222222,184.85666666666665,178.16363636363636
24042,2021-09-10 10:45:00,2021-09-10 11:00:00,168.0,177.2227222222222,177.15727777777778,171.83636363636364
24043,2021-09-10 11:00:00,2021-09-10 11:15:00,177.0,160.16441269841263,160.95827777777777,165.73636363636365
24044,2021-09-10 11:15:00,2021-09-10 11:30:00,179.0,179.02561111111117,177.26633333333336,175.3318181818182
24045,2021-09-10 11:30:00,2021-09-10 11:45:00,180.0,177.76249206349203,177.3252222222222,174.83636363636364
24046,2021-09-10 11:45:00,2021-09-10 12:00:00,188.0,174.14372222222227,173.9615,172.5681818181818
24047,2021-09-10 12:00:00,2021-09-10 12:15:00,128.0,126.70127777777775,135.1220555555555,131.13636363636363
24048,2021-09-10 12:15:00,2021-09-10 12:30:00,107.0,106.20699999999998,107.55877777777778,105.9590909090909
24049,2021-09-10 12:30:00,2021-09-10 12:45:00,104.0,98.73655555555547,101.08355555555544,97.91818181818182
24050,2021-09-10 12:45:00,2021-09-10 13:00:00,126.0,132.45983333333336,132.09477777777775,130.36363636363637
24051,2021-09-10 13:00:00,2021-09-10 13:15:00,164.0,168.2055000000001,167.79272222222227,164.8090909090909
24052,2021-09-10 13:15:00,2021-09-10 13:30:00,179.0,174.89611111111108,175.0196666666666,168.38181818181818
24053,2021-09-10 13:30:00,2021-09-10 13:45:00,187.0,179.8766111111111,179.30716666666666,177.47272727272727
24054,2021-09-10 13:45:00,2021-09-10 14:00:00,191.0,186.23038888888888,185.50344444444443,183.03636363636363
24055,2021-09-10 14:00:00,2021-09-10 14:15:00,190.0,175.07816666666665,175.88277777777776,178.7409090909091
24056,2021-09-10 14:15:00,2021-09-10 14:30:00,174.0,178.78172222222227,179.85055555555562,177.1681818181818
24057,2021-09-10 14:30:00,2021-09-10 14:45:00,180.0,172.9176666666667,173.3924444444444,173.9090909090909
24058,2021-09-10 14:45:00,2021-09-10 15:00:00,168.0,178.84677777777776,178.3489444444444,177.3409090909091
24059,2021-09-10 15:00:00,2021-09-10 15:15:00,143.0,143.14055555555564,141.8931666666666,142.8272727272727
24060,2021-09-10 15:15:00,2021-09-10 15:30:00,172.0,170.33983333333336,164.75483333333332,169.48636363636365
24061,2021-09-10 15:30:00,2021-09-10 15:45:00,191.0,175.24500000000003,176.55777777777777,166.87727272727273
24062,2021-09-10 15:45:00,2021-09-10 16:00:00,176.0,188.04822222222228,188.6966111111111,179.24545454545455
24063,2021-09-10 16:00:00,2021-09-10 16:15:00,171.0,170.17794444444456,165.91700000000003,166.09545454545454
24064,2021-09-10 16:15:00,2021-09-10 16:30:00,166.0,167.0123333333333,167.46227777777779,164.97727272727272
24065,2021-09-10 16:30:00,2021-09-10 16:45:00,153.0,166.86538888888882,167.18105555555556,162.58636363636364
24066,2021-09-10 16:45:00,2021-09-10 17:00:00,166.0,160.84788888888886,162.18405555555557,160.1818181818182
24067,2021-09-10 17:00:00,2021-09-10 17:15:00,129.0,124.4441111111111,124.96299999999998,136.0818181818182
24068,2021-09-10 17:15:00,2021-09-10 17:30:00,118.0,117.33366666666669,119.40333333333334,114.65
24069,2021-09-10 17:30:00,2021-09-10 17:45:00,148.0,151.04844444444453,150.65061111111115,143.8272727272727
24070,2021-09-10 17:45:00,2021-09-10 18:00:00,157.0,161.5739444444445,159.18349999999998,158.38181818181818
24071,2021-09-10 18:00:00,2021-09-10 18:15:00,151.0,158.8525555555555,157.8597777777778,156.23636363636365
24072,2021-09-10 18:15:00,2021-09-10 18:30:00,151.0,152.96905555555557,152.6671666666667,149.90454545454546
24073,2021-09-10 18:30:00,2021-09-10 18:45:00,154.0,152.64005555555556,152.91588888888887,149.88636363636363
24074,2021-09-10 18:45:00,2021-09-10 19:00:00,162.0,150.56622222222222,149.1758888888889,149.1409090909091
24075,2021-09-10 19:00:00,2021-09-10 19:15:00,145.0,155.4841111111111,152.19255555555554,156.21363636363637
24076,2021-09-10 19:15:00,2021-09-10 19:30:00,143.0,149.29733333333334,148.4741111111111,142.86363636363637
24077,2021-09-10 19:30:00,2021-09-10 19:45:00,148.0,144.1166666666667,142.86033333333336,144.22272727272727
24078,2021-09-10 19:45:00,2021-09-10 20:00:00,131.0,124.91961111111115,125.78622222222221,123.0409090909091
24079,2021-09-10 20:00:00,2021-09-10 20:15:00,114.0,118.29944444444443,116.61305555555558,118.43181818181819
24080,2021-09-10 20:15:00,2021-09-10 20:30:00,121.0,119.76305555555552,119.4687777777778,115.58181818181818
24081,2021-09-10 20:30:00,2021-09-10 20:45:00,110.0,121.6013888888889,121.52705555555553,120.72727272727273
24082,2021-09-10 20:45:00,2021-09-10 21:00:00,119.0,112.18888888888888,112.69461111111113,111.57272727272728
24083,2021-09-10 21:00:00,2021-09-10 21:15:00,122.0,117.02266666666668,118.43666666666664,116.9090909090909
24084,2021-09-10 21:15:00,2021-09-10 21:30:00,126.0,122.60916666666667,122.74022222222222,121.4590909090909
24085,2021-09-10 21:30:00,2021-09-10 21:45:00,111.0,122.96588888888893,124.59505555555556,121.82272727272728
24086,2021-09-10 21:45:00,2021-09-10 22:00:00,107.0,110.26944444444445,108.68388888888889,111.83181818181818
24087,2021-09-10 22:00:00,2021-09-10 22:15:00,92.0,101.32055555555557,102.81533333333336,98.35
24088,2021-09-10 22:15:00,2021-09-10 22:30:00,102.0,107.70027777777779,107.46216666666668,109.81818181818181
24089,2021-09-10 22:30:00,2021-09-10 22:45:00,109.0,108.20733333333332,106.94688888888885,106.61363636363636
24090,2021-09-10 22:45:00,2021-09-10 23:00:00,106.0,110.78383333333332,110.56505555555552,107.74545454545455
24091,2021-09-10 23:00:00,2021-09-10 23:15:00,105.0,104.84505555555556,102.49850000000002,103.77727272727273
24092,2021-09-10 23:15:00,2021-09-10 23:30:00,91.0,108.33509523809522,108.07433333333333,102.02727272727273
24093,2021-09-10 23:30:00,2021-09-10 23:45:00,83.0,93.87416666666671,94.82050000000004,99.06818181818181
24094,2021-09-10 23:45:00,2021-09-11 00:00:00,72.0,67.74750000000003,71.05138888888888,76.19545454545455
24095,2021-09-11 00:00:00,2021-09-11 00:15:00,69.0,65.67833333333334,68.89805555555557,68.36818181818182
24096,2021-09-11 00:15:00,2021-09-11 00:30:00,62.0,64.7691666666667,65.20549999999999,66.8
24097,2021-09-11 00:30:00,2021-09-11 00:45:00,58.0,63.58942063492064,64.5603888888889,62.93636363636364
24098,2021-09-11 00:45:00,2021-09-11 01:00:00,55.0,63.634174603174614,65.89944444444443,59.61818181818182
24099,2021-09-11 01:00:00,2021-09-11 01:15:00,76.0,85.96833333333338,85.61422222222222,86.68636363636364
24100,2021-09-11 01:15:00,2021-09-11 01:30:00,100.0,94.14922222222226,92.51227777777774,98.04545454545455
24101,2021-09-11 01:30:00,2021-09-11 01:45:00,105.0,101.00346031746035,102.21572222222217,104.53181818181818
24102,2021-09-11 01:45:00,2021-09-11 02:00:00,105.0,105.56581746031748,105.99111111111107,106.3409090909091
24103,2021-09-11 02:00:00,2021-09-11 02:15:00,99.0,100.89650793650794,101.39444444444445,106.09545454545454
24104,2021-09-11 02:15:00,2021-09-11 02:30:00,96.0,100.66799999999999,100.07172222222219,103.65454545454546
24105,2021-09-11 02:30:00,2021-09-11 02:45:00,92.0,99.76655555555553,98.99533333333332,102.72272727272727
24106,2021-09-11 02:45:00,2021-09-11 03:00:00,93.0,98.83266666666668,96.69850000000001,101.07727272727273
24107,2021-09-11 03:00:00,2021-09-11 03:15:00,74.0,85.62766666666664,86.11561111111106,85.80454545454545
24108,2021-09-11 03:15:00,2021-09-11 03:30:00,96.0,90.41465079365082,86.09416666666662,96.5409090909091
24109,2021-09-11 03:30:00,2021-09-11 03:45:00,107.0,99.37688888888889,99.28083333333333,103.68636363636364
24110,2021-09-11 03:45:00,2021-09-11 04:00:00,100.0,106.73427777777773,106.47555555555556,108.42272727272727
24111,2021-09-11 04:00:00,2021-09-11 04:15:00,93.0,100.72833333333335,98.34538888888888,106.33181818181818
24112,2021-09-11 04:15:00,2021-09-11 04:30:00,92.0,97.97938888888893,97.23177777777778,104.7
24113,2021-09-11 04:30:00,2021-09-11 04:45:00,87.0,96.57644444444445,96.11216666666665,102.4590909090909
24114,2021-09-11 04:45:00,2021-09-11 05:00:00,85.0,87.05861904761909,86.34572222222224,93.42272727272727
24115,2021-09-11 05:00:00,2021-09-11 05:15:00,74.0,79.84502380952385,82.6948888888889,77.33181818181818
24116,2021-09-11 05:15:00,2021-09-11 05:30:00,67.0,68.91174603174605,69.63505555555552,65.83181818181818
24117,2021-09-11 05:30:00,2021-09-11 05:45:00,90.0,86.72381746031745,84.9171666666667,91.21818181818182
24118,2021-09-11 05:45:00,2021-09-11 06:00:00,98.0,98.713380952381,99.61772222222221,99.69545454545455
24119,2021-09-11 06:00:00,2021-09-11 06:15:00,97.0,104.33250000000001,103.73877777777777,107.81818181818181
24120,2021-09-11 06:15:00,2021-09-11 06:30:00,82.0,99.51343650793648,100.7048888888889,104.35454545454546
24121,2021-09-11 06:30:00,2021-09-11 06:45:00,85.0,80.95819841269842,80.6976111111111,91.98181818181818
24122,2021-09-11 06:45:00,2021-09-11 07:00:00,79.0,85.23920634920636,83.82600000000005,90.78181818181818
24123,2021-09-11 07:00:00,2021-09-11 07:15:00,73.0,74.08461111111109,73.07561111111107,81.11818181818182
24124,2021-09-11 07:15:00,2021-09-11 07:30:00,61.0,68.87911111111107,64.87822222222223,72.47272727272727
24125,2021-09-11 07:30:00,2021-09-11 07:45:00,43.0,61.32373015873015,63.68966666666668,55.40909090909091
24126,2021-09-11 07:45:00,2021-09-11 08:00:00,27.0,35.85094444444446,34.30477777777779,31.65
24127,2021-09-11 08:00:00,2021-09-11 08:15:00,23.0,25.02855555555556,25.446777777777786,28.422727272727272
24128,2021-09-11 08:15:00,2021-09-11 08:30:00,23.0,23.177777777777784,23.146944444444454,24.854545454545455
24129,2021-09-11 08:30:00,2021-09-11 08:45:00,23.0,23.705499999999997,23.210444444444445,24.922727272727272
24130,2021-09-11 08:45:00,2021-09-11 09:00:00,22.0,22.75133333333334,22.773833333333336,24.886363636363637
24131,2021-09-11 09:00:00,2021-09-11 09:15:00,23.0,22.777944444444447,23.09644444444444,23.554545454545455
24132,2021-09-11 09:15:00,2021-09-11 09:30:00,22.0,23.5069761904762,23.4596111111111,25.55909090909091
24133,2021-09-11 09:30:00,2021-09-11 09:45:00,23.0,22.342746031746035,22.456722222222222,23.277272727272727
24134,2021-09-11 09:45:00,2021-09-11 10:00:00,23.0,23.744420634920647,23.684388888888883,26.745454545454546
24135,2021-09-11 10:00:00,2021-09-11 10:15:00,22.0,24.25202380952381,23.342944444444434,25.85
24136,2021-09-11 10:15:00,2021-09-11 10:30:00,22.0,23.368222222222233,24.039444444444445,23.09090909090909
24137,2021-09-11 10:30:00,2021-09-11 10:45:00,23.0,23.440907407407416,23.40961111111111,23.663636363636364
24138,2021-09-11 10:45:00,2021-09-11 11:00:00,22.0,25.22822222222223,25.127999999999997,27.113636363636363
24139,2021-09-11 11:00:00,2021-09-11 11:15:00,22.0,23.689444444444437,23.728555555555552,23.35
24140,2021-09-11 11:15:00,2021-09-11 11:30:00,23.0,24.0849417989418,24.021833333333333,23.55909090909091
24141,2021-09-11 11:30:00,2021-09-11 11:45:00,23.0,26.33105555555555,26.144222222222222,27.486363636363638
24142,2021-09-11 11:45:00,2021-09-11 12:00:00,23.0,24.374103174603178,24.389222222222216,26.595454545454544
24143,2021-09-11 12:00:00,2021-09-11 12:15:00,23.0,24.863424603174593,23.999722222222214,27.118181818181817
24144,2021-09-11 12:15:00,2021-09-11 12:30:00,24.0,23.763047619047626,23.42505555555555,26.71818181818182
24145,2021-09-11 12:30:00,2021-09-11 12:45:00,28.0,25.116238095238103,24.842166666666664,28.54090909090909
24146,2021-09-11 12:45:00,2021-09-11 13:00:00,24.0,26.55811111111111,26.550888888888903,27.786363636363635
24147,2021-09-11 13:00:00,2021-09-11 13:15:00,22.0,22.93927777777777,22.791777777777778,26.713636363636365
24148,2021-09-11 13:15:00,2021-09-11 13:30:00,25.0,22.493301587301584,22.475555555555555,22.89090909090909
24149,2021-09-11 13:30:00,2021-09-11 13:45:00,23.0,26.18411111111111,27.169277777777776,28.490909090909092
24150,2021-09-11 13:45:00,2021-09-11 14:00:00,23.0,22.767865079365073,22.836111111111112,27.259090909090908
24151,2021-09-11 14:00:00,2021-09-11 14:15:00,22.0,23.238222222222216,23.67061111111111,28.022727272727273
24152,2021-09-11 14:15:00,2021-09-11 14:30:00,23.0,22.630499999999994,22.51116666666667,23.45
24153,2021-09-11 14:30:00,2021-09-11 14:45:00,24.0,22.6179126984127,22.54061111111112,26.445454545454545
24154,2021-09-11 14:45:00,2021-09-11 15:00:00,23.0,23.836222222222226,23.904888888888898,27.8
24155,2021-09-11 15:00:00,2021-09-11 15:15:00,23.0,23.77588888888889,23.554888888888886,26.5
24156,2021-09-11 15:15:00,2021-09-11 15:30:00,24.0,22.96240476190475,22.889722222222225,25.895454545454545
24157,2021-09-11 15:30:00,2021-09-11 15:45:00,24.0,25.23830555555556,24.93638888888889,28.395454545454545
24158,2021-09-11 15:45:00,2021-09-11 16:00:00,24.0,25.165793650793656,24.83188888888889,28.245454545454546
24159,2021-09-11 16:00:00,2021-09-11 16:15:00,23.0,24.37505555555555,23.997388888888885,28.404545454545456
24160,2021-09-11 16:15:00,2021-09-11 16:30:00,24.0,23.286777777777772,23.50377777777779,26.418181818181818
24161,2021-09-11 16:30:00,2021-09-11 16:45:00,24.0,25.070611111111113,25.07572222222223,28.631818181818183
24162,2021-09-11 16:45:00,2021-09-11 17:00:00,23.0,24.776833333333336,24.63816666666667,28.954545454545453
24163,2021-09-11 17:00:00,2021-09-11 17:15:00,24.0,23.434730158730158,23.443722222222224,26.845454545454544
24164,2021-09-11 17:15:00,2021-09-11 17:30:00,23.0,24.35411111111112,24.39599999999999,29.354545454545455
24165,2021-09-11 17:30:00,2021-09-11 17:45:00,23.0,23.540726190476185,23.469722222222227,26.19090909090909
24166,2021-09-11 17:45:00,2021-09-11 18:00:00,23.0,23.565388888888886,23.88444444444445,25.990909090909092
24167,2021-09-11 18:00:00,2021-09-11 18:15:00,24.0,23.06877777777778,23.40811111111112,24.368181818181817
24168,2021-09-11 18:15:00,2021-09-11 18:30:00,23.0,25.158888888888903,25.228055555555557,24.795454545454547
24169,2021-09-11 18:30:00,2021-09-11 18:45:00,24.0,23.289277777777784,23.50155555555555,23.554545454545455
24170,2021-09-11 18:45:00,2021-09-11 19:00:00,22.0,24.97927777777779,24.817277777777782,24.736363636363638
24171,2021-09-11 19:00:00,2021-09-11 19:15:00,24.0,22.90264472455649,23.232388888888888,22.259090909090908
24172,2021-09-11 19:15:00,2021-09-11 19:30:00,28.0,27.165277777777796,28.89544444444445,25.259090909090908
24173,2021-09-11 19:30:00,2021-09-11 19:45:00,25.0,25.63888888888888,26.27188888888889,25.40909090909091
24174,2021-09-11 19:45:00,2021-09-11 20:00:00,24.0,23.14105555555557,23.09961111111111,22.568181818181817
24175,2021-09-11 20:00:00,2021-09-11 20:15:00,23.0,23.29055555555556,24.17566666666667,23.027272727272727
24176,2021-09-11 20:15:00,2021-09-11 20:30:00,24.0,23.173388888888883,23.185555555555553,23.168181818181818
24177,2021-09-11 20:30:00,2021-09-11 20:45:00,22.0,23.450277777777767,23.41477777777778,23.568181818181817
24178,2021-09-11 20:45:00,2021-09-11 21:00:00,24.0,22.378246031746027,22.515555555555547,22.12727272727273
24179,2021-09-11 21:00:00,2021-09-11 21:15:00,24.0,25.2303888888889,25.93311111111112,25.28181818181818
24180,2021-09-11 21:15:00,2021-09-11 21:30:00,23.0,23.564833333333336,23.773277777777782,24.013636363636362
24181,2021-09-11 21:30:00,2021-09-11 21:45:00,23.0,23.27550793650794,23.306166666666662,24.063636363636363
24182,2021-09-11 21:45:00,2021-09-11 22:00:00,23.0,23.402277777777773,23.364166666666655,23.54090909090909
24183,2021-09-11 22:00:00,2021-09-11 22:15:00,23.0,23.52766666666666,23.87955555555555,23.195454545454545
24184,2021-09-11 22:15:00,2021-09-11 22:30:00,23.0,23.19722222222222,23.46300000000001,23.536363636363635
24185,2021-09-11 22:30:00,2021-09-11 22:45:00,24.0,23.084166666666665,23.511999999999997,23.322727272727274
24186,2021-09-11 22:45:00,2021-09-11 23:00:00,23.0,24.54516666666666,24.538333333333334,25.745454545454546
24187,2021-09-11 23:00:00,2021-09-11 23:15:00,23.0,23.185539682539677,23.530277777777776,23.29090909090909
24188,2021-09-11 23:15:00,2021-09-11 23:30:00,23.0,23.354722222222218,23.25383333333334,22.813636363636363
24189,2021-09-11 23:30:00,2021-09-11 23:45:00,22.0,23.009833333333326,23.08294444444444,23.131818181818183
24190,2021-09-11 23:45:00,2021-09-12 00:00:00,23.0,23.442777777777778,23.963277777777783,22.4
24191,2021-09-12 00:00:00,2021-09-12 00:15:00,23.0,23.35733333333334,24.712777777777777,22.586363636363636
24192,2021-09-12 00:15:00,2021-09-12 00:30:00,23.0,22.944769841269846,23.150444444444453,22.55909090909091
24193,2021-09-12 00:30:00,2021-09-12 00:45:00,23.0,22.959055555555555,23.396555555555548,23.009090909090908
24194,2021-09-12 00:45:00,2021-09-12 01:00:00,22.0,23.04533333333332,23.21672222222222,22.95
24195,2021-09-12 01:00:00,2021-09-12 01:15:00,22.0,23.287206349206365,23.27644444444444,23.136363636363637
24196,2021-09-12 01:15:00,2021-09-12 01:30:00,22.0,23.25945726495727,23.702333333333335,23.12272727272727
24197,2021-09-12 01:30:00,2021-09-12 01:45:00,23.0,22.87894486215539,23.332783625730997,22.618181818181817
24198,2021-09-12 01:45:00,2021-09-12 02:00:00,24.0,24.061992063492056,24.38394444444445,23.45
24199,2021-09-12 02:00:00,2021-09-12 02:15:00,27.0,24.5831111111111,24.91966666666666,25.79090909090909
24200,2021-09-12 02:15:00,2021-09-12 02:30:00,23.0,24.106658730158724,24.042555555555563,23.822727272727274
24201,2021-09-12 02:30:00,2021-09-12 02:45:00,22.0,22.172190476190465,22.267611111111112,22.454545454545453
24202,2021-09-12 02:45:00,2021-09-12 03:00:00,23.0,22.32772222222222,22.388444444444442,22.29090909090909
24203,2021-09-12 03:00:00,2021-09-12 03:15:00,22.0,23.166111111111103,25.16633333333333,22.331818181818182
24204,2021-09-12 03:15:00,2021-09-12 03:30:00,23.0,22.446999999999996,22.463362139917695,22.727272727272727
24205,2021-09-12 03:30:00,2021-09-12 03:45:00,23.0,22.42106349206349,22.2885,23.495454545454546
24206,2021-09-12 03:45:00,2021-09-12 04:00:00,22.0,22.642611111111112,22.457111111111114,23.436363636363637
24207,2021-09-12 04:00:00,2021-09-12 04:15:00,23.0,22.594722222222217,22.484695473251026,22.695454545454545
24208,2021-09-12 04:15:00,2021-09-12 04:30:00,23.0,22.641674603174604,22.54066666666667,22.672727272727272
24209,2021-09-12 04:30:00,2021-09-12 04:45:00,23.0,24.05549999999999,24.387555555555558,23.37272727272727
24210,2021-09-12 04:45:00,2021-09-12 05:00:00,23.0,24.424166666666654,24.27722222222222,23.081818181818182
24211,2021-09-12 05:00:00,2021-09-12 05:15:00,23.0,22.585499999999982,22.671722222222215,22.418181818181818
24212,2021-09-12 05:15:00,2021-09-12 05:30:00,23.0,23.67611111111111,23.324500000000008,22.69090909090909
24213,2021-09-12 05:30:00,2021-09-12 05:45:00,23.0,23.56833333333332,23.194111111111106,22.972727272727273
24214,2021-09-12 05:45:00,2021-09-12 06:00:00,23.0,24.488388888888878,24.374888888888883,24.277272727272727
24215,2021-09-12 06:00:00,2021-09-12 06:15:00,22.0,23.55447619047619,23.430055555555544,23.34090909090909
24216,2021-09-12 06:15:00,2021-09-12 06:30:00,23.0,23.3242037037037,24.297611111111102,22.813636363636363
24217,2021-09-12 06:30:00,2021-09-12 06:45:00,23.0,23.855769841269836,23.69705555555555,23.168181818181818
24218,2021-09-12 06:45:00,2021-09-12 07:00:00,23.0,24.453555555555543,24.24316666666666,23.554545454545455
24219,2021-09-12 07:00:00,2021-09-12 07:15:00,23.0,23.469468253968248,23.30427777777777,23.213636363636365
24220,2021-09-12 07:15:00,2021-09-12 07:30:00,22.0,23.279166666666665,22.777999999999995,23.10909090909091
24221,2021-09-12 07:30:00,2021-09-12 07:45:00,23.0,23.3356746031746,24.28644444444444,23.136363636363637
24222,2021-09-12 07:45:00,2021-09-12 08:00:00,23.0,24.07299206349206,23.91577777777778,24.0
24223,2021-09-12 08:00:00,2021-09-12 08:15:00,28.0,23.979261904761895,23.53977777777777,23.48181818181818
24224,2021-09-12 08:15:00,2021-09-12 08:30:00,25.0,29.813968253968255,28.503999999999998,28.80909090909091
24225,2021-09-12 08:30:00,2021-09-12 08:45:00,23.0,23.311000000000003,22.79411111111111,23.154545454545456
24226,2021-09-12 08:45:00,2021-09-12 09:00:00,23.0,22.510222222222218,22.643388888888882,22.777272727272727
24227,2021-09-12 09:00:00,2021-09-12 09:15:00,24.0,22.725666666666672,23.00444444444444,22.65
24228,2021-09-12 09:15:00,2021-09-12 09:30:00,23.0,23.5655,23.467277777777777,23.881818181818183
24229,2021-09-12 09:30:00,2021-09-12 09:45:00,23.0,22.899027777777768,22.947555555555553,23.595454545454544
24230,2021-09-12 09:45:00,2021-09-12 10:00:00,22.0,22.96685714285714,22.89238888888888,23.972727272727273
24231,2021-09-12 10:00:00,2021-09-12 10:15:00,23.0,22.601555555555567,22.869388888888885,22.240909090909092
24232,2021-09-12 10:15:00,2021-09-12 10:30:00,22.0,23.051436507936508,23.097499999999997,23.727272727272727
24233,2021-09-12 10:30:00,2021-09-12 10:45:00,24.0,22.486777777777785,22.698500000000003,22.354545454545455
24234,2021-09-12 10:45:00,2021-09-12 11:00:00,23.0,26.291833333333336,26.007611111111114,25.213636363636365
24235,2021-09-12 11:00:00,2021-09-12 11:15:00,23.0,23.594547619047624,23.321944444444448,23.78181818181818
24236,2021-09-12 11:15:00,2021-09-12 11:30:00,23.0,23.6565634920635,23.255055555555558,24.118181818181817
24237,2021-09-12 11:30:00,2021-09-12 11:45:00,22.0,23.492857142857147,23.24472222222221,24.327272727272728
24238,2021-09-12 11:45:00,2021-09-12 12:00:00,22.0,23.08340740740741,23.515388888888886,22.495454545454546
24239,2021-09-12 12:00:00,2021-09-12 12:15:00,23.0,23.154555555555557,23.207166666666666,23.15
24240,2021-09-12 12:15:00,2021-09-12 12:30:00,23.0,23.30780952380953,23.35316666666666,23.37272727272727
24241,2021-09-12 12:30:00,2021-09-12 12:45:00,23.0,23.61850793650794,23.782166666666658,23.536363636363635
24242,2021-09-12 12:45:00,2021-09-12 13:00:00,22.0,24.6971507936508,24.11744444444443,25.95909090909091
24243,2021-09-12 13:00:00,2021-09-12 13:15:00,23.0,23.171460317460305,23.663444444444448,22.763636363636362
24244,2021-09-12 13:15:00,2021-09-12 13:30:00,23.0,23.518912698412695,23.432444444444446,23.463636363636365
24245,2021-09-12 13:30:00,2021-09-12 13:45:00,23.0,23.435968253968248,24.024333333333335,23.754545454545454
24246,2021-09-12 13:45:00,2021-09-12 14:00:00,23.0,24.58059523809524,24.397666666666662,24.822727272727274
24247,2021-09-12 14:00:00,2021-09-12 14:15:00,22.0,24.44222222222221,24.346944444444436,23.813636363636363
24248,2021-09-12 14:15:00,2021-09-12 14:30:00,23.0,23.16231481481481,23.99138888888889,22.927272727272726
24249,2021-09-12 14:30:00,2021-09-12 14:45:00,27.0,23.000888888888884,23.006499999999996,23.736363636363638
24250,2021-09-12 14:45:00,2021-09-12 15:00:00,28.0,26.194896825396842,25.97283333333334,25.84090909090909
24251,2021-09-12 15:00:00,2021-09-12 15:15:00,23.0,24.26138888888889,24.06849999999999,24.004545454545454
24252,2021-09-12 15:15:00,2021-09-12 15:30:00,24.0,22.650920634920627,22.709055555555548,22.80909090909091
24253,2021-09-12 15:30:00,2021-09-12 15:45:00,23.0,23.5556111111111,23.55877777777778,23.695454545454545
24254,2021-09-12 15:45:00,2021-09-12 16:00:00,23.0,22.903694444444454,22.91988888888889,23.60909090909091
24255,2021-09-12 16:00:00,2021-09-12 16:15:00,23.0,22.79849999999999,23.201777777777775,22.6
24256,2021-09-12 16:15:00,2021-09-12 16:30:00,24.0,22.625166666666665,22.74472222222222,22.654545454545456
24257,2021-09-12 16:30:00,2021-09-12 16:45:00,24.0,23.833944444444455,23.74277777777778,25.422727272727272
24258,2021-09-12 16:45:00,2021-09-12 17:00:00,23.0,23.560777777777787,23.60544444444445,24.368181818181817
24259,2021-09-12 17:00:00,2021-09-12 17:15:00,23.0,22.93916666666667,23.25983333333333,23.077272727272728
24260,2021-09-12 17:15:00,2021-09-12 17:30:00,23.0,23.2234484126984,23.048444444444453,22.677272727272726
24261,2021-09-12 17:30:00,2021-09-12 17:45:00,23.0,23.38555952380952,23.740333333333332,23.063636363636363
24262,2021-09-12 17:45:00,2021-09-12 18:00:00,23.0,23.285365079365068,23.634222222222224,22.80909090909091
24263,2021-09-12 18:00:00,2021-09-12 18:15:00,23.0,22.92911904761905,23.291277777777776,22.827272727272728
24264,2021-09-12 18:15:00,2021-09-12 18:30:00,22.0,23.055031746031734,22.99705555555556,22.79090909090909
24265,2021-09-12 18:30:00,2021-09-12 18:45:00,24.0,22.98622222222222,23.172222222222224,22.80909090909091
24266,2021-09-12 18:45:00,2021-09-12 19:00:00,23.0,25.371444444444453,25.369166666666676,24.35909090909091
24267,2021-09-12 19:00:00,2021-09-12 19:15:00,22.0,22.818476190476193,23.303388888888886,23.004545454545454
24268,2021-09-12 19:15:00,2021-09-12 19:30:00,23.0,23.05472222222222,23.685999999999996,23.422727272727272
24269,2021-09-12 19:30:00,2021-09-12 19:45:00,23.0,24.02893650793649,24.06199999999999,23.763636363636362
24270,2021-09-12 19:45:00,2021-09-12 20:00:00,24.0,23.39596825396825,23.94483333333333,22.904545454545456
24271,2021-09-12 20:00:00,2021-09-12 20:15:00,23.0,24.847499999999997,25.259166666666665,25.695454545454545
24272,2021-09-12 20:15:00,2021-09-12 20:30:00,23.0,22.999722222222214,22.819055555555554,23.37727272727273
24273,2021-09-12 20:30:00,2021-09-12 20:45:00,24.0,23.182055555555543,23.127611111111108,23.677272727272726
24274,2021-09-12 20:45:00,2021-09-12 21:00:00,23.0,24.689333333333344,24.67333333333334,24.53181818181818
24275,2021-09-12 21:00:00,2021-09-12 21:15:00,23.0,23.118444444444453,24.051111111111112,23.46818181818182
24276,2021-09-12 21:15:00,2021-09-12 21:30:00,24.0,23.25533333333333,23.489777777777775,23.30909090909091
24277,2021-09-12 21:30:00,2021-09-12 21:45:00,25.0,24.80775793650794,24.46333333333333,24.822727272727274
24278,2021-09-12 21:45:00,2021-09-12 22:00:00,28.0,24.648380952380965,25.979000000000003,24.65909090909091
24279,2021-09-12 22:00:00,2021-09-12 22:15:00,22.0,25.11933333333333,24.859722222222224,24.595454545454544
24280,2021-09-12 22:15:00,2021-09-12 22:30:00,24.0,22.374333333333333,22.460999999999995,22.3
24281,2021-09-12 22:30:00,2021-09-12 22:45:00,23.0,24.459222222222227,25.415944444444442,24.054545454545455
24282,2021-09-12 22:45:00,2021-09-12 23:00:00,23.0,22.934833333333337,23.124611111111104,22.918181818181818
24283,2021-09-12 23:00:00,2021-09-12 23:15:00,24.0,23.226373015873016,24.69938888888889,23.03181818181818
24284,2021-09-12 23:15:00,2021-09-12 23:30:00,22.0,23.83894444444444,23.81238888888889,24.336363636363636
24285,2021-09-12 23:30:00,2021-09-12 23:45:00,22.0,22.538055555555555,22.65727777777778,22.20909090909091
24286,2021-09-12 23:45:00,2021-09-13 00:00:00,23.0,22.474039682539672,22.473166666666657,22.79090909090909
24287,2021-09-13 00:00:00,2021-09-13 00:15:00,23.0,27.541611111111095,24.94900000000001,23.227272727272727
24288,2021-09-13 00:15:00,2021-09-13 00:30:00,23.0,23.187103174603177,23.748166666666673,22.772727272727273
24289,2021-09-13 00:30:00,2021-09-13 00:45:00,22.0,22.76344444444444,23.100888888888885,23.25
24290,2021-09-13 00:45:00,2021-09-13 01:00:00,23.0,22.886539682539684,22.845555555555553,23.20909090909091
24291,2021-09-13 01:00:00,2021-09-13 01:15:00,22.0,23.143888888888878,23.877722222222218,23.513636363636362
24292,2021-09-13 01:15:00,2021-09-13 01:30:00,22.0,22.980444444444426,22.955000000000016,22.62272727272727
24293,2021-09-13 01:30:00,2021-09-13 01:45:00,23.0,23.191777777777776,23.253388888888892,22.59090909090909
24294,2021-09-13 01:45:00,2021-09-13 02:00:00,23.0,23.172111111111107,23.06083333333334,23.713636363636365
24295,2021-09-13 02:00:00,2021-09-13 02:15:00,23.0,22.768365079365072,23.31238888888888,23.604545454545455
24296,2021-09-13 02:15:00,2021-09-13 02:30:00,23.0,22.45777777777777,22.481833333333327,23.37272727272727
24297,2021-09-13 02:30:00,2021-09-13 02:45:00,22.0,22.648888888888877,23.032666666666657,23.368181818181817
24298,2021-09-13 02:45:00,2021-09-13 03:00:00,23.0,23.442055555555545,23.61705555555556,23.327272727272728
24299,2021-09-13 03:00:00,2021-09-13 03:15:00,23.0,23.022944444444438,23.56511111111111,23.272727272727273
24300,2021-09-13 03:15:00,2021-09-13 03:30:00,23.0,23.150055555555554,23.669055555555556,23.354545454545455
24301,2021-09-13 03:30:00,2021-09-13 03:45:00,23.0,23.096444444444433,23.488333333333323,23.327272727272728
24302,2021-09-13 03:45:00,2021-09-13 04:00:00,25.0,22.891722222222207,23.36555555555555,23.51818181818182
24303,2021-09-13 04:00:00,2021-09-13 04:15:00,28.0,28.473222222222248,28.64555555555556,26.863636363636363
24304,2021-09-13 04:15:00,2021-09-13 04:30:00,23.0,25.313166666666678,24.02672222222223,26.222727272727273
24305,2021-09-13 04:30:00,2021-09-13 04:45:00,23.0,22.318888888888885,22.402111111111108,22.46818181818182
24306,2021-09-13 04:45:00,2021-09-13 05:00:00,23.0,22.560388888888873,22.613888888888884,22.94090909090909
24307,2021-09-13 05:00:00,2021-09-13 05:15:00,23.0,23.08449999999999,23.265555555555554,22.881818181818183
24308,2021-09-13 05:15:00,2021-09-13 05:30:00,23.0,22.53799999999999,22.417499999999993,23.55909090909091
24309,2021-09-13 05:30:00,2021-09-13 05:45:00,23.0,22.77633333333332,22.578111111111106,23.581818181818182
24310,2021-09-13 05:45:00,2021-09-13 06:00:00,22.0,23.185499999999983,22.88955555555555,24.818181818181817
24311,2021-09-13 06:00:00,2021-09-13 06:15:00,23.0,22.92,22.79466666666667,22.85909090909091
24312,2021-09-13 06:15:00,2021-09-13 06:30:00,23.0,23.6286746031746,22.750611111111112,24.581818181818182
24313,2021-09-13 06:30:00,2021-09-13 06:45:00,22.0,24.2551111111111,24.24333333333333,24.15
24314,2021-09-13 06:45:00,2021-09-13 07:00:00,24.0,22.901166666666658,23.166999999999994,23.472727272727273
24315,2021-09-13 07:00:00,2021-09-13 07:15:00,24.0,27.981833333333356,26.44155555555555,28.204545454545453
24316,2021-09-13 07:15:00,2021-09-13 07:30:00,40.0,26.59316666666668,24.87983333333334,33.78636363636364
24317,2021-09-13 07:30:00,2021-09-13 07:45:00,78.0,68.02422222222218,67.8762777777778,69.3
24318,2021-09-13 07:45:00,2021-09-13 08:00:00,111.0,107.81372222222228,105.51883333333335,99.61363636363636
24319,2021-09-13 08:00:00,2021-09-13 08:15:00,166.0,149.99327777777785,145.5012777777778,153.3909090909091
24320,2021-09-13 08:15:00,2021-09-13 08:30:00,186.0,181.5400158730158,180.7102222222221,179.1681818181818
24321,2021-09-13 08:30:00,2021-09-13 08:45:00,191.0,184.88383333333326,185.10883333333328,187.47272727272727
24322,2021-09-13 08:45:00,2021-09-13 09:00:00,196.0,197.04761111111102,196.40877777777783,196.35454545454544
24323,2021-09-13 09:00:00,2021-09-13 09:15:00,187.0,181.59999999999997,183.60638888888892,181.4
24324,2021-09-13 09:15:00,2021-09-13 09:30:00,188.0,180.91755555555557,180.8332777777778,177.04090909090908
24325,2021-09-13 09:30:00,2021-09-13 09:45:00,182.0,180.50905555555562,181.28438888888897,178.15
24326,2021-09-13 09:45:00,2021-09-13 10:00:00,173.0,179.6055,177.9922222222222,179.60454545454544
24327,2021-09-13 10:00:00,2021-09-13 10:15:00,156.0,142.08972222222232,141.77327777777774,150.6909090909091
24328,2021-09-13 10:15:00,2021-09-13 10:30:00,186.0,176.03233333333333,175.82572222222214,174.1590909090909
24329,2021-09-13 10:30:00,2021-09-13 10:45:00,189.0,183.01166666666666,182.60650000000004,183.90454545454546
24330,2021-09-13 10:45:00,2021-09-13 11:00:00,177.0,181.22827777777772,181.4837777777778,183.13636363636363
24331,2021-09-13 11:00:00,2021-09-13 11:15:00,178.0,171.28955555555567,167.74766666666665,173.39545454545456
24332,2021-09-13 11:15:00,2021-09-13 11:30:00,177.0,176.85899999999995,175.80822222222216,175.54090909090908
24333,2021-09-13 11:30:00,2021-09-13 11:45:00,181.0,177.0713888888889,176.8616111111111,175.99545454545455
24334,2021-09-13 11:45:00,2021-09-13 12:00:00,191.0,172.95100000000002,172.84272222222216,173.18636363636364
24335,2021-09-13 12:00:00,2021-09-13 12:15:00,130.0,131.40611111111102,139.24133333333322,128.53181818181818
24336,2021-09-13 12:15:00,2021-09-13 12:30:00,106.0,106.35399999999998,109.3799444444444,107.32727272727273
24337,2021-09-13 12:30:00,2021-09-13 12:45:00,103.0,99.5479999999999,99.97727777777766,99.7090909090909
24338,2021-09-13 12:45:00,2021-09-13 13:00:00,129.0,129.43250000000003,129.86738888888894,129.59545454545454
24339,2021-09-13 13:00:00,2021-09-13 13:15:00,173.0,171.86194444444445,173.067388888889,167.61818181818182
24340,2021-09-13 13:15:00,2021-09-13 13:30:00,183.0,182.9349444444444,184.57561111111104,177.21818181818182
24341,2021-09-13 13:30:00,2021-09-13 13:45:00,191.0,181.21794444444447,181.02433333333332,180.78636363636363
24342,2021-09-13 13:45:00,2021-09-13 14:00:00,188.0,189.9678888888889,189.37677777777782,187.79090909090908
24343,2021-09-13 14:00:00,2021-09-13 14:15:00,177.0,179.26655555555544,178.60516666666646,177.48636363636365
24344,2021-09-13 14:15:00,2021-09-13 14:30:00,182.0,172.49055555555555,172.93105555555553,173.85
24345,2021-09-13 14:30:00,2021-09-13 14:45:00,178.0,179.7216666666666,179.47350000000003,183.29545454545453
24346,2021-09-13 14:45:00,2021-09-13 15:00:00,182.0,180.8948888888889,181.155,176.29090909090908
24347,2021-09-13 15:00:00,2021-09-13 15:15:00,158.0,147.58488888888897,148.02516666666662,145.63181818181818
24348,2021-09-13 15:15:00,2021-09-13 15:30:00,177.0,174.38639682539682,175.42594444444444,170.6090909090909
24349,2021-09-13 15:30:00,2021-09-13 15:45:00,169.0,180.2420555555555,179.72555555555556,180.10454545454544
24350,2021-09-13 15:45:00,2021-09-13 16:00:00,166.0,170.29083333333332,170.10083333333333,168.87727272727273
24351,2021-09-13 16:00:00,2021-09-13 16:15:00,167.0,154.4601666666667,161.71233333333325,155.66363636363636
24352,2021-09-13 16:15:00,2021-09-13 16:30:00,167.0,165.59783333333328,166.65877777777777,162.60454545454544
24353,2021-09-13 16:30:00,2021-09-13 16:45:00,182.0,164.42083333333338,163.62033333333338,160.8181818181818
24354,2021-09-13 16:45:00,2021-09-13 17:00:00,182.0,168.66433333333336,171.4912222222222,161.98181818181817
24355,2021-09-13 17:00:00,2021-09-13 17:15:00,122.0,131.8900555555556,135.93394444444448,132.1
24356,2021-09-13 17:15:00,2021-09-13 17:30:00,98.0,114.89099999999996,113.91322222222222,114.73636363636363
24357,2021-09-13 17:30:00,2021-09-13 17:45:00,149.0,143.6316984126984,138.71166666666667,145.83636363636364
24358,2021-09-13 17:45:00,2021-09-13 18:00:00,160.0,164.28455555555558,163.76983333333337,159.73181818181817
24359,2021-09-13 18:00:00,2021-09-13 18:15:00,162.0,162.3601111111111,161.7266111111111,156.04090909090908
24360,2021-09-13 18:15:00,2021-09-13 18:30:00,146.0,157.97400000000007,158.61605555555553,151.84545454545454
24361,2021-09-13 18:30:00,2021-09-13 18:45:00,135.0,144.6763333333333,143.99794444444439,147.21818181818182
24362,2021-09-13 18:45:00,2021-09-13 19:00:00,136.0,135.9713888888889,135.35694444444442,136.20909090909092
24363,2021-09-13 19:00:00,2021-09-13 19:15:00,162.0,133.34050000000008,134.9993888888889,133.55454545454546
24364,2021-09-13 19:15:00,2021-09-13 19:30:00,160.0,153.97088888888885,153.35255555555554,150.38636363636363
24365,2021-09-13 19:30:00,2021-09-13 19:45:00,148.0,155.0492222222222,154.73877777777778,152.64545454545456
24366,2021-09-13 19:45:00,2021-09-13 20:00:00,122.0,130.59761111111106,133.71155555555555,123.57727272727273
24367,2021-09-13 20:00:00,2021-09-13 20:15:00,113.0,113.30250000000002,115.65394444444445,111.78636363636363
24368,2021-09-13 20:15:00,2021-09-13 20:30:00,122.0,118.70083333333336,119.57755555555555,119.99090909090908
24369,2021-09-13 20:30:00,2021-09-13 20:45:00,122.0,121.29383333333337,120.50238888888892,122.05909090909091
24370,2021-09-13 20:45:00,2021-09-13 21:00:00,126.0,122.00055555555555,120.67116666666669,123.68636363636364
24371,2021-09-13 21:00:00,2021-09-13 21:15:00,122.0,120.58666666666669,120.89994444444446,125.14545454545454
24372,2021-09-13 21:15:00,2021-09-13 21:30:00,131.0,124.0380555555556,123.73427777777778,124.31363636363636
24373,2021-09-13 21:30:00,2021-09-13 21:45:00,122.0,127.02572222222223,127.05133333333333,126.36363636363636
24374,2021-09-13 21:45:00,2021-09-13 22:00:00,115.0,119.26866666666662,118.48938888888887,118.88636363636364
24375,2021-09-13 22:00:00,2021-09-13 22:15:00,97.0,99.56466666666671,101.1405,105.17727272727272
24376,2021-09-13 22:15:00,2021-09-13 22:30:00,108.0,108.70877777777775,109.02227777777779,110.1
24377,2021-09-13 22:30:00,2021-09-13 22:45:00,122.0,110.97372222222218,109.97566666666665,109.10909090909091
24378,2021-09-13 22:45:00,2021-09-13 23:00:00,113.0,120.62211111111111,120.55527777777779,119.01363636363637
24379,2021-09-13 23:00:00,2021-09-13 23:15:00,111.0,106.93688888888893,104.68866666666665,109.30454545454545
24380,2021-09-13 23:15:00,2021-09-13 23:30:00,123.0,110.20244444444448,109.5996111111111,109.25454545454545
24381,2021-09-13 23:30:00,2021-09-13 23:45:00,110.0,117.34344444444442,120.97311111111111,116.92727272727272
24382,2021-09-13 23:45:00,2021-09-14 00:00:00,87.0,84.32927777777775,85.57550000000003,83.4
24383,2021-09-14 00:00:00,2021-09-14 00:15:00,72.0,73.27,73.09950000000002,72.77727272727273
24384,2021-09-14 00:15:00,2021-09-14 00:30:00,70.0,69.94927777777777,70.32633333333334,70.1590909090909
24385,2021-09-14 00:30:00,2021-09-14 00:45:00,70.0,69.04938888888891,68.9252222222222,69.89545454545454
24386,2021-09-14 00:45:00,2021-09-14 01:00:00,67.0,69.47016666666666,68.76427777777776,69.69545454545455
24387,2021-09-14 01:00:00,2021-09-14 01:15:00,98.0,94.36888888888888,94.18972222222223,94.99090909090908
24388,2021-09-14 01:15:00,2021-09-14 01:30:00,116.0,107.20544444444445,107.84422222222223,105.61363636363636
24389,2021-09-14 01:30:00,2021-09-14 01:45:00,113.0,116.78472222222226,116.88411111111112,115.69545454545455
24390,2021-09-14 01:45:00,2021-09-14 02:00:00,113.0,112.47255555555554,112.13461111111103,112.41363636363636
24391,2021-09-14 02:00:00,2021-09-14 02:15:00,115.0,111.72877777777775,111.96038888888884,113.38181818181818
24392,2021-09-14 02:15:00,2021-09-14 02:30:00,111.0,115.3177222222222,115.88716666666664,112.6
24393,2021-09-14 02:30:00,2021-09-14 02:45:00,110.0,109.05772222222222,109.86538888888884,108.96363636363637
24394,2021-09-14 02:45:00,2021-09-14 03:00:00,110.0,109.02177777777776,109.02016666666667,108.88636363636364
24395,2021-09-14 03:00:00,2021-09-14 03:15:00,97.0,96.73633333333336,99.12944444444442,98.0
24396,2021-09-14 03:15:00,2021-09-14 03:30:00,105.0,107.97716666666663,106.93600000000002,107.47272727272727
24397,2021-09-14 03:30:00,2021-09-14 03:45:00,103.0,105.9085,106.05633333333334,105.57727272727273
24398,2021-09-14 03:45:00,2021-09-14 04:00:00,114.0,105.7346666666667,103.98237301587304,104.97272727272727
24399,2021-09-14 04:00:00,2021-09-14 04:15:00,114.0,106.99411111111108,107.60550000000002,104.01818181818182
24400,2021-09-14 04:15:00,2021-09-14 04:30:00,115.0,111.13327777777774,111.19699999999997,110.98181818181818
24401,2021-09-14 04:30:00,2021-09-14 04:45:00,110.0,111.19877777777772,110.88416666666667,111.17727272727272
24402,2021-09-14 04:45:00,2021-09-14 05:00:00,105.0,105.56294444444441,106.88416666666663,105.35454545454546
24403,2021-09-14 05:00:00,2021-09-14 05:15:00,84.0,85.6105,87.14766666666667,86.17727272727272
24404,2021-09-14 05:15:00,2021-09-14 05:30:00,74.0,76.51099206349205,77.65466666666669,76.50909090909092
24405,2021-09-14 05:30:00,2021-09-14 05:45:00,100.0,97.81816666666664,96.96388888888887,94.53181818181818
24406,2021-09-14 05:45:00,2021-09-14 06:00:00,115.0,109.2102222222222,109.17427777777776,109.33181818181818
24407,2021-09-14 06:00:00,2021-09-14 06:15:00,111.0,112.0317777777778,115.1075,111.14545454545454
24408,2021-09-14 06:15:00,2021-09-14 06:30:00,109.0,109.60966666666664,110.10616666666671,109.71818181818182
24409,2021-09-14 06:30:00,2021-09-14 06:45:00,100.0,108.76238888888892,109.55800000000005,108.82727272727273
24410,2021-09-14 06:45:00,2021-09-14 07:00:00,112.0,100.7859444444444,100.7751111111111,107.02272727272727
24411,2021-09-14 07:00:00,2021-09-14 07:15:00,115.0,109.59157936507938,110.58494444444443,112.68636363636364
24412,2021-09-14 07:15:00,2021-09-14 07:30:00,134.0,125.14966666666658,127.76444444444448,125.75454545454545
24413,2021-09-14 07:30:00,2021-09-14 07:45:00,155.0,152.75305555555553,150.19461111111116,151.81363636363636
24414,2021-09-14 07:45:00,2021-09-14 08:00:00,156.0,153.4687777777778,154.3188888888889,152.39545454545456
24415,2021-09-14 08:00:00,2021-09-14 08:15:00,162.0,166.9108333333334,166.02633333333338,166.23636363636365
24416,2021-09-14 08:15:00,2021-09-14 08:30:00,176.0,170.42850000000004,169.96827777777776,167.05454545454546
24417,2021-09-14 08:30:00,2021-09-14 08:45:00,184.0,171.15588888888877,172.36650000000003,169.48181818181817
24418,2021-09-14 08:45:00,2021-09-14 09:00:00,172.0,181.98488888888883,181.82827777777788,180.54090909090908
24419,2021-09-14 09:00:00,2021-09-14 09:15:00,162.0,168.0242222222222,166.03733333333338,169.6818181818182
24420,2021-09-14 09:15:00,2021-09-14 09:30:00,160.0,166.60016666666664,166.7355000000001,165.62272727272727
24421,2021-09-14 09:30:00,2021-09-14 09:45:00,163.0,168.4743333333333,168.84983333333335,163.49545454545455
24422,2021-09-14 09:45:00,2021-09-14 10:00:00,178.0,166.05269841269842,166.5100000000001,166.22727272727272
24423,2021-09-14 10:00:00,2021-09-14 10:15:00,143.0,135.0340000000001,139.5171111111111,144.35454545454544
24424,2021-09-14 10:15:00,2021-09-14 10:30:00,155.0,170.3864444444445,170.81461111111113,166.1909090909091
24425,2021-09-14 10:30:00,2021-09-14 10:45:00,161.0,168.02452380952383,167.21200000000002,162.51818181818183
24426,2021-09-14 10:45:00,2021-09-14 11:00:00,150.0,166.43649572649576,166.45583333333335,164.00454545454545
24427,2021-09-14 11:00:00,2021-09-14 11:15:00,155.0,139.03322222222224,136.0224444444445,153.84545454545454
24428,2021-09-14 11:15:00,2021-09-14 11:30:00,164.0,161.80283333333335,161.2808888888889,157.65454545454546
24429,2021-09-14 11:30:00,2021-09-14 11:45:00,180.0,166.15946581196584,166.66394444444444,165.48636363636365
24430,2021-09-14 11:45:00,2021-09-14 12:00:00,180.0,174.6374444444444,173.18911111111106,172.63181818181818
24431,2021-09-14 12:00:00,2021-09-14 12:15:00,135.0,129.60277777777776,138.84061111111114,120.56818181818181
24432,2021-09-14 12:15:00,2021-09-14 12:30:00,111.0,130.70227777777777,138.41555555555556,112.34545454545454
24433,2021-09-14 12:30:00,2021-09-14 12:45:00,103.0,102.29911111111117,108.88866666666667,103.86363636363636
24434,2021-09-14 12:45:00,2021-09-14 13:00:00,123.0,129.4982777777778,128.96094444444444,129.37727272727273
24435,2021-09-14 13:00:00,2021-09-14 13:15:00,149.0,160.545,157.99972222222226,164.64545454545456
24436,2021-09-14 13:15:00,2021-09-14 13:30:00,165.0,159.07461111111104,158.05411111111113,160.4227272727273
24437,2021-09-14 13:30:00,2021-09-14 13:45:00,165.0,169.21394444444448,168.97494444444445,173.1818181818182
24438,2021-09-14 13:45:00,2021-09-14 14:00:00,173.0,164.89544444444437,165.39049999999997,163.36363636363637
24439,2021-09-14 14:00:00,2021-09-14 14:15:00,161.0,162.89627777777778,163.83288888888896,167.1727272727273
24440,2021-09-14 14:15:00,2021-09-14 14:30:00,162.0,162.60697619047616,163.12172222222213,162.53181818181818
24441,2021-09-14 14:30:00,2021-09-14 14:45:00,154.0,164.11344444444447,163.7802777777778,164.37727272727273
24442,2021-09-14 14:45:00,2021-09-14 15:00:00,156.0,160.1577222222221,160.14877777777772,158.89545454545456
24443,2021-09-14 15:00:00,2021-09-14 15:15:00,132.0,124.92218253968262,125.4766111111111,147.24545454545455
24444,2021-09-14 15:15:00,2021-09-14 15:30:00,169.0,157.73711111111112,154.0275,161.83636363636364
24445,2021-09-14 15:30:00,2021-09-14 15:45:00,175.0,166.31111111111102,166.6172222222222,166.5818181818182
24446,2021-09-14 15:45:00,2021-09-14 16:00:00,168.0,163.5079841269841,164.91316666666674,165.6681818181818
24447,2021-09-14 16:00:00,2021-09-14 16:15:00,164.0,158.58988888888882,157.65066666666667,161.06363636363636
24448,2021-09-14 16:15:00,2021-09-14 16:30:00,165.0,161.251111111111,162.12394444444445,162.62727272727273
24449,2021-09-14 16:30:00,2021-09-14 16:45:00,156.0,162.28311111111108,162.8982777777778,163.78636363636363
24450,2021-09-14 16:45:00,2021-09-14 17:00:00,153.0,156.3718888888888,157.79333333333335,161.01363636363635
24451,2021-09-14 17:00:00,2021-09-14 17:15:00,117.0,119.00305555555552,117.34066666666666,121.16363636363636
24452,2021-09-14 17:15:00,2021-09-14 17:30:00,94.0,106.85866666666668,106.5861666666667,109.65
24453,2021-09-14 17:30:00,2021-09-14 17:45:00,133.0,137.58322222222222,133.27527777777772,140.47727272727272
24454,2021-09-14 17:45:00,2021-09-14 18:00:00,146.0,151.6727222222221,150.47933333333333,154.91363636363636
24455,2021-09-14 18:00:00,2021-09-14 18:15:00,158.0,141.76583333333335,141.21094444444452,145.94545454545454
24456,2021-09-14 18:15:00,2021-09-14 18:30:00,164.0,154.68405555555555,154.82377777777774,155.53181818181818
24457,2021-09-14 18:30:00,2021-09-14 18:45:00,147.0,159.2048888888889,158.4168333333334,159.76363636363635
24458,2021-09-14 18:45:00,2021-09-14 19:00:00,163.0,150.14649999999997,148.49766666666673,144.46818181818182
24459,2021-09-14 19:00:00,2021-09-14 19:15:00,152.0,154.16083333333333,153.44938888888885,157.21363636363637
24460,2021-09-14 19:15:00,2021-09-14 19:30:00,151.0,145.02944444444447,144.08488888888888,146.84545454545454
24461,2021-09-14 19:30:00,2021-09-14 19:45:00,171.0,148.41676984126983,148.19683333333333,152.85
24462,2021-09-14 19:45:00,2021-09-14 20:00:00,139.0,147.44327777777778,149.26299999999998,153.48636363636365
24463,2021-09-14 20:00:00,2021-09-14 20:15:00,124.0,127.58269047619056,127.12944444444446,128.98181818181817
24464,2021-09-14 20:15:00,2021-09-14 20:30:00,130.0,126.49983333333334,126.54972222222224,124.92727272727272
24465,2021-09-14 20:30:00,2021-09-14 20:45:00,128.0,128.75588888888885,128.1492777777778,131.6727272727273
24466,2021-09-14 20:45:00,2021-09-14 21:00:00,130.0,126.23338888888888,128.16694444444443,126.9090909090909
24467,2021-09-14 21:00:00,2021-09-14 21:15:00,134.0,124.62694444444448,124.44866666666664,125.57272727272728
24468,2021-09-14 21:15:00,2021-09-14 21:30:00,130.0,127.05227777777777,126.73916666666662,128.04090909090908
24469,2021-09-14 21:30:00,2021-09-14 21:45:00,125.0,126.55094444444443,126.57405555555553,125.71818181818182
24470,2021-09-14 21:45:00,2021-09-14 22:00:00,124.0,121.79988888888894,121.11177777777777,122.54545454545455
24471,2021-09-14 22:00:00,2021-09-14 22:15:00,100.0,109.46366666666664,110.88666666666667,106.66363636363636
24472,2021-09-14 22:15:00,2021-09-14 22:30:00,109.0,114.76011111111116,113.5976111111111,116.06363636363636
24473,2021-09-14 22:30:00,2021-09-14 22:45:00,120.0,114.24394444444445,113.74511111111109,114.96363636363637
24474,2021-09-14 22:45:00,2021-09-14 23:00:00,114.0,118.47874603174603,118.439,117.28181818181818
24475,2021-09-14 23:00:00,2021-09-14 23:15:00,117.0,109.29477777777782,107.48250000000002,111.96818181818182
24476,2021-09-14 23:15:00,2021-09-14 23:30:00,119.0,116.09796825396826,115.7005555555555,114.69545454545455
24477,2021-09-14 23:30:00,2021-09-14 23:45:00,112.0,110.89949999999995,113.25172222222216,112.80454545454545
24478,2021-09-14 23:45:00,2021-09-15 00:00:00,91.0,89.57783333333336,91.55522222222221,89.5909090909091
